warning: Git tree '/home/chetan/nixdot' is dirty
copying path '/nix/store/wmxxiargs3lsjcfh7w01vi5pq7zmh658-source' from 'https://cache.nixos.org'...
these 46 paths will be fetched (64.44 MiB download, 204.43 MiB unpacked):
  /nix/store/mrvl2wb00cxdbp68ja94ydw3cc8jbvik-aws-c-auth-0.9.1
  /nix/store/nj0bggdnc3lb5vnnr0y6s04xz24gfi7f-aws-c-cal-0.9.2
  /nix/store/q4r5an0l3p32b0idhhnqsnxibfhkmrr1-aws-c-common-0.12.4
  /nix/store/7mf304gpbyw54m11pjvscbjif21ggzdn-aws-c-compression-0.3.1
  /nix/store/cjyr0g84h3948zaaxql0p5vnadxsgbdl-aws-c-event-stream-0.5.7
  /nix/store/v8cpwr36769wszzi1j28xqgn2clvb9hs-aws-c-http-0.10.4
  /nix/store/33qn65idbn06p18ms5c6gy1ywv0ddsp5-aws-c-io-0.22.0
  /nix/store/2677y91n9lbabyrqyay8ffb2mjqjik0i-aws-c-mqtt-0.13.3
  /nix/store/l4x6bj0296s13skl4b9crll36svhqp14-aws-c-s3-0.8.7
  /nix/store/lh9gi204p80jx8281bc202j3jg9r56dv-aws-c-sdkutils-0.2.4
  /nix/store/km5l772my9z7j7haxdrm6hpa52jknnwx-aws-checksums-0.2.7
  /nix/store/agn116lan9vkc5gvnvs30zrnykvgdq67-aws-crt-cpp-0.34.3
  /nix/store/cz4rf4568xi6sd63yjqrsln5xamcnafy-aws-sdk-cpp-1.11.647
  /nix/store/q8lxdd4c7rj97kd3w92n70kqdr49s6v3-boehm-gc-8.2.8
  /nix/store/2izjh733byjickw9719nnkckxd63ghpm-boost-1.87.0
  /nix/store/m3dxfi2gq218pw8h73al024f6r69a5mj-busybox-1.37.0
  /nix/store/64a1rvdxzqnbyvn55w537p8zsr2lrv7p-editline-1.17.1-unstable-2025-05-24
  /nix/store/4dacmvrkh5zyj3v7gbmv5hchnkcb2qhj-gdbm-1.26-lib
  /nix/store/sy4dflf9clk1lnp3xdqfsdinb899k6g8-hwloc-2.12.2-lib
  /nix/store/q34rjcffjcmhbnsx8nd6w0i2xamz66i3-icu4c-76.1
  /nix/store/dl74hiicwsr3b9ci8ssmqzr92vd4r2nm-libarchive-3.8.4-lib
  /nix/store/bc4wvkbw119gfby5if2z6yq3w51shgq9-libblake3-1.8.2
  /nix/store/llar6n9gqmvy629y4rhhw572rbq8v3ra-libcpuid-0.8.1
  /nix/store/s644cyhhkg9zjgk924ap5wwr96jn71d3-libffi-3.5.2
  /nix/store/h3q8dijig03n22q4gh338y7vwniy25ay-libgit2-1.9.2-lib
  /nix/store/w4p8q8lyvy8469bl0g152c3blgm5f558-libseccomp-2.6.0-lib
  /nix/store/pgc8rn7d8pv9ssr87r6783bcir8rfqpc-libsodium-1.0.20-unstable-2025-12-31
  /nix/store/81cfgyhfaadhh0vs4nf74yhcclgbav87-libxml2-2.15.1
  /nix/store/8kwysbrm9zrfcsfbix7hkjj72r5kgiwv-llhttp-9.3.0
  /nix/store/bs0ls3jy3krsjfwz0vawmff0cv1zk4ix-lowdown-2.0.4-lib
  /nix/store/x2bvs20lq9vzf1p6y5k4brdabkw3z3pl-mpdecimal-4.0.1
  /nix/store/19dj15n85pzc50xd5fk2f7y2vcbzql4p-nix-2.31.3
  /nix/store/vfgzadk2clbi922nixidc7w2hf9na4dz-nix-2.31.3
  /nix/store/72gahd59q4vd48v64axqan0bx8k3avi5-nix-cmd-2.31.3
  /nix/store/5h6awwzxp93zmzbfrb12bi1ds0n499yv-nix-expr-2.31.3
  /nix/store/hszx10vkb03yb458ryacaa1fp7345ih8-nix-fetchers-2.31.3
  /nix/store/kcjfai3zrnq80cv3nkr92gwfq7l7jxzy-nix-flake-2.31.3
  /nix/store/8yrvzlxpsjvx5p3cp09ck6naf5ax1640-nix-main-2.31.3
  /nix/store/3vhji2r6747fa870a0zplhd670iyi1iq-nix-store-2.31.3
  /nix/store/xnk6q04i0gj1gwzbnirlfydp0ksjw1k8-nix-util-2.31.3
  /nix/store/7fmnnjxmdhvksmzkvay5g2rmj1g6535s-nixos-rebuild-ng-26.05
  /nix/store/ppqag75iayz02cj7ab3frkq0m8zrdfxi-onetbb-2022.3.0
  /nix/store/slhpx9glq7vl99bwi93bgrhn3syv98s1-python3-3.13.11
  /nix/store/qnaj1q3692yw09i8k14k9yixxpl1rqdn-s2n-tls-1.5.27
  /nix/store/bn7m7qn8k7b27jy5lkq3bg4vcxnyjpq0-sqlite-3.51.2
  /nix/store/8fwg7nzmn4jvyw1r7y1653aiz1gz5d4z-util-linux-minimal-2.41.3-lib
copying path '/nix/store/4dacmvrkh5zyj3v7gbmv5hchnkcb2qhj-gdbm-1.26-lib' from 'https://cache.nixos.org'...
copying path '/nix/store/q8lxdd4c7rj97kd3w92n70kqdr49s6v3-boehm-gc-8.2.8' from 'https://cache.nixos.org'...
copying path '/nix/store/m3dxfi2gq218pw8h73al024f6r69a5mj-busybox-1.37.0' from 'https://cache.nixos.org'...
copying path '/nix/store/s644cyhhkg9zjgk924ap5wwr96jn71d3-libffi-3.5.2' from 'https://cache.nixos.org'...
copying path '/nix/store/x2bvs20lq9vzf1p6y5k4brdabkw3z3pl-mpdecimal-4.0.1' from 'https://cache.nixos.org'...
copying path '/nix/store/bn7m7qn8k7b27jy5lkq3bg4vcxnyjpq0-sqlite-3.51.2' from 'https://cache.nixos.org'...
copying path '/nix/store/8fwg7nzmn4jvyw1r7y1653aiz1gz5d4z-util-linux-minimal-2.41.3-lib' from 'https://cache.nixos.org'...
copying path '/nix/store/64a1rvdxzqnbyvn55w537p8zsr2lrv7p-editline-1.17.1-unstable-2025-05-24' from 'https://cache.nixos.org'...
copying path '/nix/store/q4r5an0l3p32b0idhhnqsnxibfhkmrr1-aws-c-common-0.12.4' from 'https://cache.nixos.org'...
copying path '/nix/store/pgc8rn7d8pv9ssr87r6783bcir8rfqpc-libsodium-1.0.20-unstable-2025-12-31' from 'https://cache.nixos.org'...
copying path '/nix/store/llar6n9gqmvy629y4rhhw572rbq8v3ra-libcpuid-0.8.1' from 'https://cache.nixos.org'...
copying path '/nix/store/bs0ls3jy3krsjfwz0vawmff0cv1zk4ix-lowdown-2.0.4-lib' from 'https://cache.nixos.org'...
copying path '/nix/store/w4p8q8lyvy8469bl0g152c3blgm5f558-libseccomp-2.6.0-lib' from 'https://cache.nixos.org'...
copying path '/nix/store/q34rjcffjcmhbnsx8nd6w0i2xamz66i3-icu4c-76.1' from 'https://cache.nixos.org'...
copying path '/nix/store/81cfgyhfaadhh0vs4nf74yhcclgbav87-libxml2-2.15.1' from 'https://cache.nixos.org'...
copying path '/nix/store/8kwysbrm9zrfcsfbix7hkjj72r5kgiwv-llhttp-9.3.0' from 'https://cache.nixos.org'...
copying path '/nix/store/sy4dflf9clk1lnp3xdqfsdinb899k6g8-hwloc-2.12.2-lib' from 'https://cache.nixos.org'...
copying path '/nix/store/qnaj1q3692yw09i8k14k9yixxpl1rqdn-s2n-tls-1.5.27' from 'https://cache.nixos.org'...
copying path '/nix/store/h3q8dijig03n22q4gh338y7vwniy25ay-libgit2-1.9.2-lib' from 'https://cache.nixos.org'...
copying path '/nix/store/slhpx9glq7vl99bwi93bgrhn3syv98s1-python3-3.13.11' from 'https://cache.nixos.org'...
copying path '/nix/store/7mf304gpbyw54m11pjvscbjif21ggzdn-aws-c-compression-0.3.1' from 'https://cache.nixos.org'...
copying path '/nix/store/km5l772my9z7j7haxdrm6hpa52jknnwx-aws-checksums-0.2.7' from 'https://cache.nixos.org'...
copying path '/nix/store/lh9gi204p80jx8281bc202j3jg9r56dv-aws-c-sdkutils-0.2.4' from 'https://cache.nixos.org'...
copying path '/nix/store/nj0bggdnc3lb5vnnr0y6s04xz24gfi7f-aws-c-cal-0.9.2' from 'https://cache.nixos.org'...
copying path '/nix/store/ppqag75iayz02cj7ab3frkq0m8zrdfxi-onetbb-2022.3.0' from 'https://cache.nixos.org'...
copying path '/nix/store/dl74hiicwsr3b9ci8ssmqzr92vd4r2nm-libarchive-3.8.4-lib' from 'https://cache.nixos.org'...
copying path '/nix/store/33qn65idbn06p18ms5c6gy1ywv0ddsp5-aws-c-io-0.22.0' from 'https://cache.nixos.org'...
copying path '/nix/store/bc4wvkbw119gfby5if2z6yq3w51shgq9-libblake3-1.8.2' from 'https://cache.nixos.org'...
copying path '/nix/store/cjyr0g84h3948zaaxql0p5vnadxsgbdl-aws-c-event-stream-0.5.7' from 'https://cache.nixos.org'...
copying path '/nix/store/v8cpwr36769wszzi1j28xqgn2clvb9hs-aws-c-http-0.10.4' from 'https://cache.nixos.org'...
copying path '/nix/store/mrvl2wb00cxdbp68ja94ydw3cc8jbvik-aws-c-auth-0.9.1' from 'https://cache.nixos.org'...
copying path '/nix/store/2677y91n9lbabyrqyay8ffb2mjqjik0i-aws-c-mqtt-0.13.3' from 'https://cache.nixos.org'...
copying path '/nix/store/l4x6bj0296s13skl4b9crll36svhqp14-aws-c-s3-0.8.7' from 'https://cache.nixos.org'...
copying path '/nix/store/2izjh733byjickw9719nnkckxd63ghpm-boost-1.87.0' from 'https://cache.nixos.org'...
copying path '/nix/store/agn116lan9vkc5gvnvs30zrnykvgdq67-aws-crt-cpp-0.34.3' from 'https://cache.nixos.org'...
copying path '/nix/store/cz4rf4568xi6sd63yjqrsln5xamcnafy-aws-sdk-cpp-1.11.647' from 'https://cache.nixos.org'...
copying path '/nix/store/xnk6q04i0gj1gwzbnirlfydp0ksjw1k8-nix-util-2.31.3' from 'https://cache.nixos.org'...
copying path '/nix/store/3vhji2r6747fa870a0zplhd670iyi1iq-nix-store-2.31.3' from 'https://cache.nixos.org'...
copying path '/nix/store/hszx10vkb03yb458ryacaa1fp7345ih8-nix-fetchers-2.31.3' from 'https://cache.nixos.org'...
copying path '/nix/store/8yrvzlxpsjvx5p3cp09ck6naf5ax1640-nix-main-2.31.3' from 'https://cache.nixos.org'...
copying path '/nix/store/5h6awwzxp93zmzbfrb12bi1ds0n499yv-nix-expr-2.31.3' from 'https://cache.nixos.org'...
copying path '/nix/store/kcjfai3zrnq80cv3nkr92gwfq7l7jxzy-nix-flake-2.31.3' from 'https://cache.nixos.org'...
copying path '/nix/store/72gahd59q4vd48v64axqan0bx8k3avi5-nix-cmd-2.31.3' from 'https://cache.nixos.org'...
copying path '/nix/store/19dj15n85pzc50xd5fk2f7y2vcbzql4p-nix-2.31.3' from 'https://cache.nixos.org'...
copying path '/nix/store/vfgzadk2clbi922nixidc7w2hf9na4dz-nix-2.31.3' from 'https://cache.nixos.org'...
copying path '/nix/store/7fmnnjxmdhvksmzkvay5g2rmj1g6535s-nixos-rebuild-ng-26.05' from 'https://cache.nixos.org'...
building the system configuration...
warning: Git tree '/home/chetan/nixdot' is dirty
unpacking 'github:neovim/neovim/270c7b46afabdb16a833f67747067b769901f269?narHash=sha256-lJWmcmmbUlzWNtIU7klxvBzTDzeAThcgoCPAqMn46o0%3D' into the Git cache...
these 411 derivations will be built:
  /nix/store/d0bx7r66mkh4p3m9vydscww8q6sq98rx-zen-twilight.desktop.drv
  /nix/store/hh0ag8l461rhcjg7rs7y7z5zq6l8fflr-firefox-policies.json.drv
  /nix/store/x2kkyb2zmyp1lmzpphplccwbf9gb6ir9-source.drv
  /nix/store/01s42lj5xw69697ix2dk4vmdi0kbk0df-zen-twilight-bin-unwrapped-1.19t.drv
  /nix/store/vzp2nhi4f0v279qih9d76k009hjc8yny-NetworkManager.conf.drv
  /nix/store/fwg6f6g8427szdjxfzcjcd9cb48bc8zb-X-Restart-Triggers-NetworkManager.drv
  /nix/store/vgmm4k7ibyq9y5acxkmxx9dnm3x4kwj6-locales-setup-hook.sh.drv
  /nix/store/m392azaxprksgiiq498yp51mrpksjshh-glibc-locales-2.42-47.drv
  /nix/store/01y3jryaccjnvryrfz1ng8y6km5xph3l-unit-NetworkManager.service.drv
  /nix/store/04sjbhvaa0q6khp688g89s1450a0j3jp-v0.4.1.tar.gz.drv
  /nix/store/96nhxvhhfha9qibamyi80awpj33jbyx3-sway.drv
  /nix/store/d3fp4qfc419kzsrqsh60rp9rma1rb9yk-sway-1.11.drv
  /nix/store/05wd79i2z7h1k4awvrwk67nlla6f2jgz-desktops.drv
  /nix/store/06v30zdgzqi75bmhgr4x36p3zd4c8f8k-unit-nix-gc.timer.drv
  /nix/store/08cr0afc2qp65dcfcdlsm84wigwq6qk1-etc-UPower-UPower.conf.drv
  /nix/store/2814rf38lfnvbvgv9hp95kagjhaf421b-builder.pl.drv
  /nix/store/3416vz5grs9njn3l95zc39db7843zwqp-nixos-enter.drv
  /nix/store/37jqli6nbkjzw1cmw4kdn7nmnxw6vwqp-nixos-build-vms.drv
  /nix/store/czlcn9j10i6gmw7rk8ldsxlpz5aizalh-dependency-paths.patch.drv
  /nix/store/3z0j38mhays6rdc0s3v4gxx6b1cl81vb-kdenlive-25.12.1.drv
  /nix/store/1mjqssayfz4xpkkbg12inn02skil15q7-onepdfplease-0.1.0-go-modules.drv
  /nix/store/47jk9000cf1xqb45bcp7f79nmmx34k65-onepdfplease-0.1.0.drv
  /nix/store/61m1bac79l636bwfz38p9qi72mj5fjba-nixos-help.drv
  /nix/store/hm8g2fn1hhra8zmp07g6m1dzd94g78x5-nixos-manual.desktop.drv
  /nix/store/58g6v0r4naxrblk3i5n4qb4d1s7adjm0-nixos-help.drv
  /nix/store/69ms5dkw670nzzsp3q4blmmbp4hqidsa-nixos-install.drv
  /nix/store/72hnirvwl47c3jnfj518y3pfa5ja6min-fallback-cursor-theme.drv
  /nix/store/8v2hnbqmqqqn9zkilixa8jk7sr6whya9-nixos-version.drv
  /nix/store/d2498p1ddr76714cmj629cw5jph13cwa-zathura-with-plugins-0.5.14.drv
  /nix/store/9na8hj4xiy3w8dsd8w6q986xavhvj5xx-obsidian-1.11.5.tar.gz.drv
  /nix/store/h2s4aqbn5yjxcmcvyyqrpcjkvzp2azwl-obsidian.desktop.drv
  /nix/store/v3yw0p6dich0vwn6rjrsa8ii5wkpc568-obsidian-logo-gradient.svg.drv
  /nix/store/g3a7mlkz3yz2libzblwmwyykm0m1sawr-obsidian-1.11.5.drv
  /nix/store/mp9mxv0rd412kr3gd6d8mx9k6iiffcs0-ld-library-path.drv
  /nix/store/84c0f4k6vgg0fl7ilkkk1xwalfagrdk0-blueboy-0.1.0-go-modules.drv
  /nix/store/p2ni0ia0yzy90zb0dsvrqv57nv8vk88p-blueboy-0.1.0.drv
  /nix/store/sz403kxlhvmi9yim0y3f3rsrvaf83sh3-lua-5.2.4-env.drv
  /nix/store/qhn09ands9r508iynna7n1w7f1hlz7gl-mpv-with-scripts-0.41.0.drv
  /nix/store/dylhg0vjfgcykmcsgvh5zm8ik1qjb07p-dri-pkgconfig-stub.drv
  /nix/store/qymdqswjmvlhl5nddc034ry47m1n06xb-xwayland-24.1.9.drv
  /nix/store/n4ar7fjf0gc1v91kk3mp091nsjsffnsv-com.cloudflare.WarpCli.desktop.drv
  /nix/store/w6aaan280hygmpp41f7i3mig5fp706bm-cloudflare-warp_2025.10.186.0_amd64.deb.drv
  /nix/store/vg9b399g8dagq31da2jqs5rxkfp1r85v-cloudflare-warp-2025.10.186.0.drv
  /nix/store/76dvirk3x8kbxhk6kqp5x92y5ki2wyni-perl-5.42.0-env.drv
  /nix/store/vmc0jgqlr4sr0igqqq9hhjb2wkb5z3af-nixos-generate-config.drv
  /nix/store/wgjbr37pci3n3frnjadsahdncgxac8kq-rofi-2.0.0.drv
  /nix/store/wjs3ri2gw1kz71yjbzp1h2sb4ymdlh5i-fira-4.301.drv
  /nix/store/x8l311w3s0fmyi9yp4x60gfs3rfc1vm6-X11-fonts.drv
  /nix/store/5sjxi8as283qfk3a2njqr9ggi8q5b4kb-tree-sitter-c-neovim-270c7b4.drv
  /nix/store/v61kd0xj4dvmdg7r5v36wnsbd1z04hdc-v0.5.1.tar.gz.drv
  /nix/store/5ymlr5y6xky11sj3l0c5vz9sn0r5fwa1-tree-sitter-markdown-neovim-270c7b4.drv
  /nix/store/n1rphnj0y679gd6f2ldmcc8j1y94rfyv-v0.26.3.tar.gz.drv
  /nix/store/lrwmq3ii7rwkra2k3q6szk1bg0vcjzw4-python3-3.13.11-env.drv
  /nix/store/mdb79r8mxa51gbsaf449sjpaz2c61bh0-pythoncheck.sh.drv
  /nix/store/qymwfixrdpyq31sg76qqv77vwyhapsac-pythoncheck.sh.drv
  /nix/store/4kya279wqzzd6kwq5n0vwhkm4wrpy8cj-fetch-cargo-vendor-util.drv
  /nix/store/gldb3d4i93dzg98lwcn707fcwf7p9q9j-python3-3.13.11-env.drv
  /nix/store/i75jdj3aimspvxj0kf6657gpb02357z4-pythoncheck.sh.drv
  /nix/store/m2abrhsjjny8547xy02rxsr841v4cdd2-pythoncheck.sh.drv
  /nix/store/pdaq1sljxzgahmkbzqc7ndp5j8bvv6sg-replace-workspace-values.drv
  /nix/store/s34c70lacysvqxqh6z2l498cldamakmc-tree-sitter-cargo-deps-vendor-staging.drv
  /nix/store/xxd15yzhp3p5cn5xlfrp1kfwxq7308w8-tree-sitter-cargo-deps-vendor.drv
  /nix/store/bpmksg9zm2dw794z0hiy9k4jbygyzmnw-tree-sitter-bundled.drv
  /nix/store/dgsc0w8v9hkiqmwy0fwlp5x9yvl5p3y4-tree-sitter-markdown_inline-neovim-270c7b4.drv
  /nix/store/diz3pglsin18bqhzaw1iazyi1rjdgixh-v4.1.0.tar.gz.drv
  /nix/store/jq66fxf8h0k0is9s250agad4v24p71my-v0.8.0.tar.gz.drv
  /nix/store/lb1v0m6fimbw0sdhjzkwl15d687brbri-v0.8.0.tar.gz.drv
  /nix/store/mz2w6q8kavy3ryn72aw54immvf10hrr2-tree-sitter-vimdoc-neovim-270c7b4.drv
  /nix/store/mznfwjs8nmg1ylx0piy8ymsi29v9k01m-luajit-2.1.1741730670-env.drv
  /nix/store/nb1bbh0jnk8vlm5zwyv985jq2scvy1pk-luajit-2.1.1741730670-env.drv
  /nix/store/slvyyv951437b61jk75qfh8548srkvwi-tree-sitter-query-neovim-270c7b4.drv
  /nix/store/vyi3vfk2bxy5rqjw8khjdz9bqasgp0pp-tree-sitter-lua-neovim-270c7b4.drv
  /nix/store/xmqc06xyvjjdqx2xl75f180kfc2nqi7p-tree-sitter-vim-neovim-270c7b4.drv
  /nix/store/z5hjkh6i3s8xx2dc40gi2gwzqybry8aj-neovim-unwrapped-270c7b4.drv
  /nix/store/cdghrva0i9wwbadkskisylc595aj743x-system-path.drv
  /nix/store/0a6d6mb22cfyjxgxzq3dq00paljm4khq-unit-accounts-daemon.service.drv
  /nix/store/cc6w0vsiv24j0y1ybcflzdry0qvb04c8-extract-binary-wrapper-cmd.drv
  /nix/store/g3bgxvbzdv0fy0915p140ws73gg6qv5b-policies.json.drv
  /nix/store/x9aibp35khywcp1ffdxnfna02s3lfybi-zen-twilight.desktop.drv
  /nix/store/0rrqn9hcrvr9bfz3zsryfijxgp8sqzy9-zen-twilight-1.19t.drv
  /nix/store/2wx2dbafm27gwrkmlhivfavmaic9kwsw-hm-session-vars.sh.drv
  /nix/store/4ps8wd2b5r41banx4girp4r9xlmbb267-dummy-xdg-mime-dirs1.drv
  /nix/store/967da42izgzhj1g4diclpknn9wknq3q9-dummy-xdg-mime-dirs2.drv
  /nix/store/qb370llbm5b1ayz3f7wr0p795sqs6j3j-options.json.drv
  /nix/store/kpp9q1lfpi7h7fvfhfl3c9wmp6gpai5k-home-configuration-reference-manpage.drv
  /nix/store/l143phw6skxxj5n0armfgm5jb76y43h1-dummy-fc-dir2.drv
  /nix/store/xk6nlhmyg7yvfsdv7sailziyxn5mix7l-dummy-fc-dir1.drv
  /nix/store/0bfpd1b72i6np4zcabfw4zyccn3j808l-home-manager-path.drv
  /nix/store/a7g4bajcns9nbrl3rs37kvfihrnw74xj-etc-os-release.drv
  /nix/store/0kxzz6baqknvahnlril4aiv0b8fd0n62-shutdown-ramfs-contents.json.drv
  /nix/store/0nmcdcaa0nfw5smyy7rdz8kgiphpqwxj-getty.drv
  /nix/store/ws3a834hzh30znqbxx5c10qjijah39ki-etc-systemd-timesyncd.conf.drv
  /nix/store/16bkw42mz01101q5r7lqm1n1yz5h20fv-X-Restart-Triggers-systemd-timesyncd.drv
  /nix/store/193ndz4rmi7g80pic9av3z9rjhv48pmp-etc-netgroup.drv
  /nix/store/1f092y8li0wgvmanawjdza7n02b1gqqx-hm-modules-messages.drv
  /nix/store/1kcixbmr4rbin2m7xncb4ckcwzfz80yl-extra-hwdb-file.drv
  /nix/store/1m45lfkpx7kdydg1pw7vblv14z3wqchw-hm-setup-env.drv
  /nix/store/jbx7q501ls8ww8gkarcgdr3dsf3w2nmz-etc-systemd-journald.conf.drv
  /nix/store/phi7nqiz805hxl1399xwk76w8aiiqkrv-X-Restart-Triggers-systemd-journald.drv
  /nix/store/1xrlms5h9qijcqp2pdb2vrv62ang82xf-unit-systemd-journald.service.drv
  /nix/store/sk12jw64d5kb93dl83fad5m5g0jn1012-etc-sysctl.d-60-nixos.conf.drv
  /nix/store/xy5iz61l46acslfpvziclk0f55qn05fi-X-Restart-Triggers-systemd-sysctl.drv
  /nix/store/22f3n7bykwd36zsv1l9np88ycnzzfjr3-unit-systemd-sysctl.service.drv
  /nix/store/skff2gjw4a0ly98zz4a61gdclapy805m-limits.conf.drv
  /nix/store/23z5apwkbskwqg4p91yhrm9jvlpx95la-systemd-user.pam.drv
  /nix/store/bf7isp7hf7401rwfdj7ni8m5783dkpbd-firewall-start.drv
  /nix/store/i0gcvwqq1sa2qb4i84mci87754w529sv-firewall-stop.drv
  /nix/store/29swkrc91g6mmn9g1bvlp30y5aykmpsc-firewall-reload.drv
  /nix/store/2a01dnasdzd0wxwhcw3ylpm8xfkx0nv6-ipv6-privacy-extensions.rules.drv
  /nix/store/2fgygd9hsbj9shvnnf3vyqdbx3r0lcsv-firmware.drv
  /nix/store/2gwhxp061fxgd2jvdk5rx8vabdky954q-unit-getty.target.drv
  /nix/store/cdy2ass9hjqkax1k44r38gagih3ikgjb-unit-script-nix-gc-start.drv
  /nix/store/2h9ng63b5kan6y2jaamydp447bbrbyjf-unit-nix-gc.service.drv
  /nix/store/2igbfp5x1acfilv7krisj63hnq7zv2xc-groupmod.pam.drv
  /nix/store/2lym1q35vwplb0f3i0588snc517kl25z-unit-gcr-ssh-agent.service.drv
  /nix/store/2pcaky717m1wfawz5b9xlf0gk1s77pdz-etc-lsb-release.drv
  /nix/store/2ygbirgw89p0qsf57i0cpjrv3nf6bnj8-unit-autovt-.service.drv
  /nix/store/32w7sclssx30wrpinfc369q6srhpdpmi-xdg-desktop-portal-wlr.ini.drv
  /nix/store/374dxgxjzwcapjzrbkp6gi870pgqimqh-etc-polkit-1-rules.d-10-nixos.rules.drv
  /nix/store/3a40313lamfi7a1qfmyaizvw9p5safrf-mounts.sh.drv
  /nix/store/3dnil4y1w86cr3l7grzv7gp23jp677xw-etc-geoclue-geoclue.conf.drv
  /nix/store/3kss4aslgp5bmx7jpxr3gv0xsbxcxz9j-wireplumber-extra-config.drv
  /nix/store/3rfv9hjvmygi12jsaik6xh74ql71pz6k-etc-ssh-ssh_config.drv
  /nix/store/42sibh8iqjlh5p6ds74lsr60h3rz5lv8-etc-zprofile.drv
  /nix/store/6xwjcflng7nz3ck5y3k3rhi38lrgjs9b-perl-5.42.0-env.drv
  /nix/store/46hjbh0m909q44vmrbg1vh4q2k3x8qxd-passwd.pam.drv
  /nix/store/4943wvvz48vcl0gccfsr9wh9nn022hk5-etc-nscd.conf.drv
  /nix/store/5avj4vidj369laags8xkdx39l8s9097n-etc-modprobe.d-firmware.conf.drv
  /nix/store/xvdflhczgmkkvhgnsdkzw6dii5dc2gp6-lessconfig.drv
  /nix/store/5dr72qrb88f3r0fm484125pr56dna5cm-set-environment.drv
  /nix/store/5m9wvb538ckycdica3gza196zymwfik9-system-shutdown.drv
  /nix/store/5paxh8gg1cb1b8wgb42aswap3a2x1lhm-etc-nix-registry.json.drv
  /nix/store/5qd3cjk58dalf0g8pky4bvmd59rv44fd-etc-systemd-sleep.conf.drv
  /nix/store/5sa5s01x72lqn99y05hqfks9zl6qc11d-etc-systemd-system.conf.drv
  /nix/store/6hdk4yzk407a78m58knvwqjbm0j4akxh-etc-wpa_supplicant-nixos.conf.drv
  /nix/store/6jijqs68xsbn7ajpsqvlrjxq960pm8in-etc-modprobe.d-nixos.conf.drv
  /nix/store/6sncbv301q9d7sj5h4ydi0m8wyy2rxhp-etc-hostname.drv
  /nix/store/6vmqwylsxjh04gv9n9pvsnpqsil7m6lq-runuser-l.pam.drv
  /nix/store/72kgm0wfwnxs5rg3wydxcf7mcxml4c84-swaylock.pam.drv
  /nix/store/79wdfmgqhr515j272ybjpyxdvlm2yim1-etc-ssh-ssh_known_hosts.drv
  /nix/store/7b00y7hrr35lwiwggm45rg87vaisly97-etc-nanorc.drv
  /nix/store/7kdmchgzcgn3ya2i19snzh8vpw4s3jlb-issue.drv
  /nix/store/8bfgzwcgjmis71m1f6im9pr2gnk2pac0-systemd-run0.pam.drv
  /nix/store/8z7dnfkpw6wzv839bs7f3jjmpq89hsfg-nix.conf.drv
  /nix/store/a4zvsf3w95zp7wr94vrqnawr19zbmqgp-groupadd.pam.drv
  /nix/store/ahabdlkjxvnls2m6qvw855whmbjrnpdx-etc-systemd-oomd.conf.drv
  /nix/store/alyfjv88ndigyw0954dbc78fdf4kv3vv-xlock.pam.drv
  /nix/store/b8n6kyyzz91m5sjpkc62slc3jphpg89d-su.pam.drv
  /nix/store/bhvgskrs2myd082304qiw2gd41dfxhx9-nixos.conf.drv
  /nix/store/bmvzzmvkm91jr8l5x0ykbfga9nk79qh3-etc-zinputrc.drv
  /nix/store/bvijh6afyypnriqpwhfzrsx889hjkyjw-user-generators.drv
  /nix/store/bvn32m4ls5vnyx7bf1wazvpznsv0gjp5-runuser.pam.drv
  /nix/store/cp0v8259l441h6varcnd3n112bjxnh32-etc-systemd-coredump.conf.drv
  /nix/store/5p3dmwyl43v3vjrmy9f2diq8jai4vz14-ipv6-privacy-extensions.rules.drv
  /nix/store/v2xsdyiq0x34k79kbk287k7kvkn0r8zz-udev-path.drv
  /nix/store/vy3f4qkwa4a35nnix4vm32fcw9zc5h61-extra-udev-rules.drv
  /nix/store/d7jxs2b5ajjpx7l55b96bff73pdsz4mz-udev-rules.drv
  /nix/store/fff0waspjjhm6wpdx5g64ywz4gs0hzdq-cosmic-greeter.pam.drv
  /nix/store/fpfringbh38bdwmghj2i4sw74jg48ykn-etc-bashrc.drv
  /nix/store/fpja8j82ms0kvxnipn1i9n3brnbsljxw-etc-keyd-default.conf.drv
  /nix/store/fy2d2hy9m8rqi1ywzpqs5n3spj66j6ix-ly.pam.drv
  /nix/store/g8m0wih2qmmc87fzaw1fxpjcl7h4mjqc-etc-systemd-system-preset-00-nixos.preset.drv
  /nix/store/gc1ymjbik13dk8q5axip87blihb3drpz-etc-systemd-user.conf.drv
  /nix/store/m8nckppdx9m8nilryg5bawvihzf07qa1-systemd.drv
  /nix/store/gddmixkbg95fs0jv8vf0gmabhsinsb16-50-coredump.conf.drv
  /nix/store/gn7jqxkkiy1gbxs4g0ckkpkrzvlh5r8q-hwdb.bin.drv
  /nix/store/gqh4hcxyqzqpyh830ic643d7ka1c0ph2-usermod.pam.drv
  /nix/store/h4plcbjx41cyjpk6r377nqsi2ss9pajw-user-environment.drv
  /nix/store/hb79hxichadmc1c21bq1dsss28j1hd2h-sudo.pam.drv
  /nix/store/hgcqfc8rf812j80nc506y88541jlsw9m-etc-gai.conf.drv
  /nix/store/hjp7y90qp7w2xa2xblnrbkvism49lcry-polkit-1.pam.drv
  /nix/store/i8w8nkx2biqma2z4grvajq4509xclrnp-chpasswd.pam.drv
  /nix/store/gdiawbhld3c7z5i933ms0sf0cbfm050j-Xresources-Xft.drv
  /nix/store/5s9xqbs6sffy8cf85j3yrhg84ghk1qi8-xsession-wrapper.drv
  /nix/store/z07s1jl8riq2mca5ml7dflr350pfj6ar-xserver.conf.drv
  /nix/store/9dx6qvqbyimhp3i5dp0sghikd61rvzwb-xserver-wrapper.drv
  /nix/store/i9qxw6hvax528c1i8aiijghs0c6xjv97-config.ini.drv
  /nix/store/ic6a7w93297l5sbqk35zfjwm7lfb6f94-etc-shells.drv
  /nix/store/ih57y3wk8jfmbc2ravbm61nz9xdyhigi-etc-host.conf.drv
  /nix/store/il3vjk2v2yxk2fik7j5pc3nlj6m4dc8j-vlock.pam.drv
  /nix/store/94nlkwyk7m850k8dkq1fzb4q9spxgkdg-fc-53-no-bitmaps.conf.drv
  /nix/store/d4wx558ij4hmsghxmabg4ajymbai699j-fc-52-nixos-default-fonts.conf.drv
  /nix/store/gd9xr837r3as4nyjpxgq3dx40wrl9wil-fc-53-nixos-reject-type1.conf.drv
  /nix/store/n1zxgrvg0a7imxgplhpdxj9h6jbky8jg-exec.drv
  /nix/store/w9i6fr4swxwjs7zcnlapc63zqmr8a727-font-dirs.drv
  /nix/store/hsmrdiy68r7dg5pqxfka0ky6ky72kb3f-fc-cache.drv
  /nix/store/mjrpg415a8jryg14zqv9hq9hkcswq8xm-fc-00-nixos-cache.conf.drv
  /nix/store/vsfv9sbpy7vyzdpd950inl4m2001f4j2-fc-10-nixos-rendering.conf.drv
  /nix/store/ddmf5jpc81xr8j6h8qs6gi7k564qijaz-fontconfig-conf.drv
  /nix/store/ip7sbx72x048cqgk43y8qi1py22idwy5-fontconfig-etc.drv
  /nix/store/jhb8n0jm7iijzvqqszk6s9lr4yhg22vs-input.conf.drv
  /nix/store/jp495y1kwdik78j59kmixzq0jgw3mrq8-etc-zshrc.drv
  /nix/store/k9p6r887z9apa3ndx6wpi7f9j1p99pbn-pipewire-configs.drv
  /nix/store/kx34h43lgwvh08f2klqdynjzcaxwk7mp-etc-alsa-conf.d-49-pipewire-modules.conf.drv
  /nix/store/kzg80c8q6cpbfn6rh8ar3xihnc6b382q-other.pam.drv
  /nix/store/l8rivbxfr8dbjs13g6qp6yhyxpkpikhh-nixos.conf.drv
  /nix/store/lfqn97y4hfd5ycg4mnmf9jci498l6dbz-etc-fstab.drv
  /nix/store/ljx3gip3crwgijdsf1452xy292lcx7mn-udisks2.conf.drv
  /nix/store/llk2lg33lly425lpq684arwdfxv1jjq4-login.pam.drv
  /nix/store/lmsr5n1h60sb1ry9jq5z7f049367a8cw-etc-resolvconf.conf.drv
  /nix/store/f17xkvli0w7kd1ajrr7i9ad7r7mq9lz0-nixos-tmpfiles.d.drv
  /nix/store/jx1iqsgmddgr230agl4x7c2vb0kjmg26-graphics-drivers.drv
  /nix/store/h5hfm3jqv357ka0n6k4yfixxra4kc5rd-graphics-driver.conf.drv
  /nix/store/lqx5jwz4q6jhcy40nmwbhkr419xwhcj5-tmpfiles.d.drv
  /nix/store/mmp7dybny0zcq6icszqj4hanzzda880f-dbus-1.drv
  /nix/store/mp9dyxdsc14p9j2x7g3jlmq19r4q9akm-groupmems.pam.drv
  /nix/store/mx8bgbdjcym2v1g9898n7km31cj2gv1j-etc-pam-environment.drv
  /nix/store/nbkcknkzrrb53a656r6z25sbjrpk25nb-etc-xdg-xdg-desktop-portal-sway-portals.conf.drv
  /nix/store/npax9syl647jyfldsvhxdqni2cqkli91-etc-systemd-user-preset-00-nixos.preset.drv
  /nix/store/pnvpxvqv14yqm5n9yl530pqwsqggdwn4-useradd.pam.drv
  /nix/store/pyzqcwgj1s7sjc4djhk5mbv584fqkaih-etc-man_db.conf.drv
  /nix/store/q8w1p5ps95m5ynrcvkifjcb4ppqkl574-system-generators.drv
  /nix/store/q9w0y7gcsml7biapi23icypq2958nciq-useradd.drv
  /nix/store/4lxpnab8rxs0r5zxric6cxgw9xdllfkq-unit-systemd-user-sessions.service.drv
  /nix/store/94s0bw9dgqjfmfp5qwjibspnyifzb1pw-unit-script-post-resume-start.drv
  /nix/store/4vsxwh8q8l988wl7zyycv1wanq5q3gl1-unit-post-resume.service.drv
  /nix/store/9p5bl07gpj9f7bch7v07cri5nrihk86p-getty.drv
  /nix/store/5963hwff9g2wqa1j95cb0lvgv6fj4smx-unit-getty-.service.drv
  /nix/store/6pzzp671nxgzqyg7w8xy4vzcn7vysv2f-unit-save-hwclock.service.drv
  /nix/store/6yhhzmlmrv03dzv9z4882kra97a97sgn-unit-run-wrappers.mount.drv
  /nix/store/7gdrvrmpz25ijq6im1k5fg1gblyw79rr-unit-systemd-remount-fs.service.drv
  /nix/store/5xwfln558l2k5ak7aypa4l4igp3kzf7y-logrotate.conf.drv
  /nix/store/7gq10apj2k0b7swh46w10qx9i07r66mh-unit-logrotate-checkconf.service.drv
  /nix/store/6y7lyalq650bkbwar2r6yl266rdbimfr-unit-script-suid-sgid-wrappers-start.drv
  /nix/store/7l00wjd8f5hvbpkj79k5ryi0my311hid-unit-suid-sgid-wrappers.service.drv
  /nix/store/7x8764lj33af65gdzp22iyzjnsw3a3cg-unit-avahi-daemon.socket.drv
  /nix/store/8a3ylg2jagbg02fr92hs7fxk75445sa6-unit-logrotate.timer.drv
  /nix/store/8navn5cz55mp11w2x4svj1vsm205vll4-unit-remote-fs.target.drv
  /nix/store/k4iwrlmsw1afm14gczlf81ld49cdr89r-X-Restart-Triggers-keyd.drv
  /nix/store/8rbyh6p5xwsqssib1j8js8d4ja1fp8qz-unit-keyd.service.drv
  /nix/store/8xmh0za9bxvmidgkycmsf8r1ddrqb7vp-unit-lastlog2-import.service.drv
  /nix/store/agh4ysxz9dg1fskn9qp5cjzn2ac46yx6-unit-console-getty.service-disabled.drv
  /nix/store/ahli0zm32a2b6q50pxy1aig9rz5hy7b4-unit-polkit-agent-helper.socket.drv
  /nix/store/ckwixhnkv1bpcvxndmfg1a7vw17n3s69-X-Restart-Triggers-geoclue.drv
  /nix/store/anipzdprkgx6qiynv7h0p2016q9fy4aa-unit-geoclue.service.drv
  /nix/store/pdfyssrjcbdplm8bj31vzaryvajm0qy4-X-Restart-Triggers-resolvconf.drv
  /nix/store/y2lsghq5kaqzi6gk6z46vbz5praflfbz-unit-script-resolvconf-start.drv
  /nix/store/arl3wvwfllsfk77a1i623aimxckyb32d-unit-resolvconf.service.drv
  /nix/store/qhwx40hr11iw2bfspwdyd5sjssg1jbmi-console-env.drv
  /nix/store/vx26p1mwbik0arban8qar9s7ihfvpzc6-vconsole.conf.drv
  /nix/store/4n7hxbdg2zbi9dyrppzi7jm42kjbmixz-X-Restart-Triggers-reload-systemd-vconsole-setup.drv
  /nix/store/ax5rgh6f87zc9bf7grxf3c42fj5w1y8k-unit-reload-systemd-vconsole-setup.service.drv
  /nix/store/bb6b3s76w4vjgk7jp2xwb6zsbnq2a7m0-unit-kmod-static-nodes.service.drv
  /nix/store/bd8wafl9i2807fp1rnhfc833ahn3fbc3-unit-pipewire-pulse.socket-disabled.drv
  /nix/store/bfw20frhf4lrss13yvdxl461ffb47q54-unit-container-getty-.service.drv
  /nix/store/byskrv6lr8zx790zcmp79zsvqzalz8s7-unit-systemd-oomd.service.drv
  /nix/store/caclqy5hx17bxlw8ic47rd6abbcxkn9k-unit-keys.target.drv
  /nix/store/chjrp1dxvds8ipsqcj7a1smqxl83fy01-unit-run-initramfs.mount.drv
  /nix/store/indgmmw2v3fmrifcgzibij320pywfw6r-X-Restart-Triggers-wpa_supplicant.drv
  /nix/store/cir0mvnafp6sypxh7m9n7amasca7d59k-unit-wpa_supplicant.service.drv
  /nix/store/d1mygw1knyp3vipfab3qkm54fjnlmnai-unit-bluetooth.service.drv
  /nix/store/ddf52sha45warsk1kjma6xy3xwzcbg3d-unit-firewall.service.drv
  /nix/store/dsb91zj119x7fp5xmrhz8y3m1simxzjl-unit-pipewire-pulse.service-disabled.drv
  /nix/store/dzw1rwwqpri1d1l1mzahsi0vjzasb314-unit-cloudflare-warp.service.drv
  /nix/store/f7mwz01vxprbm3j00539rrm2rfski0j6-unit-user-runtime-dir-.service.drv
  /nix/store/664gdcrpcs4jhgk32whhgaah0ncv48pa-X-Restart-Triggers-systemd-modules-load.drv
  /nix/store/fba5wk2vva0az8s4wp7f8jxnh15r251v-unit-systemd-modules-load.service.drv
  /nix/store/mx711ix6i2wjj1ri029ywzj7hlffr85m-unit-script-network-setup-start.drv
  /nix/store/fbph644pzifs5c51q7cads9wzx1vqlaj-unit-network-setup.service.drv
  /nix/store/gdj82vw74r1pkgp8dan92b5hkjgadzlm-unit-logrotate.service.drv
  /nix/store/graija4a7rvavirhdkias852m4g63dra-unit-systemd-importd.service.drv
  /nix/store/hmc3raf9lgxc9ijzrnyfs55mp6ydqwp2-unit-fs.target.drv
  /nix/store/ijak1dl1vg8mimah7idkb11bahhvkvcv-unit-nix-optimise.timer.drv
  /nix/store/j0j6fkckw695sdp6vg6gqxd6a18v6i7r-unit-pipewire.service-disabled.drv
  /nix/store/mwsm3gvkzd2y4c6bn5clxagagazly3mx-X-Restart-Triggers-nix-daemon.drv
  /nix/store/ji2h8p4i676w69lf1rrv8n7mwariidw1-unit-nix-daemon.service.drv
  /nix/store/jsc984rmhk4zvm421ib9gbjncd2bgb8w-unit-rtkit-daemon.service.drv
  /nix/store/kc7xrpwyj0ssiy4prm3pvf5h73q9qfvs-unit--.slice.drv
  /nix/store/kcl7mgy0b2jg01zp5a1fd0mv70gr920x-unit-serial-getty-.service.drv
  /nix/store/l4sa5cripfz4xkz6dpl97d40cx28003a-unit-fstrim.timer.drv
  /nix/store/l9zbjgs0s07q3bl5shjq2bixxnhcgjni-unit-system.slice.drv
  /nix/store/lbnqc47iaxvjis4v4c0jdw5ksdxy94cl-unit-pipewire.socket-disabled.drv
  /nix/store/lrhdlz3236fn9nsb3y3ls1yk6vmcjdza-unit-ModemManager.service.drv
  /nix/store/lx260270yvpfzy9vwmk46q3ikndk0xw9-unit-post-resume.target.drv
  /nix/store/763g5jgpl0k3dgqii84pmg6lfbp1pq83-nameservers.drv
  /nix/store/9fyc37h0g5gky1jjwr2gj7qslb65z2fy-02overridedns.drv
  /nix/store/r3rz31kpv1z70bqf6pnm2gi6gnarm7p1-X-Restart-Triggers-NetworkManager-dispatcher.drv
  /nix/store/m8j2kmgvp3kw3zr9w1q1nrihpghvnwg1-unit-NetworkManager-dispatcher.service.drv
  /nix/store/khknjbk06si2s0whgjvlpfcrjrbj96hd-unit-script-linger-users-start.drv
  /nix/store/ma6yb32rr534256fxbd3gp6yrsrmpskb-unit-linger-users.service.drv
  /nix/store/x5f4afids0v114mwdgyxkbgxdnf2zgfm-flatpak-state.json.drv
  /nix/store/4adlq9mx28s5mxy9p9xywa0l3yphpggk-flatpak-managed-install.drv
  /nix/store/mfk01znhp84jxy3yk0psqb3vzls9m20r-unit-flatpak-managed-install.service.drv
  /nix/store/4dchm3hbs76c3irra94yy3qwil9pzq9y-X-Restart-Triggers-dbus.drv
  /nix/store/mlr3m28mac7wbfw373rx0wjms6wsknz9-unit-dbus.service.drv
  /nix/store/nx1mhxr7j8pv9ppmplmy3sivddbbph5h-unit-systemd-nspawn-.service.drv
  /nix/store/p211r05nxqvclsbrp9a31i52aqxqrz0h-unit-systemd-makefs-.service.drv
  /nix/store/k706k1fd21g4nwmjsr5mpp084kjgc1d9-cleanup.drv
  /nix/store/s6p6zbi3z1sc2rr1rq16hcf2mwvj5z5q-check-link-targets.sh.drv
  /nix/store/zfvj41cs8294f8c6bcqc5s86wy8lf36r-link.drv
  /nix/store/5847s1x108vn3jz59zss5rgdm7ykfn8a-activation-script.drv
  /nix/store/6w23dcwmib7426pdl1v0swbgp8lmpk4y-hm_environment.d10homemanager.conf.drv
  /nix/store/lfxx450722fkk9yfwb17mxanpf4344lm-hm_fontconfigconf.d52hmdefaultfonts.conf.drv
  /nix/store/ph5132a132iz8l6gw0s1h1fkx7pyviwz-tray.target.drv
  /nix/store/qgqd0pa38knvwkqddd8p0xl830jygwmk-hm_homechetan.cache.keep.drv
  /nix/store/r592n1hmljdlapiqfyp4cxcf7aqv4ljq-hm_homechetan.localstate.keep.drv
  /nix/store/wpybswqc7s598jb2qgrf1n5asr4i3b3q-hm_fontconfigconf.d10hmfonts.conf.drv
  /nix/store/nlagf4scd9x1fb72nkr4xzlw6ynmr4n0-home-manager-files.drv
  /nix/store/ipjlaq9lrzagb7q576pyznkiv88h7fp1-home-manager-generation.drv
  /nix/store/p5afyynxsr6ply9qlkk3va5hsxflma2p-unit-home-manager-chetan.service.drv
  /nix/store/pfwhq2avr6v5fm57mab455hf66x67si2-unit-systemd-fsck-.service.drv
  /nix/store/pggnn25mj71vi5vzrms0hil6av7m77rx-unit-systemd-timedated.service.drv
  /nix/store/pih3bbbmyv0ymiqgknjkyfvvyrm8f4hp-unit-NetworkManager-wait-online.service.drv
  /nix/store/pjn0bhfr59d897911iwiq9y3wrynsl7z-unit-network-local-commands.service-disabled.drv
  /nix/store/pkv5cvj3rpq55rqbbapdvsxkgqivqmj0-unit-systemd-update-utmp.service.drv
  /nix/store/n3py2s2yhg3sn44293wndclqgpb11ldc-X-Restart-Triggers-polkit.drv
  /nix/store/q2qzzmkv4p2xkrds453jlq8wf6l1vfl2-X-Reload-Triggers-polkit.drv
  /nix/store/pl6yx615r5a2gmpv91waba7g0011b3lz-unit-polkit.service.drv
  /nix/store/rvdwbbnaqzzl7lsf22xfcza4hqx3xsim-X-Restart-Triggers-systemd-udevd.drv
  /nix/store/qf2v3s8n5fi6p251ybaydxgpvfd94yd8-unit-systemd-udevd.service.drv
  /nix/store/qi9kqypp74wllkywyq8a21crn8ygy9f6-unit-user.slice.drv
  /nix/store/9idsd8ajj639irfgyrb8w0npmjkiysjl-unit-script-pre-sleep-start.drv
  /nix/store/qikq6rdv21zijc8jckgkgqm1w9b7smhk-unit-pre-sleep.service.drv
  /nix/store/qrb5vfq74dk5bmpay49zsr23sk2r9pqj-unit-nscd.service.drv
  /nix/store/w9mlan590yg7frlkgwddylllxv4yz4vb-unit-script-prepare-kexec-start.drv
  /nix/store/qrmfydbnqg6pcnjh8k3j2vxw2cdr7clr-unit-prepare-kexec.service.drv
  /nix/store/qv3arai84618skd86p0ps0g9af5dfmk8-unit-acpid.service.drv
  /nix/store/qxgbic5q2xab7fbji5clxg7bkl6bslwq-unit-multi-user.target.drv
  /nix/store/r3k4ij8f2m103ifshik4mk3g6xr7v595-unit-wireplumber.service-disabled.drv
  /nix/store/rd31crkh0fd80wk6k4zsp0ansdk9s019-unit-sysinit-reactivation.target.drv
  /nix/store/rrmfdrwji5nfamp0lpyi52697j4m0m6y-unit-systemd-mkswap-.service.drv
  /nix/store/s9y2yfawrra46ix4fpbj8k0nygrgvlx9-unit-systemd-journald-audit.socket.drv
  /nix/store/sasrab41yzdlhmhck3psqf78gpabll7p-unit-user-.service.drv
  /nix/store/gqvjv1vm8svsdf8kzflych0mb9hmxyi7-avahi-daemon.conf.drv
  /nix/store/sc76pa1f1067qlh985f45hb3sp0205qg-unit-avahi-daemon.service.drv
  /nix/store/vmmaynwrg1hqvvb21h6ayvp9fk642lnm-unit-nix-daemon.socket.drv
  /nix/store/wb0f9maxjkymcdc7jz9lwivhi6ksga5d-unit-systemd-udev-settle.service.drv
  /nix/store/bfaq4cbmb6r8wb64ai7an2xw7c44gcki-X-Restart-Triggers-systemd-tmpfiles-resetup.drv
  /nix/store/wixj29w8hwvi43q4zxlfw1zpaf2wnzkr-unit-systemd-tmpfiles-resetup.service.drv
  /nix/store/wp9zzaj9v2z729cb5isir9425namn3vd-unit-systemd-pstore.service.drv
  /nix/store/wyq8ii1mh1ybzbd2nb3aarz52xqj85qi-unit-systemd-journal-flush.service.drv
  /nix/store/wz4xhd2dx0czisl6ylp1zjw5gpmbxcb5-unit-systemd-logind.service.drv
  /nix/store/x4rzsg9z95k9shj57xx5cg5wmshyx888-unit-systemd-timesyncd.service.drv
  /nix/store/xa53sq76zldgw365ymvaklsjhnqsb6qn-unit-local-fs.target.drv
  /nix/store/xrkcif6z36k94jvia77m01hfj8fv3f98-unit-systemd-backlight-.service.drv
  /nix/store/y0fflckd4icj5pw1njcanb1qyj4k6d90-unit-nix-optimise.service.drv
  /nix/store/yd8yf7sm84bywvw516fj7wy6jx7aaj5x-unit-generate-shutdown-ramfs.service.drv
  /nix/store/x0m7hk4d3094cxa83rqjkls44nq2hh1r-X-Restart-Triggers-systemd-journald-.drv
  /nix/store/z1pdpf6vlx7y38d9wy58y63bsw4ag0d8-unit-systemd-journald-.service.drv
  /nix/store/z68nbiy1lala1pvar49l0142nyyy22rf-unit-systemd-random-seed.service.drv
  /nix/store/8ikppyxq5dynim2jijrcgxpa456c2bpj-unit-script-display-manager-pre-start.drv
  /nix/store/gb6wqh830jmar96mrqam53srcl26v9f4-unit-script-display-manager-start.drv
  /nix/store/zfr6c9png011v5bwngfzaz2l4jk4bh4m-unit-display-manager.service.drv
  /nix/store/qfarigrj97q612icld2qm9nmzg5ahlrq-system-units.drv
  /nix/store/qwhkf5b1frxldcw3ypggbvj5fylkc1fn-etc-lvm-lvm.conf.drv
  /nix/store/rd8ki8n3b5zriyja3imkab5djw90dwww-etc-bash_logout.drv
  /nix/store/s3lq4q2qayqpsi3k00xcbx9jla5aj7wh-network.conf.drv
  /nix/store/sakm44s0a4i9ic973jzma59a50pa8vbm-main.conf.drv
  /nix/store/slhkxf4aj9kk2r7zb5jlp1siwdqsxjir-chsh.pam.drv
  /nix/store/v1nd4aamkb32gcsm8cq3szwrd13vxhjd-etc-nsswitch.conf.drv
  /nix/store/8prjpb7ka1fjwpf7saxpkxn9kjlkywp8-unit-obex.service.drv
  /nix/store/9xfxag12xx6xv90m1nydzx8gackyc7d2-unit-nixos-fake-graphical-session.target.drv
  /nix/store/br4f8qgp8vis0xfjg07dx191pyh328n8-unit-gcr-ssh-agent.socket.drv
  /nix/store/c0yb4zjpj3slbikr0zar57r0sz8q95y7-unit-dbus.service.drv
  /nix/store/c45rvs0jpkpkd7xf2krna3rz63gqaax7-unit-cosmic-session.target.drv
  /nix/store/dkljgskzd7bwqbbv3s6q247v1pa9k246-unit-systemd-tmpfiles-setup.service.drv
  /nix/store/63rbmrhbqy8ja83nkwpih151irsn1a7v-pipewire-lv2-plugins.drv
  /nix/store/dsccpa16vbl4skh7n0xrz5ihr0xf2b00-unit-filter-chain.service.drv
  /nix/store/xcrdw6akw0473lgphcaypcip9b9fwb4l-wireplumber-lv2-plugins.drv
  /nix/store/bwmsdni3gv8xqq122kqhf3xvh7s1dl3a-wireplumber-extra-scrips.drv
  /nix/store/xp9v0rgvgkvmm2w1d9d24ia53ncdc143-wireplumber-configs.drv
  /nix/store/hj23idp79bwi7l2wv14dlqc1xpqm1fkf-unit-wireplumber.service.drv
  /nix/store/j4v4jjwnnrzqkqdp9qwpkgj3s0ffx3mc-unit-pipewire-pulse.socket.drv
  /nix/store/klkarwn58z141wndna04hd96iig3a75b-unit-systemd-tmpfiles-clean.timer.drv
  /nix/store/ks5k9l77v4cx9kci6y1bhp27h26pwvkl-unit-xdg-autostart-if-no-desktop-manager.target.drv
  /nix/store/l1hnkm8pcl4my0cc00p0fiqz83px1g4l-unit-pipewire.socket.drv
  /nix/store/mzpj046pv4qwy2xwkn3cjgjspavdcjkc-unit-sway-session.target.drv
  /nix/store/n43lns4dg059ykgp35qqbpvbvxsix3cd-unit-dbus.socket.drv
  /nix/store/qx8f2nyan1wr9ymf65c4x5j48y4681kx-unit-speech-dispatcher.socket.drv
  /nix/store/vj9cgp7rmysink3k8wslrjycj0qbq5vz-unit-xdg-desktop-portal-wlr.service.drv
  /nix/store/7jkgh94b1vncmmirshb1rahvczplg8l8-unit-script-nixos-activation-start.drv
  /nix/store/wg5mmc3g9a2kn94bi98srlsxygrgz4m9-unit-nixos-activation.service.drv
  /nix/store/xglw0sk5adykajz067s7brng6s626n0j-unit-pipewire-pulse.service.drv
  /nix/store/znynr75mkd1bp9r4xa4hxz1lwkfy2flz-unit-pipewire.service.drv
  /nix/store/vaq8s91ph7swmgqmnp1d0gsvn4c66sfm-user-units.drv
  /nix/store/vfakkpbggypk4jjk88idlbiviw8a29f7-dconf-system-config.drv
  /nix/store/vg85rc3xcgmbxp2fj6wc45d8qrfh5dbv-groupdel.pam.drv
  /nix/store/wr21nalcakb86dgsm6bm8ph1wvzs520s-login.defs.drv
  /nix/store/x3f1zwqjxgrjnb4ybnzhjdl2zvkrpial-etc-fuse.conf.drv
  /nix/store/xcagjdx8g7lda18fyx42h8ic6cn11pqs-chfn.pam.drv
  /nix/store/cajrqql7zb40vdiq5i6znnimjcln2z96-localhost-hosts.drv
  /nix/store/dakw8jmik2w8g3pdbqf7q6h6mvadaq8n-extra-hosts.drv
  /nix/store/isjipapkrzczvnv1lxns6xznam12wc12-string-hosts.drv
  /nix/store/xdjgzgak29ha9a850rahvlxvr7k4dlnj-hosts.drv
  /nix/store/xx94mmim612np44q920l7i9m6wprjqd5-etc-X11-xorg.conf.d-00-keyboard.conf.drv
  /nix/store/y34pdjx3mk03m1s6hphrz1pfgk0ipqil-etc-ipsec.secrets.drv
  /nix/store/y9rdsmvrs95mmzasircsm691vcgcydr3-locale.conf.drv
  /nix/store/y9w2fcybd9xy7fsf1077i8nh3bkzgnjy-etc-systemd-logind.conf.drv
  /nix/store/yi1zrpi26m8x8bh2vw6w6ww64p37zfgz-etc-zshenv.drv
  /nix/store/yi6n5iik2psasnaq9f0rzkiyi4c2w9xj-etc-profile.drv
  /nix/store/z2v3wgj3b62gaifjichyfz6zqm6jaazz-userdel.pam.drv
  /nix/store/8rgyw9zpqqryihjrhac0z4gx3r6zpm68-etc.drv
  /nix/store/bs5ksi7s0nlzvmmvy89in0675f174h9s-users-groups.json.drv
  /nix/store/nymwrmvw7qhc58z6ji43c5cc84m998xb-perl-5.42.0-env.drv
  /nix/store/43j7wmsjkdk68w4mnyzh9gn0kv4d4rvn-activate.drv
  /nix/store/p2wj6jw30lzgr308crfqnwfn1f8ywr32-initrd-fsinfo.drv
  /nix/store/aawkfblssyhdpx0306jp53xszyfpdkpy-stage-1-init.sh.drv
  /nix/store/5pagizq9nrwa0ysycb4d66gplvi9srm6-linux-6.12.67-modules.drv
  /nix/store/krny0m6kss67r595kblp7pacvw8w8x39-linux-6.12.67-modules-shrunk.drv
  /nix/store/59aih9v31zigdsvvr109xv16yd28q3m1-closure-info.drv
  /nix/store/96x1hb3yjb4ij0cigadk9aiccwkdwi4a-copy-extra-files.drv
  /nix/store/fafh4wp825yd8j8ks6538x08xd6pq546-check-mountpoints.drv
  /nix/store/9s08ah25qkpq3gjaxa90hly85akpnmyj-systemd-boot.drv
  /nix/store/fjj5i2la38kw2g3bh1w8nrrk0rb1vi0x-dry-activate.drv
  /nix/store/k0f80ddvpqca2fn8zn799x4sy6gsfr73-initrd-linux-6.12.67.drv
  /nix/store/kd1iybj5bc97zb3y289k97p3mywkn4mf-perl-5.42.0-env.drv
  /nix/store/sfx4fzarfmn2ynkb0dw16mfwqgsra5bh-boot.json.drv
  /nix/store/sicr0dgc3swr5pjza0skf2kxm7jas8r4-install-systemd-boot.sh.drv
  /nix/store/wc985mwahsr4gjc5afpzw8p9fl6k5ml8-local-cmds.drv
  /nix/store/sq8cnnz9jx89i72fyxfr85iav6kkqy2c-stage-2-init.sh.drv
  /nix/store/gngk80bkq5qml015ahgcy0l6s0l0m8g7-nixos-system-nixos-26.05.20260126.bfc1b8a.drv
these 1816 paths will be fetched (3691.96 MiB download, 14175.74 MiB unpacked):
  /nix/store/bck5lpyz0sphkv0vnq8isigjaa1854qz-7zz-25.01
  /nix/store/wqky82f75ckch26q8wzfxgwfsz50v3f8-KDDockWidgets-2.4.0
  /nix/store/irlvv2rn26z1m7b4338q7v361i9rya9h-aalib-1.4rc5
  /nix/store/hiwgmi3l9zw5pqpva42nhjcz1062nydh-abseil-cpp-20250814.1
  /nix/store/k7dbhkrl9gvc27zlqndhva342ny96bq2-abseil-cpp-20250814.1
  /nix/store/cs1xyqcpnk5rfqiggz2lcj3cxpw89772-abseil-cpp-20250814.1-dev
  /nix/store/9fc7a8r0zyi7ahy4zq4pzc17zdffc66r-acEvent.sh
  /nix/store/34ncrchpxgfam1qk2yj8g6sr4vbb5b0k-accounts-qt-1.17
  /nix/store/g1hxv8yw8lnizh0j92zjdwhsypky461m-accountsservice-23.13.9
  /nix/store/k2clgvs4f7868m30pwwb6akbhn3gvnv6-acl-2.3.2
  /nix/store/zxmqrs1fk1c2xpn2xv95g9qrzlywg2bm-acl-2.3.2-bin
  /nix/store/h310ll750zzi3fp045iw8pvg3a60ingv-acl-2.3.2-doc
  /nix/store/nzcn0jhpf7wrkyz1sg1xvxq1p4g7k8gr-acl-2.3.2-man
  /nix/store/y8a57m2ax3j65wqa4izd3ngd5k6bfxrq-acpi-events
  /nix/store/wb00y7iyz625r2nxkgnm9cngmcrxs2wl-acpid-2.0.34
  /nix/store/3b4p38fk6hgwaf2p6jcci5k93b9cnxc8-ada-3.4.1
  /nix/store/z83n9jylwsx601sq59vmydnsbv98dgyz-adw-gtk3-6.4
  /nix/store/l6aj8q1jq3yw3j7lkwv3knmjgvcmn8v1-adwaita-icon-theme-49.0
  /nix/store/hjsh6bjjcqns6bi2j4fjbs93iqgnpgvk-alacritty-0.16.1
  /nix/store/wxj0np9qlbn1sh7f8l28c6f0frrxyr49-alacritty-0.16.1-terminfo
  /nix/store/d2zl40rz0ljmkbwvjw352s6q4x3lflpw-all-plugins
  /nix/store/vig2f0ipphqlgbkvhlc9r7yf5lra54yp-alsa-firmware-1.2.4-zstd
  /nix/store/5m92vqp4anp30sh0dv756534wzbb4kfm-alsa-lib-1.2.15.1
  /nix/store/ij05c25c11dissklsp3fiysb8kah7iq5-alsa-lib-1.2.15.1
  /nix/store/47crwj8zckj6l1d4rgz3dk1mwqpym9is-alsa-lib-1.2.15.1-dev
  /nix/store/fy832r8x0j37rjlmbqyk6sk5hicqw60r-alsa-plugins-1.2.12
  /nix/store/0qrww6mn4631q7kf9j1770lf5ilwgwjm-alsa-topology-conf-1.2.5.1
  /nix/store/71jy4ck8i68mxdzalxj16vijkxy7323p-alsa-topology-conf-1.2.5.1
  /nix/store/mw52whcgj1206np5db37c30z30r8savw-alsa-ucm-conf-1.2.15.1
  /nix/store/wl44y9kgwgyyvmaaixkc01s4f8dnqrjg-alsa-ucm-conf-1.2.15.1
  /nix/store/q6vsyw04aa1n35qidbahd57s56crk9bz-alsa-utils-1.2.14
  /nix/store/1nra10nr6z89sx7z3wa5rkgcl6vl77xj-appstream-1.0.4
  /nix/store/plyw8ppzic9pwdjsviadh72vly2clmf7-aribb24-1.0.4
  /nix/store/88n6xhgwpz0hdqbj6cggfrnhvygw2qzm-aspell-0.60.8.1
  /nix/store/njkxckivma0x8j25pkm990z0vi0v4wdc-at-spi2-core-2.58.2
  /nix/store/90wk185ghw9axl97zqqm2w40rnz2fg3b-at-spi2-core-2.58.2-dev
  /nix/store/r6c8xabdi1a4pgw74p33w9p7z2irz6md-atkmm-2.28.4
  /nix/store/8xcvwxjw3nhswqwfgm1c4wp6ad7qrbsf-atomicparsley-20240608.083822.1ed9031
  /nix/store/zkli71r0hpsqzch59xjqwfwqr5w98sp0-attica-6.22.0
  /nix/store/lvrhyd034rz125dshgwzai71nrfa43hm-attica-6.22.0-dev
  /nix/store/r6r44cz0zd4zx4yjsb700h2kfhs9r3rn-attr-2.5.2
  /nix/store/mgzgjrsjalr4085i4xff8sg27z1h9afm-attr-2.5.2-bin
  /nix/store/9ylavpi20nwxwnmyqs1cdvdyk8vsrmq8-attr-2.5.2-doc
  /nix/store/f1lz5fgzq7wxh0dqxg68fzg4j9zmq6si-attr-2.5.2-man
  /nix/store/cx3mp71jzyvqk1mfxghcsdycrhzfj8v1-audit-4.1.2-unstable-2025-09-06-lib
  /nix/store/zs3w55yk1wadgg6jjl6vfmqs7k3bjdqr-audit-4.1.2-unstable-2025-09-06-lib
  /nix/store/bgmddh2lxi5nhn9rdi3lbvk2m301jn4r-auditable-cargo-1.92.0
  /nix/store/8z6ap8amdlqlxp8djjmbp0w3j069ilc8-auto-patchelf-0-unstable-2024-08-14
  /nix/store/pwcf8y9riimspna7lyhjqf98p6rfl02n-auto-patchelf-hook
  /nix/store/4sacismd3smdsgknas464qz345gdi5m3-avahi-0.8
  /nix/store/d878n04hb47ab8ilx30zrd2xh2mii32v-avahi-0.8
  /nix/store/lsxyv4lb00jqls8sl8scccphqdaapsl9-avahi-0.8-man
  /nix/store/gf428hf3020iq66yyghsza7m6bgk4p2z-ayatana-ido-0.10.4
  /nix/store/hypyw808ykq97jw0abx7pgv3pqq0gyv7-bash-5.3p9
  /nix/store/jm69hfyrn77zkdxxdl0bwlmijp162rp6-bash-completion-2.17.0
  /nix/store/64qrsa2hiz1ayjv0m655cqwzx54hib9w-bash-interactive-5.3p9-doc
  /nix/store/by59bhs57xx4i2nh01bsjm3gdprgrby1-bash-interactive-5.3p9-info
  /nix/store/1yg24id0csjk4nq1a3apimwf8dqisr9d-bash-interactive-5.3p9-man
  /nix/store/fz2gayy3kwjyzp66a3cxl826fqbzd5xz-bat-0.26.1
  /nix/store/m2gxc0sb4rkpnqhz541pp1p6g6w31gm3-bc-1.08.2
  /nix/store/il5csdjf695hg2njszcajnrf5i5rwzbj-bcache-tools-1.1
  /nix/store/71zazsbsl9j3avg2csbif6cfn2y1s301-bin
  /nix/store/kksc78dvp8aibb7z5n03vsszyy54i3vm-bind-9.20.17-host
  /nix/store/0zvs7cvz44kl0w5mkxr9v72vhn3xyghn-bind-9.20.17-lib
  /nix/store/c4wgxxf7nski7glbl9gkzlxm8dza72aa-bind-9.20.17-man
  /nix/store/m0rbbdfsbkdqpr6bs621jwi21ra1br4g-binutils-wrapper-2.44
  /nix/store/2f728vasd29dnc2ys09mn45058mkzvc2-bison-3.8.2
  /nix/store/dswj8hkz3kv7dh2nkakhhgz5a7k39s35-bluetui-0.8.0
  /nix/store/41365c5p7kbrpqya8nlqli6impn87jk4-bluez-5.84
  /nix/store/qnx4i9cn11wbk4rd9wk32c461q86jg1g-bluez-5.84
  /nix/store/q6x7h79p5dr3scj5ma7r8dqzqnsxdskd-bluez-tools-0-unstable-2020-10-24
  /nix/store/8vnx4brm7m4r0b0xdhq7imwm99zdlb3q-boehm-gc-8.2.8
  /nix/store/qd6jcra31slc5v5qh2wnsg6gd7v03vr1-bootspec-2.0.0
  /nix/store/nwyp500jdcnlylbfaxapm5jb6r0cwypn-breeze-icons-6.22.0
  /nix/store/gkc955hghvz8cyyvgf0wjrgpy9d317fb-breeze-icons-6.22.0-dev
  /nix/store/w83bwb6v3k50p714wdiplnadr72vp0m5-brightnessctl-0.5.1
  /nix/store/xw8adsxqwapghi9q97yizryxg0hs0jx6-brltty-6.8
  /nix/store/494flzsx9j86bshnds5sy6f4iy4g7gxi-brotli-1.2.0
  /nix/store/gm1v2azbnb96yi4fapfd1jx9f0jrnpzq-brotli-1.2.0-dev
  /nix/store/7saf7wna5m0hmxagd8ajcdk36ac564ax-brotli-1.2.0-lib
  /nix/store/0mzk5q4zn9x7gaar345i3svrk7wwry66-btop-1.4.6
  /nix/store/5a6r6pm6ghp6mfd1d025fcivpr850f5h-btrfs-progs-6.17.1
  /nix/store/dqzmpjz70l4lzg7lmc3x8wih74nh5bpc-bubblewrap-0.11.0
  /nix/store/6in5jlbspq9szjvlrdxq9rpmxyvca529-busybox-1.37.0
  /nix/store/l1d5n4177jfnr69v87g6a1y4qc1bdnhg-bzip2-1.0.8
  /nix/store/8wi90rgjxgdaxm1hn7w05c9j9lq4rj7p-bzip2-1.0.8-dev
  /nix/store/zwivimvnjv4ma5b6d7j007qv3qac3q6f-bzip2-1.0.8-man
  /nix/store/dkvxkb5cb4zl792gz2msbgxhhk2mh43i-c-ares-1.34.6
  /nix/store/j02bpb9f7w3kh0rbbpmbhv6svcc8p3n3-c-ares-1.34.6
  /nix/store/xjqicsm7q0pb1hr271cki2f6k18d4sc2-c-ares-1.34.6-dev
  /nix/store/5nbvsm40g4pdl8dyjil3zi426czf39qv-cairo-1.18.4
  /nix/store/rdbzkm6cm2n373xnbhpwv50b7pijgw46-cairo-1.18.4
  /nix/store/bvk4cw5w1h1nw6fy1z7zn2hqkvcc6d2i-cairo-1.18.4-dev
  /nix/store/fni6dgm5ng28fd951c4x71p1bsmaipj0-cairomm-1.14.5
  /nix/store/yqcsaywfvcyy9wmbzb5fawp29icgi7cb-cargo-1.92.0
  /nix/store/nrfqj41yzaw70bk2nd1vcfnj2gmzx5gw-cargo-auditable-0.7.2
  /nix/store/ygaww7hicgfih983g58bp1ad3j4j6xc9-cargo-build-hook.sh
  /nix/store/1gi4iwlg313jn12ar7da3l3w4cv3v12v-cargo-check-hook.sh
  /nix/store/vfp1y52qj09zbi4qj7pixf2gyqaf4ysq-cargo-install-hook.sh
  /nix/store/30prgsx2yxvb8sdsgdjn6xjylcs1582d-cargo-setup-hook.sh
  /nix/store/virhahb72zi88bdyxr1vqghdipahnz8w-cdparanoia-III-10.2
  /nix/store/y3gd74m6xbp5yfvnyhs3g3a7hdaj0aqg-cdparanoia-III-10.2
  /nix/store/icd34hc1imrcwd1ip0gbg5cdww87lnqh-cef-binary-6533
  /nix/store/kr3xk9kcq6b72c892yhy0p0m257fqz22-celt-0.11.3
  /nix/store/7nz2p2qa1p0qaqfjzzw7yqnkif8pfdhd-chafa-1.18.0
  /nix/store/x5dn7clqxia2b9nx07gq8pil6lg3pfs0-chafa-1.18.0-bin
  /nix/store/4aqn42hj0m3jaghw70p9lpn27swgg15g-chromaprint-1.6.0
  /nix/store/n4hd2bachqhd306zmwhbc7mmd49grjvm-cjson-1.7.19
  /nix/store/q2dbbwdydrg8qvglgx1q4wrbw9r0nndf-cjson-1.7.19
  /nix/store/rm8isfm4fd14is3fv3h4m459rbiy91bx-clang-21.1.8
  /nix/store/xibf2ayyaljj1r7wgjf4n7n4vg5z8n2v-clang-21.1.8-lib
  /nix/store/6n5r46icm0bl55s9p5z2zgcv93m39r5l-clang-wrapper-21.1.8
  /nix/store/zmrbcbd77w6nylgwyagnxh87all5swjf-clippy-1.92.0
  /nix/store/lxkvigfj5xy6w2bs7h4xwr3d7wb7piqb-cmake-4.1.2
  /nix/store/k36sckjlcilm7j3nnnhfv090h2q112mq-codec2-1.2.0-lib
  /nix/store/idl8schy78hxa05jyndj4nmb4wzgcln2-compiler-rt-libc-21.1.8
  /nix/store/i5vppnbl2qnrvm4h5azwq83rr9gm7sdy-compiler-rt-libc-21.1.8-dev
  /nix/store/0jcakc1an0mc0s6plah74wmnq16bg11q-copy-desktop-items-hook
  /nix/store/ydaxkydylfajbac043gr671ifsrglb3w-coreutils-9.9
  /nix/store/mi9xdbg7vwhmbcwrynpasx2fm3sh42z4-coreutils-full-9.9
  /nix/store/n4qxka31bs4n99jd5a6a5vjwpcy66z94-coreutils-full-9.9-info
  /nix/store/78jsgd5llysy3fsv3amwdbwqmv1sbpww-cosmic-applets-1.0.3
  /nix/store/mdvwdpax1ig1wc5kscsa85pqqhccyfr5-cosmic-applibrary-1.0.3
  /nix/store/5dc8ax1nqzj2ma46jksvdjg374ppx6ba-cosmic-bg-1.0.3
  /nix/store/zjir9qnghzamb69d95hvn46a5b82zyq7-cosmic-comp-1.0.3
  /nix/store/1qsdv7mk95vi7hhrx4s6gziq94y8i48g-cosmic-fallback-themes
  /nix/store/irks42xsqxxznjjhzarpfypxjfnxg58k-cosmic-files-1.0.3
  /nix/store/3p79lwmama4dnra9r3qzxwqrdmw484r4-cosmic-greeter-1.0.3
  /nix/store/i13ggv5wycs7q3y22mfl6cryfp96gl10-cosmic-icons-1.0.3
  /nix/store/6acr6fymc7sl9s75z1zdr4246nvy9bzz-cosmic-idle-1.0.3
  /nix/store/cpvi4i7q3dlhhbkqk4423i5jjbrlxcfx-cosmic-initial-setup-1.0.3
  /nix/store/iqvd1hm9jlby4hkclg8j9ys5rq4gg4vk-cosmic-launcher-1.0.3
  /nix/store/qx3l7m6px9r9b1z0qwhvcqpas6mlzdhx-cosmic-notifications-1.0.3
  /nix/store/8s3j0m4z50na8jhqaaj0mfszi8lni2av-cosmic-osd-1.0.3
  /nix/store/nmi4hmzxhcb9kjl7mjvgbc5q4iaffi2r-cosmic-panel-1.0.3
  /nix/store/la2wjll8drawdmy01kqw78i1yjnjw493-cosmic-randr-1.0.3
  /nix/store/m1ia1b9f8gm1fb4jrha82k0k6cx046n9-cosmic-reader-0-unstable-2026-01-16
  /nix/store/y6f302vdhgm5p3lqvhnvwjivwqd892qr-cosmic-screenshot-1.0.3
  /nix/store/frqm4yzpibs3l07whgyxzv24i3g997s3-cosmic-session-1.0.3
  /nix/store/5d7l6m1cdlrbdqnw079nwzc1i7jp7dzy-cosmic-settings-1.0.3
  /nix/store/b1hash5bjliqbqdbwjv39dl3mdj2ddz3-cosmic-settings-daemon-1.0.3
  /nix/store/cvyafy2qql28579jjzvb987jz0hybms3-cosmic-store-1.0.3
  /nix/store/m9qg5ca9xks9an5avlkbww26xzlh60q7-cosmic-term-1.0.3
  /nix/store/jwjnhr6sd5yszkgfaxnsp25zaa803br8-cosmic-wallpapers-1.0.3
  /nix/store/rmwrpcg8c9fffc5bm1wi47nrp3qjfrmb-cosmic-workspaces-epoch-1.0.3
  /nix/store/bnf1y2hy2151xj0jg3v6gjyp1mqwl1cy-cpio-2.15
  /nix/store/3mlz3lcs2gyi2kgpvk1iysh5lwpy86gx-cracklib-2.10.3
  /nix/store/v0s98dyb983l11kbsni6f821g6iy9r7x-cracklib-2.10.3
  /nix/store/0r80whfk4g36ivsm57a6ql4pg1zsz1p3-croc-10.3.1
  /nix/store/47drb11y4yvdy9rh6lipacb6inckq9rf-cryptsetup-2.8.3
  /nix/store/hh9qjv7q59hgvkm1qxg2ggs824ccv74r-cryptsetup-2.8.3
  /nix/store/47bvlqrx8yqw4fi9j4j4f599s9zc6q2w-cups-2.4.16
  /nix/store/42bjj6vp4q6wj4gbs0v6kzjxl82v1rqk-cups-2.4.16-dev
  /nix/store/rcp235j37hm37z95gbycan2l1afp2fbg-cups-2.4.16-lib
  /nix/store/5k996lin1qkk4fpc2ncyl4d1yhpgzm45-curl-8.17.0
  /nix/store/ybmay53wsznxix4vs7gbwn36mylvhyk2-curl-8.17.0
  /nix/store/z2p2fghmmlz811h4m5gf8dvv831n7pd1-curl-8.17.0
  /nix/store/jqfr3p49g3lch84y45jfzw9fshlv8jyp-curl-8.17.0-bin
  /nix/store/nkcdnynzmpivn89lqqz3iby95w36vbfi-curl-8.17.0-bin
  /nix/store/1zpdv6g5dawfialmjqnrizmg9c27df8k-curl-8.17.0-dev
  /nix/store/gy73p60881n9nagq7grffjgy4ycw9a85-curl-8.17.0-dev
  /nix/store/l4yqm58fi4b50caazj7wmbzxam6arg0h-curl-8.17.0-man
  /nix/store/msaigk8gy4rikyxbxiqksh8njd5dx13h-curl-8.17.0-man
  /nix/store/r7nx2vjn9b4gyzihyy91vdjlb02h3yrz-curl-impersonate-1.2.0
  /nix/store/rirdy58wjr9c6bc773sxa063fr6vyhw8-cyrus-sasl-2.1.28
  /nix/store/99h5aqpq7i1wnrlpclja0l39i90wi65x-dash-0.5.13.1
  /nix/store/0fhmh2qq83x4drl6p4ix72d7pb579kw4-dav1d-1.5.3
  /nix/store/im7j49npizac0d5ldi5ikyyfy7x5nd2s-dav1d-1.5.3
  /nix/store/ny3lkl2vq3dscypp47r2y0bs0ccw47nh-davs2-1.7-lib
  /nix/store/9gdbdb3nwv46g92pzha8y5dmwk10fmhb-db-4.8.30
  /nix/store/rflgylm4frlz1580igwhcpdvkdllpk0x-db-4.8.30
  /nix/store/qqxxrpwanlq4abxfam7a7wdlnr4b0r65-db-5.3.28
  /nix/store/pb9dhpk6qxjybb8p7prvs18ls2vxk51a-dbus-1.14.10
  /nix/store/ay9nra38p5qqh19mznh2ksv31cvhrc1y-dbus-1.14.10-dev
  /nix/store/g1k9zr8gz3gsqj1qqnsip81ia17sncl1-dbus-1.14.10-doc
  /nix/store/jh07azrfyi3x24x4cwm3q8abxnj6m9wd-dbus-1.14.10-lib
  /nix/store/l275fbscpx37cin1vh5myidqb79xg7rh-dbus-1.14.10-lib
  /nix/store/n4bsj4zrp2psnhw77mcc5v36nyiwxrbm-dbus-1.14.10-man
  /nix/store/d38gqb8dryp7qn33dvjk41hiwi3bl7kk-dbus-glib-0.114
  /nix/store/849ncb1s5alchc7g4l51r7h0k6r4y7k9-dbus-glib-0.114-dev
  /nix/store/i9sy9npsfpk9fh4qngkz01qhjjhdz7n6-dconf-0.49.0
  /nix/store/9zbb8hwx76m2cky1452dwam5vlpmax81-dconf-0.49.0-lib
  /nix/store/y6g997yn1jkg03lb9j2y5gih7ljxkg5s-dconf-0.49.0-lib
  /nix/store/qrxy1rq5bj4lm9i1qy08mackjpg0r4j2-ddcutil-2.2.3
  /nix/store/9v9i2f647ihw56z8cr5p5x7sf9adrrak-dejavu-fonts-2.37
  /nix/store/ibay162m3grl2lq08p7iqvriw4424y6l-dejavu-fonts-minimal-2.37
  /nix/store/zm7p349xn0a5vxr9g7wg8gb2xd43h03m-dejavu-fonts-minimal-2.37
  /nix/store/xssqfprccv3d3yyq8kv7phc5pkm1p3kg-deno-2.6.5
  /nix/store/d9hjfjlihn290npa1af451rhyaji982b-desktop-file-utils-0.28
  /nix/store/5pccx3axvlvwkphsgr7kx0k147j3q7xf-dhcpcd-10.2.4
  /nix/store/yhxa1py6ya5w18c8s4jq0zh8yd34w291-die-hook
  /nix/store/525b1ibs74f105lq06vkrsss9i5q80fc-diffutils-3.12-info
  /nix/store/xckmq8f6qfmf36ip62i1zpq02lzap9zk-djvulibre-3.5.29
  /nix/store/l6wgjlcknjl6zgrxmlfs2sibz14imy68-djvulibre-3.5.29-bin
  /nix/store/1r1a1qsm40dmlrj0zfv1lx8q0s65g3dz-djvulibre-3.5.29-dev
  /nix/store/qfhi1xm8yv6kgh5gxdyz4i9zxcmzysff-djvulibre-3.5.29-lib
  /nix/store/jx9l9dlryvv5h5zakg3ms9gj2bzjipr9-dns-root-data-2025-04-14
  /nix/store/qxng7sn59mls3m6akfdx8s2rgpd1js74-dns-root-data-2025-04-14
  /nix/store/q246fmk322y0qn3df890pdmpy7kq5769-dnsmasq-2.92
  /nix/store/2phfc79fw8z6xm4l02dcamsajf24bfcl-docbook-xml-4.5
  /nix/store/v23fmf2jrcihx7q2mxbpn6ppll10dgzf-docbook-xsl-nons-1.79.2
  /nix/store/l9wysji66a2pnwfpzkpm3s8bwskacrh4-dosfstools-4.2
  /nix/store/in0fway5r7rj61fhdj8zlr8a50xyv5rl-dotconf-1.4.1
  /nix/store/yzshan7hz1v8l0dsapwhivpas5c4x921-dotnet-runtime-9.0.12
  /nix/store/2bqjpg1vq962bxn493jlwi4p3rnx5sbi-dotnet-runtime-wrapped-9.0.12
  /nix/store/2miisgxyyzkr7gpq8frmvgi8vjsklxzw-double-conversion-3.3.1
  /nix/store/nvmrqgqa45v9m7srsqlvs35p2hnshfs1-double-conversion-3.3.1-dev
  /nix/store/kls9dgmmdrvnxm07zyshxm4ppw0jg2h7-dpkg-1.22.21
  /nix/store/kp1a6bc7gy270wz3m755nq8gc2q32q9f-duktape-2.7.0
  /nix/store/4x59zp0ba5r8s9qqba1j77dqg9fgmjy8-e2fsprogs-1.47.3
  /nix/store/3xpcj8db5mp48pzswvx6l8iy02ayd4kf-e2fsprogs-1.47.3-bin
  /nix/store/498d3qckd70l49xv9924g5cdf0hwpz2k-e2fsprogs-1.47.3-info
  /nix/store/h6c35ra2y92as3f8blvhnz7dsn1ng2f2-e2fsprogs-1.47.3-man
  /nix/store/0dn9zfdphz0xrj24dj0n600d0x4dwyq4-ebook-tools-0.2.2
  /nix/store/51y3qxdacjl5j5nxz2gnsx5jq81p9ipa-egl-wayland-1.1.21
  /nix/store/dicvl29h2y2fsk9vj6f4cjxblrsisfz0-egl-wayland-1.1.21-dev
  /nix/store/mfvzx0wx1vy4mw595ww7n9k29a0ipp8c-eglexternalplatform-1.2.1
  /nix/store/d4r1c9iynnl4346w6lw967kphxwvvmhs-electron-38.7.2
  /nix/store/6ppl38w30hiygnhzkxagm6yrw9jdl15x-electron-unwrapped-38.7.2
  /nix/store/6b77klai3fz791xa2x2hpblxndvdv36i-elfutils-0.194
  /nix/store/wf2yfa70lv7n5mg839h7i84ci73v9n37-elfutils-0.194
  /nix/store/43s9af1k5q4848agh0pyy7s900zfc0n4-ell-0.81
  /nix/store/cl2gq1zb1vz9mb26aqi2j9sisfnn7dgz-ell-0.81
  /nix/store/vid0cpcx85xg6crqmkg2dvjfzk2mh4h6-ensure-all-wrappers-paths-exist
  /nix/store/6y5znmf4bmhp39ixmflwzz04sh3r4lcp-eslint-9.39.2
  /nix/store/h300lbnk4bmy693pm94qz6z3dk0gjsl2-espeak-ng-1.52.0.1-unstable-2025-09-09
  /nix/store/h0b5m4isps7v3bpyh3n9lqpgbl2glz3f-ethtool-6.15
  /nix/store/hj10rv2ccs1qwrnfyafh418n34l4bnf5-exfat-1.4.0
  /nix/store/i4k7xyvvp1p3jnpqy2lysfzla81a2aiv-exiv2-0.28.7
  /nix/store/mcvwjpmjrljz4lmc4akn1jiwk5fla5nv-exiv2-0.28.7-lib
  /nix/store/737dqp5fsczjn8isjs7jhws09aks64mh-expand-response-params
  /nix/store/lxbdd8naimmx07dab0yhfgqr61ycjqv8-expat-2.7.3
  /nix/store/6vwhdd1hzqdx5v1z1p5g5n8z5ljvna6f-expat-2.7.3-dev
  /nix/store/4729cf8a7c0rwa6dxivdxlwdg1jvqf8n-extra-cmake-modules-6.22.0
  /nix/store/7dis7kqs0d970ik6pjkv5n0xmz2zrh60-extra-utils
  /nix/store/7pib8cblc1nc8cxijgfx70vblfmqkb91-f2fs-tools-1.16.0
  /nix/store/wp5620c47prs2xy0zqzhp8aprpx5n760-f2fs-tools-1.16.0-lib
  /nix/store/4pp9mcz0xrlsdnllaj5wyjjag14mil76-faad2-2.11.2
  /nix/store/vfp28wg1niwn8vw0d0vfkxfq1yx9l3wv-fastfetch-2.58.0
  /nix/store/xdr2xfhm5lvv95a14c6ydf4dl6yfd02n-fastfetch-2.58.0-man
  /nix/store/gvh74ry77q456n8i1sdd8d3s9zqv8wm7-fcft-3.3.3
  /nix/store/yazhl9gb5lpdgm220nm4202imc2k2cz1-fd-10.3.0
  /nix/store/a344ch21fnin5nd4jcbavmafyi75dz2w-fdk-aac-2.0.3
  /nix/store/b5bnaw1cdayhsab2dmqbpzg553lrimyi-fdk-aac-2.0.3
  /nix/store/wv856kzc3scxrhyq6dablzmv010l6pmr-ffado-2.4.9
  /nix/store/y6za0g0q8zrk2gbixwaibfx91j1qwa39-ffado-2.4.9
  /nix/store/9v13wnjs5p29q85p9l5vvc3yd4bnbv92-ffmpeg-7.1.3
  /nix/store/hb02flyf15b11qrxd6ag758nm7bxvfv3-ffmpeg-7.1.3-bin
  /nix/store/321ryymf14cq0rghf8rngbncpmq2ndrv-ffmpeg-7.1.3-data
  /nix/store/3bqm6ay53z7gvqbfl6dm0dqrfap60wc9-ffmpeg-7.1.3-dev
  /nix/store/046pbqbl1n61sm32dj6ca8haadh3wmwz-ffmpeg-7.1.3-lib
  /nix/store/68hyp7hfkyf6viq2yjkwv79f4dcg0bg0-ffmpeg-8.0.1-bin
  /nix/store/6mld0m3sl8lfxcavsbar7mh61yv4hd09-ffmpeg-8.0.1-data
  /nix/store/ip6n67n2zgpqbbm8d6l4axmsrfj4bmnv-ffmpeg-8.0.1-doc
  /nix/store/l1lbly9k00bia2fimr965jc3n21bmhj6-ffmpeg-8.0.1-lib
  /nix/store/r8p823ijp53k797fgr6bwjnn36v3fv0r-ffmpeg-8.0.1-man
  /nix/store/bxc5wq4cpv4xvqajg7glk0h2r9im8fw4-ffmpeg-full-8.0.1
  /nix/store/3v04jkilsgbry6j10wc0jf9ybw2xaadw-ffmpeg-full-8.0.1-bin
  /nix/store/2bz4sbn7qzg7pk4fk29sdnh5acxadpq4-ffmpeg-full-8.0.1-data
  /nix/store/38sbf2w2qjj325avxk9s58lj7cba39c6-ffmpeg-full-8.0.1-dev
  /nix/store/l683pc6k7v03gsdasb24xlir77khv67x-ffmpeg-full-8.0.1-lib
  /nix/store/n3xzc7rs0xyr3y4m3bdnc564d0s445p2-ffmpeg-headless-8.0.1-bin
  /nix/store/jznzvs1n15blf0pmln83g1qzn7jlap0z-ffmpeg-headless-8.0.1-data
  /nix/store/sna0zr6lfmc9jrnbpc903ccx8l6vbvn6-ffmpeg-headless-8.0.1-data
  /nix/store/0hxbssascnida3bh87x3nylnk54qjifg-ffmpeg-headless-8.0.1-lib
  /nix/store/7gzqzx2767cd4kc2ygcrsf4bhn5qp5gy-ffmpeg-headless-8.0.1-lib
  /nix/store/adp04w4g9mx9di5p1zai5fbhrlkrjdwy-ffmpegthumbs-25.12.1
  /nix/store/0i736yifif21gfjxd4w1bd95ldmajjm1-ffmpegthumbs-25.12.1-dev
  /nix/store/awg6xv4dndw92hc28gziwi7jgg2kyal3-fftw-double-3.3.10
  /nix/store/sjj2v4xfh8xz8k104750g2r1w9qhi4k2-fftw-double-3.3.10-dev
  /nix/store/nczpv7a6shqvbzv7h06qm0n28zzcphh6-fftw-single-3.3.10
  /nix/store/rm305p2vj16c4gv30bz60nx6gvx8p6pd-fftw-single-3.3.10
  /nix/store/6gdwlkcs88jq7lcqrqzb2lr3aav5vpha-file-5.45
  /nix/store/nix8y90pr8p4bz62skd1j571afg2n1c2-file-5.45
  /nix/store/ikl1b9wr9b5bcr08sb76xhxpimadx47y-file-5.45-dev
  /nix/store/x3li8bcdrgnwfh397sjfk1sgsbax6wxn-find-xml-catalogs-hook
  /nix/store/r7ij2k3ps4jzj68yisgxis2bq5f7lacf-findutils-4.10.0-info
  /nix/store/c5awpf3mv8pjsnljvigm6dbwg65rckyz-fira-mono-3.2
  /nix/store/i48w7p8vcngz78m3l7gmkzvvzicq9waa-fira-sans-4.301
  /nix/store/aiq4flp4ip4kby245wl0shi6c1mim9xa-flac-1.5.0
  /nix/store/v8b539h3qybp0pg7rsqaknf4lff65y50-flac-1.5.0
  /nix/store/nl89dc49093hbrl4skflc4hy56w4khaf-flatpak-1.16.2
  /nix/store/4h9vmpn28g2kb9432i1n36scfk4pjb2m-flatpak-1.16.2-doc
  /nix/store/zv59mrig3pwjivqln0pj9d6ylhxlizg6-flatpak-1.16.2-man
  /nix/store/ygr5i7nrfinvkmg75grak6pyyjx7rrvq-flite-2.2-lib
  /nix/store/348nb1q4my325xygms146iila0l1wkp8-fluidsynth-2.5.2
  /nix/store/4jhzr5pzrq1bfzp9rcbgsvzh1fqk1a9m-fmt-12.1.0
  /nix/store/1x0pi2yiiw1xiq6406jjghy72010x7a9-font-adobe-100dpi-1.0.4
  /nix/store/jh304r9is98s8zi1qbwfpn28sahmg2kw-font-adobe-75dpi-1.0.4
  /nix/store/h9sx3vfzvbxhv3bh54bwyving0rk9ywp-font-alias-1.0.5
  /nix/store/l9pi3ngi6sx1qhnf26b4mh3lrygcc6s2-font-cursor-misc-1.0.4
  /nix/store/rwqvaw4kg9rb7hwcaf6873f3laijd1hi-font-misc-misc-1.1.3
  /nix/store/w731b6bsz7l4n18rs1y1ccl7grax2lv2-font-util-1.4.1
  /nix/store/8sg52dk6ynhsizx4di9015cx26g8v9sz-fontconfig-2.17.1
  /nix/store/q9lw7mrvhc2d14nrzwvm2fszz6861xvc-fontconfig-2.17.1
  /nix/store/y20r6hlgfv26dpm016k6rmf6c8rnmzfl-fontconfig-2.17.1-bin
  /nix/store/q7kqw6kpkpwqlwi51lj4aih5rjb7g9n0-fontconfig-2.17.1-dev
  /nix/store/0yz8kdingsy1k3wcazsy9ikkqgklvnqg-fontconfig-2.17.1-lib
  /nix/store/cmpddlfv1l4g1y77z7g8pxmdhsqjz0w1-fontconfig-2.17.1-lib
  /nix/store/r5z5l1059j1b9nwd9kxpkgq0wrkz3szr-foot-1.25.0
  /nix/store/s6xfphv1dpywwkvvdj22cnrwg0xlwl9m-foot-1.25.0-terminfo
  /nix/store/a78j5yv2nf3zl8l2zwsyfx5fcvfpsanm-freefont-ttf-20120503
  /nix/store/0nlkdxwcjxgg8kjy29ywx3f163a0dh5x-freepats-20060219
  /nix/store/cv75kmxbzj3rnwqp7ykqvf7jr59rk5cg-freetype-2.13.3
  /nix/store/mjj7524kagv013g0kh0wbw0da62yfr1i-freetype-2.13.3
  /nix/store/d4i1vzn8wsna9rjcc2h55qcsnd8mg815-freetype-2.13.3-dev
  /nix/store/sb2nw10k9f87w7ydzyr8jjzx7jvqs3dz-frei0r-plugins-2.5.1
  /nix/store/dkw48k243m15sjwlawz1lc6vmmbqwh4b-fribidi-1.0.16
  /nix/store/q1kyhxz9jcqyjqkvqkbx4709r3cpsqgi-fribidi-1.0.16
  /nix/store/wmav53k5dhy8rd4zxhb6swq0b9s8fva4-fribidi-1.0.16-dev
  /nix/store/pp6qb514a70fqz9xkcvczzg3lw6ch469-fstrm-0.6.1
  /nix/store/v0sl3gi2d2dbk3gp7mr3cxrxk75fh96x-fuse-2.9.9
  /nix/store/canm2w1wgn0y539whwbbcjlkbwl8sbz9-fuse-2.9.9-bin
  /nix/store/9dxisi6vh4aj7675m83ynhm6v3mvraka-fuse-2.9.9-man
  /nix/store/n498ipacrkjsxbdg69blsvmjkagy4cmm-fuse-3.17.4
  /nix/store/5bqbxc7r9bpjkqy01gmq49js84x89rp8-fuse-3.17.4-bin
  /nix/store/rvs13lavh3rd8bqj1kxxwn0ai38azy39-fuse-3.17.4-man
  /nix/store/98zgrv8ghd6dzqyc8qiral5vik844r17-fzf-0.67.0
  /nix/store/0v5h7abs616jp4sq2wfcxq3ryc3vq5fl-fzf-0.67.0-man
  /nix/store/30gdz609h69297psfglf5qfsfxijs917-game-music-emu-0.6.4
  /nix/store/miv2z2631wsjpp2vhism5bc4ipch490r-gawk-5.3.2-info
  /nix/store/44gbnv9kk7cy5grvpwnjjapq3fxgsh4y-gawk-5.3.2-man
  /nix/store/mjf8jlq9grydcdvyw6hb063x5c34g5gf-gcc-15.2.0
  /nix/store/frqv5xz9psh0n5kgbm7ypavp6rh32frh-gcc-15.2.0-info
  /nix/store/kkc64aj8dzxbgqs9vsar1z2b94h35pbz-gcc-15.2.0-lib
  /nix/store/3clcsw78zwcw6zvzyqn181flb6djhkn3-gcc-15.2.0-libgcc
  /nix/store/9mxn5p4rcv229434nck8qzz573rz5a69-gcc-15.2.0-man
  /nix/store/a245z3cvf9x9sn0xlk6k8j9xhxbhda1z-gcc-wrapper-15.2.0
  /nix/store/m1x7c684wrcyic4jbijyadapnm7zj33q-gcc-wrapper-15.2.0-info
  /nix/store/578hg40df89239rl4921nb3gdfjnm82c-gcc-wrapper-15.2.0-man
  /nix/store/bi1bc5aj3bbbnhbdx58prwb3ldmkhrw2-gcr-3.41.2
  /nix/store/ly47l89p72g9lky0la1s9p5av4s921y4-gcr-4.4.0.1
  /nix/store/qr1xrmpcizc6cfs683vi4ldkfdijsfj7-gd-2.3.3
  /nix/store/cvq5dz15wf8qcsdhs69s97pdiz59k3cp-gdbm-1.26-lib
  /nix/store/izs6bs8fflbyg7djv7p1c753jyinxvx3-gdk-pixbuf-2.44.4
  /nix/store/4ndhnsp212zd65c80yvs9dvyhdkxndj7-gdk-pixbuf-2.44.4-dev
  /nix/store/d5rsv0l0x8fl6l5ig28200m5l172nilq-gdk-pixbuf-loaders.cache
  /nix/store/n3s0cik7gcnqy5xydbflfmib1i6sv51h-gdk-pixbuf-loaders.cache
  /nix/store/6k741lbrlxicnmr828k9qvy6049pcnv7-geoclue-2.7.2
  /nix/store/j68bxfkkybwpiywgrqhkch734h1cggdi-getconf-glibc-2.42-47
  /nix/store/bs6y5ycz8hx29pvdplgfhy67vfa403dr-getent-glibc-2.42-47
  /nix/store/z1kn0dg7g9jrg07255h5nf0mvz5002mh-getent-glibc-2.42-47
  /nix/store/z1cblx8skfnrh93fpi0k6w634b40hnfz-gflags-2.2.2
  /nix/store/rvfmcj6m5y6pfhzn29l3qz4ndrzv4hg3-gfortran-15.2.0-lib
  /nix/store/i8nxhqn34d8gfi5m9zni9gpi169lh110-gfortran-15.2.0-libgcc
  /nix/store/54lk459zri7qf3r87skj1w3qanxk9zc9-ghostscript-with-X-10.06.0
  /nix/store/ja78a5jwsm1f0pix8d1kpiy9186ikfsf-ghostscript-with-X-10.06.0-fonts
  /nix/store/idjmaw31clp502av2aa62d98vwvpwx9w-giflib-5.2.2
  /nix/store/x8g2i34f2b86wm5kwz1nw67a1l32g0gc-giflib-5.2.2
  /nix/store/4s191cz5gphlp42dlq44dzds00nmpmvd-girara-0.4.5
  /nix/store/ipwndaag56mm8g8gn8j98z0jvn8x4mk1-git-2.52.0
  /nix/store/d8kc4kqzcrbcj92msxrpdsdjglh2q5gp-git-2.52.0-doc
  /nix/store/a8mapvrhrzw6ahgb7iv72h3jbm5ghwdy-git-minimal-2.52.0
  /nix/store/glq4vkxhah2k5q90w45zfixkfankap5i-glaxnimate-0.5.80
  /nix/store/13n0fm8mj507m37r2x6bhzlp76d9zpq0-glib-2.86.3
  /nix/store/fgzpllmvbk3l258j0f3ib7k44lksbqnp-glib-2.86.3
  /nix/store/flz261l810xa8w6narg9p9nggx4lrv3x-glib-2.86.3-bin
  /nix/store/50fnfi2484nn8dzbh7ric41a96ml3581-glib-2.86.3-dev
  /nix/store/x1kw7kh9mfyiyib08zi2vai78j720fgq-glib-networking-2.80.1
  /nix/store/79h9d2mrnab52kq2qj1migna57grjllq-glibc-2.42-47
  /nix/store/l0bm29x6hcbj27940h2zh5f0xnxgx5k1-glibc-2.42-47-getent
  /nix/store/xx5z1jg54321civmf7h8vyzvypi0fx26-glibc-2.42-47-getent
  /nix/store/6zxixmszg0vbhpaa8rxwfr05by9axj68-glibc-2.42.tar.xz
  /nix/store/r6mywbqf8x8jl2kp94bk6g8d5kpcj79x-glibc-iconv-2.42
  /nix/store/m3l9x15clwv6xz9wz36mnkq3crvsp3zp-glibc-locales-2.42-47
  /nix/store/4cmy36557sddvvjbdqa7ynwl0jh4xs98-glibmm-2.66.8
  /nix/store/wkjidk4l1kby4s13ygvr58dg1hkv86df-glibmm-2.66.8
  /nix/store/r9szsdy8d4nlqgfrkvvj0f11iw7hypfb-glog-0.7.1
  /nix/store/s1a1270h954d1rpxny72srglilaapmzg-glslang-16.1.0
  /nix/store/qjwbsxj6vl015jfiy58sblab02anhj48-glu-9.0.3
  /nix/store/vrfv132mqnh44001g96iczc31n1rpgc8-glu-9.0.3-dev
  /nix/store/amhb5b2az4n22jk225wvwzb5rlrnjk6n-gmp-with-cxx-6.3.0
  /nix/store/c5p8phmycgqjfrwzf0cpc740b6gvdac5-gmp-with-cxx-6.3.0
  /nix/store/jk8g10bpn806bhf1fc1wjpiy0m0d0dqa-gmp-with-cxx-6.3.0
  /nix/store/fy6kfb982l4aalzlj00fzdmy1i481pjj-gmp-with-cxx-6.3.0-dev
  /nix/store/lg1bf6rvqd158kiic4ayjad98mvs8a3x-gnome-desktop-44.4
  /nix/store/qkh1ys7rd8p000ib10issa7z31v4n5n6-gnome-keyring-48.0
  /nix/store/03xmas31ac31r7s0g4hyzm426355jd90-gnome-online-accounts-3.56.3
  /nix/store/sgs3pb9xhrnd14j4qhvwa4da1fnbvk0b-gnome-settings-daemon-49.1-gsettings-schemas
  /nix/store/cgk1j37lw5vw7lxdlzhdhji3fii5b5id-gnugrep-3.12-info
  /nix/store/5r7ig6wjlg6d77kiikyaiiyb2knd3pc4-gnum4-1.4.20
  /nix/store/kachqlzpp4nkjjq4pf90r9abymkc18zq-gnum4-1.4.20
  /nix/store/5lyy21zm97pj8l67r2xapdkxpxb6v6y0-gnumake-4.4.1
  /nix/store/j2vz6gm38023yfg359cnawzvabqc0w9v-gnumake-4.4.1-doc
  /nix/store/2pqq9mdchp0s0cgl1qqql38v502kbdi1-gnumake-4.4.1-info
  /nix/store/an38a5jy0ivp1504yjbzgl4prvhjnix7-gnumake-4.4.1-man
  /nix/store/6z9rxl683q84w0igsfs8jdjam8zwyarp-gnupg-2.4.8
  /nix/store/dva6fsw0q0fhmdvr03g52wx827xir1nz-gnupg-2.4.8
  /nix/store/hafxwi09djh8aknfm7lkii9qdnslv4hn-gnupg-2.4.8
  /nix/store/flpgz5k53r20qifkw9cchjsz69j094lm-gnuplot-6.0.4
  /nix/store/rr44gnjkn0j0h67blxaf7c69w6y5xv03-gnused-4.9-info
  /nix/store/fi15890rmq0cdcfbmad0zs7zycvylp9j-gnutar-1.35
  /nix/store/ax6j94gib9m7ni9pfv3qmm5l8fi1hlz2-gnutar-1.35-info
  /nix/store/hr16jj6ll2c5j9b81y47cm05zyb6pbqb-gnutls-3.8.11
  /nix/store/shw0im75hnjwgdhmd4ldkhww2y3bjgbv-gnutls-3.8.11
  /nix/store/vpcr67np8mn3p5vqpg5acynryngd3k09-gnutls-3.8.11-bin
  /nix/store/j71zy851m3z1g1y8krnz0pgmfgj2jpzc-gnutls-3.8.11-dev
  /nix/store/zzvsjgylnphvhms3lgr2qlwdxmc68z66-go-1.25.5
  /nix/store/1rpz7d45m98k1hdrxjy7p9ip0yqfzklv-gobject-introspection-1.86.0
  /nix/store/sqkq1dclffik7hdk2v7z4kdjbaakv9n4-gobject-introspection-1.86.0-dev
  /nix/store/mzamkswqv7dwd17hcgbws25c266dyjb0-gobject-introspection-wrapped-1.86.0
  /nix/store/0sfza62yir5als9byacgc2xi4w77v1d8-gobject-introspection-wrapped-1.86.0-dev
  /nix/store/3bfgzysvkjwf4rdpbnn4jb4ly21m1khd-gopls-0.21.0
  /nix/store/1si9k0gyf537hk13i1b4pdv11h0agzkr-gperftools-2.17.2
  /nix/store/0b1lqwfcp7m2q4cll1i6ypjpa49r4mzi-gpgme-2.0.1
  /nix/store/qwv6qv1jpi9xhq2py8aqgfdzrc9r03ny-gpm-unstable-2020-06-17
  /nix/store/1ndnax7q7bm8mnn4g1pkg5p3v0dn1y3c-gpsd-3.27.5
  /nix/store/shs7lb1n1d7d1jb9cdlqsgpjxdgr83av-graphene-1.10.8
  /nix/store/w18g7xgbmnz5hfvw2n26r5nkpcr80d0q-graphene-1.10.8
  /nix/store/bzhxk01ph79lpg51qrpb7b9c81wn4vfq-graphite2-1.3.14
  /nix/store/v6d9ag8hs0sfl3q0ikxdpp8k26csl0am-graphite2-1.3.14
  /nix/store/iwxsh5cnkipy9g0gjyd8i182srh89xfx-graphite2-1.3.14-dev
  /nix/store/z99hma7bh38a2r1lzs71rlv1xny4vrkq-grim-1.5.0
  /nix/store/92jwzc69lwmlzr80vv3ssd50i0b19cbk-groff-1.23.0
  /nix/store/ardc48431c6fl1wjqcvjdngp2wd7aqpq-gsettings-desktop-schemas-49.1
  /nix/store/y2sqcj64zklnz88d2lh6h26f9anrd1wx-gsm-1.0.23
  /nix/store/j3yfahc9m55y2jvz8hy1smr5kl942mxn-gssdp-1.6.4
  /nix/store/1vk6ylmlqs5nhmnm4aiy1cyszhp0zarl-gst-libav-1.26.5
  /nix/store/bnfvs2x0r5ygknjwhy9i5jv5p406pmr4-gst-libav-1.26.5-dev
  /nix/store/qi6h533qphkvkanx7wlmvj0wnm72rbrh-gst-plugins-bad-1.26.5
  /nix/store/kvz15fn46p6v9q4m1xhssp52xg16gmx9-gst-plugins-bad-1.26.5-dev
  /nix/store/bzphq78ziif2pxb2ppmxg7m2ixpmxk8r-gst-plugins-base-1.26.5
  /nix/store/k98dlpanhvcr17yg71rllrx0fmmaxfb4-gst-plugins-base-1.26.5
  /nix/store/9p9284fss90pqdihapcc90cwbambw7pa-gst-plugins-base-1.26.5-dev
  /nix/store/d20jggdy16wqrqbprpgli39n3yqz4dvv-gst-plugins-good-1.26.5
  /nix/store/gi8lzxpif7mpv8z42rl2ahjmk3lx6xkn-gst-plugins-good-1.26.5-dev
  /nix/store/mci7fmm4knhi78y79lhpd95sxdpqmiv4-gstreamer-1.26.5
  /nix/store/r2mydmn48aax6qd9cd75a6w2wrk39s5a-gstreamer-1.26.5
  /nix/store/1084csjr0mv6as38slfk2k6cbnm062vp-gstreamer-1.26.5-bin
  /nix/store/f6b08p1wlc55yp862j0n77ybl0g57dfn-gstreamer-1.26.5-dev
  /nix/store/hq5pjphbx5b4ngjm9khlvlygp3a0xwvc-gstreamer-vaapi-1.26.5
  /nix/store/pgi3a9z6mxjfgbr0j0gbbwhprbji027v-gstreamer-vaapi-1.26.5-dev
  /nix/store/3cixprf3f3bbr6ggjs2lrrlm8nmz24wb-gtest-1.17.0
  /nix/store/naj3q0aamkkvp7cfwa1faf0qjsfqf3cq-gtest-1.17.0
  /nix/store/vzbc6x37n732v174wnkm2i06kp4vqjw0-gtk+-2.24.33
  /nix/store/cg89xd93ldyjwxjw05zzpgs1yr3nzj9c-gtk+3-3.24.51
  /nix/store/k490s4vkdj7azhkdpamdljhj8rb4p8lw-gtk+3-3.24.51-dev
  /nix/store/ffgql3kkn7r7vyv6j2qm4fmfl2c3nhvk-gtk-engine-murrine-0.98.2
  /nix/store/vl6dycidnqfy52gmd64nz1idxcillklk-gtk-layer-shell-0.10.0
  /nix/store/lr2pkj2kcxiw6pppnknn3szkg8h9kl4x-gtk4-4.20.3
  /nix/store/hbnvzgwpyqdgbzamycj4n74pfvkwpzmx-gtkmm-3.24.10
  /nix/store/wjxggaqw2rdj40hans33adclw8khmk2c-gumbo-0.13.2
  /nix/store/v2hrg903qxggdzm9l62a9nxj0l8wismi-gupnp-1.6.9
  /nix/store/c0y43y3j2k567226zvqfg0wha3x7kfcr-gupnp-igd-1.6.0
  /nix/store/0dlx4lnnmwpps4zr0ladg3a6cihwhqdh-gvfs-1.58.0
  /nix/store/kz7hvi7sknpsvnrig0l3ibg0y29cf9hd-gvfs-1.58.0
  /nix/store/l0ii81i4vm0ilvfzcgq42fn0vmbxn4hi-gyre-fonts-2.005
  /nix/store/yvr2g6kdsllvvrk1jl92g3sg7ijxh70m-gzip-1.14-info
  /nix/store/8ls7hp23hx5j80mihq4q2vdh7rhfa21b-gzip-1.14-man
  /nix/store/gxm0yny0h4h24habkz8wymwfbvdaaq2j-harfbuzz-12.3.0
  /nix/store/vcxhs9a9ywm72vcxci2rfjgrmqw32mdl-harfbuzz-12.3.0
  /nix/store/x5ydpx2a4pcgzl5y0qklvr3znkdc3ab2-harfbuzz-12.3.0-dev
  /nix/store/jnpd0lp73hwmcd9r158v9y219g3kpcln-hdf5-cpp-1.14.6
  /nix/store/fydlfcrafmcs9mway2rld6v6knyzl2k1-hicolor-icon-theme-0.18
  /nix/store/8z6kaw24ppa5nb6gc20cwbkfzzk7kk9h-hostname-debian-3.25
  /nix/store/8sgn80pg1aw6ywpijm2s5g3vlfy8al2v-hostname-debian-3.25-man
  /nix/store/4fjlsps7jywb0b8cy8yz7zjqbq23b3y0-hostname-hostname-debian-3.25
  /nix/store/n5yg9d1gnf5ff2rplibd6pfacycb27hd-hunspell-1.7.2
  /nix/store/5xxd25vx2wz2q3sqrnkqi11x7csrb08i-hwdata-0.403
  /nix/store/bkj7lbq9hapq437pgqw5g5xsx4z02ib2-hwdata-0.403
  /nix/store/hhcv40xa2rdi41dqgppb15gc5vgk3m7b-iceauth-1.0.10
  /nix/store/plw21ls21ivnlxdb2h2mb6ifixyrmb0m-icu4c-76.1
  /nix/store/y3b549nnjrn2apah7mfwzz6zwnidpflq-icu4c-76.1-dev
  /nix/store/w5ykv61icipf0bywbnpyyf1982rybnf1-ijs-10.06.0
  /nix/store/x60ccfr9gd8dqm91aqz8x5s8dhsdvr69-imagemagick-7.1.2-12
  /nix/store/pj6ixbvy24gfsb68p7i0214dgwnwm3lf-imagemagick-7.1.2-12-dev
  /nix/store/s3ds4smhj3s2kwwbazz4qz6lrhv7zqvn-imagemagick-7.1.2-12-doc
  /nix/store/b79mxhr867xfydvymd6b53nyzckmri88-imath-3.2.1
  /nix/store/v1i06x5dcqndhbp11n2pklkkgv71z8a5-imlib2-1.12.5
  /nix/store/2j6m6073bp19g7jcwd02ffjqdwm1pc45-inih-62
  /nix/store/r3a2c1d1w9inlys5rr8klkxqjgqfifgb-iniparser-4.2.6
  /nix/store/73ik8cqs2x7m18y8zaf84vq8x49gxp6h-install-shell-files
  /nix/store/yyzd9bya1mvjw02f4yr1j1lpkyq92khb-intel2200BGFirmware-3.1-zstd
  /nix/store/9mjhz8b6r4k1ckyh03f2z8v0hlxdd3h6-intltool-0.51.0
  /nix/store/q9cay43vy7dna53jsf2mqr1ylb8pa25k-iproute2-6.18.0
  /nix/store/vppbigc2v7ly82zascy99h912khrmgqi-iptables-1.8.11
  /nix/store/h2pjps5frrcgcksgsjamxxq2ccfzwc8y-iptables-1.8.11-lib
  /nix/store/880r1ky6b4xy2xyxwxgxipaqvy8lmdm1-iptables-1.8.11-man
  /nix/store/53d0082aizgwqvv3zf7qqh0gfzkzhy4k-iputils-20250605
  /nix/store/2s0waz202zclnxcbdnn8mvkqy75db6r8-iso-codes-4.19.0
  /nix/store/j5pc282dpmy8b8qw17fjvsxwjl5xlksh-iso-codes-4.19.0
  /nix/store/9amc8kfx72l3f1xmhzgdcxad71sppq83-jansson-2.14.1
  /nix/store/lq69vbd75kmys3j68a2nqkr0dfs7vdn6-jbig2dec-0.20
  /nix/store/9xwxqjs7jz2n9k2vfi879wvi0v4ncj7p-jemalloc-5.3.0-unstable-2025-09-12
  /nix/store/sfi00amda8np23k4r3jp0iw5lf5fbkri-jemalloc-5.3.0-unstable-2025-09-12
  /nix/store/fgsvqffyvcpjqs093wwf2d6dzxnmnqnv-jq-1.8.1
  /nix/store/qnaw7i777j52fpgbl5pgmzkq85znp083-jq-1.8.1-bin
  /nix/store/d73i1fvhrqms0sbfrvqaynsr8iva216v-jq-1.8.1-dev
  /nix/store/48mmazp6wi1zn92rj1a1sp99gcbhipdb-json-c-0.18
  /nix/store/kn9jqbdnq8ngp0375r7nvlvn40gxlqfd-json-c-0.18
  /nix/store/fpg44ywlmgfrq572v55ajp6x3nfw7phw-json-glib-1.10.8
  /nix/store/3z0g1zkx4ijy8rlvzkv0bvq4m2b5z7jm-jsoncpp-1.9.6
  /nix/store/9d54jzzyrayw3ig5yfsply3nbf05ig86-kaccounts-integration-25.12.1
  /nix/store/ln2zwyhjf4vqrma049i4pn9qf0wqindw-kaccounts-integration-25.12.1-dev
  /nix/store/5595a85mb88v5r5iasl43dx4lr6qbm0d-karchive-6.22.0
  /nix/store/ydf1brdzwazm7v2inwzdci1impbzzjvb-karchive-6.22.0-dev
  /nix/store/74wsd29r10rj8d5s5yw2caxfzqf99699-kauth-6.22.0
  /nix/store/bmv2llayynqvllh25qjpqp50hnav56iy-kbd-2.9.0
  /nix/store/g9x1gjyny102nbbsy29snf4l78gaia57-kbd-2.9.0
  /nix/store/ck79l120r3nnaa3sd8aws1dgbdl93miw-kbd-2.9.0-man
  /nix/store/slm56mrxwj3sp4sk7lm6wbka3yqsfidy-kbookmarks-6.22.0
  /nix/store/y0kkqw0jdnj375aqvmfgc3l9zcqjsci7-kbookmarks-6.22.0-dev
  /nix/store/ddpvvski1x52387mcxaqwik65schs6l3-kcmutils-6.22.0
  /nix/store/04vv9mn81145w1y33f17sr20qkn7k5zw-kcmutils-6.22.0-dev
  /nix/store/bx23lmp4har5ih2xgmzyp4xmba0r5682-kcodecs-6.22.0
  /nix/store/l4zyjsbwn8bj455qzpkrzz3mp1vl4h7m-kcodecs-6.22.0-dev
  /nix/store/gd79pg840zsd23krnyijs05ihlnjy9x9-kcolorscheme-6.22.0
  /nix/store/1kcj3kyvf283wamd1hrfzrds2560pmzc-kcolorscheme-6.22.0-dev
  /nix/store/cf867nghr4qc58p1mzkmpdc88a63hc2i-kcompletion-6.22.0
  /nix/store/xhy2qchjjdlh92r7n4fcghqkff9kmfyw-kcompletion-6.22.0-dev
  /nix/store/d52h2d6d2z0nv8g0n54vcq7jxmvafjds-kconfig-6.22.0
  /nix/store/smwyfid7rmc33qj26ypwxnn9g9r96alm-kconfig-6.22.0-dev
  /nix/store/zprmabrz4cyf7qvv5v0c723xx1z9yn30-kconfigwidgets-6.22.0
  /nix/store/laj18faj141vkmr7zkqz4nn1x2pzqgxl-kconfigwidgets-6.22.0-dev
  /nix/store/hhrlixskmic8yrv0simfsmfr6b79gfhb-kcoreaddons-6.22.0
  /nix/store/26nzb39fv7ih1c2nq9sfag0ifgs86b3i-kcoreaddons-6.22.0-dev
  /nix/store/2nd600rcx3nxvz5rn1qwy6m2rmzjz8y3-kcrash-6.22.0
  /nix/store/p7x2h55l83pd60z6z6r8zkxk3hkzhdpy-kcrash-6.22.0-dev
  /nix/store/dnh8fgv6rc6glkd96qmrkha9gp76slif-kdbusaddons-6.22.0
  /nix/store/f1mgww2rz366kkxskqxm0cabzrcld889-kdbusaddons-6.22.0-dev
  /nix/store/1yipgbjwrx1hfzk7pcdnsxkq6b7qpcjr-kdeclarative-6.22.0
  /nix/store/4dj4h6rs38y0wf5r4s0anjkypj7mnvhh-kdeclarative-6.22.0-dev
  /nix/store/l07jnn5qrmhbh1b4y1829s3rlgpibskr-kdegraphics-mobipocket-25.12.1
  /nix/store/wbz1bdnmbddm5z5cs92jnhbswknna017-kdenlive-25.12.1.tar.xz
  /nix/store/sysrqb5l9syqfhzlwln4l9lk33z3q9ds-kdnssd-6.22.0
  /nix/store/aj0dkbpci6kx6cand4dx2vf3ik73znbk-kdnssd-6.22.0-dev
  /nix/store/jwf7q9wj7rnzvypxv74dvxrdbm1c30jr-kdoctools-6.22.0
  /nix/store/bx9w4178d2cf5lwvn4bi68x7lh4vp80s-kdoctools-6.22.0-dev
  /nix/store/sb5d1lqshvfgp1ssykpnwq84czjdmmk8-kdsoap-2.2.0
  /nix/store/6ysa1iy4hprwk963h0a1gy7rmn657ipx-kdsoap-2.2.0-dev
  /nix/store/vzk0nbyi3nfy40mzg515j29yx6vl4s7k-kdsoap-ws-discovery-client-0.4.0
  /nix/store/rklrs86qgxb7jq7fbzdkl14mrn1wf4bj-kdsoap-ws-discovery-client-0.4.0-dev
  /nix/store/bvgf277jb0f9a6qdsfb033qbv7kdk146-kexec-tools-2.0.32
  /nix/store/zr1kd9y542s72plb00c8469xk6xaggia-kexec-tools-2.0.32
  /nix/store/va0xi17g6jgqkhyf23dlxq5gy1nzldna-keyd-2.6.0
  /nix/store/9xckxp4552mccc5vqy0r4p510k0czx1a-keyd-application-mapper-2.6.0
  /nix/store/jm0zvqs9jwj184wyq2wckbv1a86g4l10-keymap
  /nix/store/8zfhd2zlsms8y490sg1d9pf3rc2g7j34-keyutils-1.6.3-lib
  /nix/store/rx0xhgmbpxal9jz2c2xyqf3insi3pgnr-kf6-move-outputs-hook
  /nix/store/ni37qdngb7wx2b6173r3b0283j4s8bzh-kfilemetadata-6.22.0
  /nix/store/v4gj9ffxfjf39258gpzmp3r8f49av1ba-kfilemetadata-6.22.0-dev
  /nix/store/wpmcfdlyq25h3i03vavz06fi7dhhjr3d-kglobalaccel-6.22.0
  /nix/store/34k87g0c6p457w0zl3brz8kb4zfv0z2k-kglobalaccel-6.22.0-dev
  /nix/store/9dr4mach1xiwkb893pcsfy9rfbfkjw5q-kguiaddons-6.22.1
  /nix/store/wss2g2586wp3x2p530l9hfv5lzkzn1rz-kguiaddons-6.22.1-dev
  /nix/store/5acpdjpddk2c11arcfvqmqq9a969mhba-ki18n-6.22.0
  /nix/store/321idkcrad12wli5hwdz1x89x1vgfqfa-ki18n-6.22.0-dev
  /nix/store/b1jfx4k12vszi6mqz09fr5lvjdffp267-kiconthemes-6.22.0
  /nix/store/j1w5sg4x07ik991y88hr1ha1hrqafldf-kiconthemes-6.22.0-dev
  /nix/store/v9pxfm6cmf1wqljjny88pp22cbl8j9ch-killall-psmisc-23.7
  /nix/store/jrqy6g7azd23yciygmsrrza6s50zwxwv-kio-6.22.0
  /nix/store/8zwlp3lgsiw34rbaq0h359rd5ikflyma-kio-6.22.0-dev
  /nix/store/n0prg9s4cq7i7qwq5f399ff70k1gb9kj-kio-extras-25.12.1
  /nix/store/k603jlkf5q4s0k28ilaf2z0xwbwvh1p4-kio-extras-25.12.1-dev
  /nix/store/b4hk5nisny0fj9gk41jxpp6205j8jpwb-kirigami-6.22.0
  /nix/store/azvlrbbqqr5zbkdxm122qc07smmdz7k6-kirigami-6.22.0-dev
  /nix/store/ypv7bzz9xc7c72gc6c8npkkz61q9plf6-kirigami-wrapped-6.22.0
  /nix/store/dggixixivvqy4m7v6ycblwsyv38n1lvi-kitemmodels-6.22.0
  /nix/store/qswy6rv52zh2a0q8mlm5l7m1584zv53w-kitemmodels-6.22.0-dev
  /nix/store/jsclwqmq4knip5j13hycidnbn9rq8fa7-kitemviews-6.22.0
  /nix/store/8fhb447j2glmx19yh36320d91cdi57c1-kitemviews-6.22.0-dev
  /nix/store/bcs1ah9j5hlvyd85hxwp7fqv4zzyzhyn-kjobwidgets-6.22.0
  /nix/store/4rvibnqmb0b9qhrsjbz7brm3macv4cyf-kjobwidgets-6.22.0-dev
  /nix/store/52k9wiwrj30z0ydk3czkjgj966m8afnv-kmod-31
  /nix/store/v75dxhj91kr45vnfx3j0mkh1zkj660c8-kmod-31
  /nix/store/x8gpw5smgdyc4m8l8xxnr05bdwamr236-kmod-31-dev
  /nix/store/8x0qyn6z9sz98sv2sy5q678sqxrzf1kc-kmod-31-lib
  /nix/store/nd1w5j1vdj2zmjpsj2iy075377whhzxk-kmod-31-lib
  /nix/store/7fgsadflc8v80swdhz1w78kixw4h7b3x-kmod-blacklist-31+20240202-2ubuntu8
  /nix/store/iiqzvp147324lvy8h1gf3dfakrmp08cm-kmod-debian-aliases.conf-30+20230601-2
  /nix/store/hzgrwwsvjbbrd5g9k8ncxp8fsbgcpf80-knewstuff-6.22.0
  /nix/store/2h2wi8yyh6x9pr93mrb2vmz51iiwbrhw-knewstuff-6.22.0-dev
  /nix/store/jhmkwjqw4k338sqd3vhy9jvn0rlgxpfh-knotifications-6.22.0
  /nix/store/wly04p4y9f2wbll944y9kfksvvxq579r-knotifications-6.22.0-dev
  /nix/store/mikj1j730z261rn4w4bj8mcnwiamz9z6-knotifyconfig-6.22.0
  /nix/store/lbszzdm4akp954h18ym6ifrv3ab88f8j-knotifyconfig-6.22.0-dev
  /nix/store/q7s2p3nq4sdljkccdifscxnb0jikylwn-kpackage-6.22.0
  /nix/store/wmrsmp1f7cw3mnmznv14agbyv992v52r-kpackage-6.22.0-dev
  /nix/store/vcdrm0w6wgvwfjcq4fsn0a63jkv4z4jg-kplotting-6.22.0
  /nix/store/71n7dsgscqg0l3r5b3ip4l2piribqnbc-kplotting-6.22.0-dev
  /nix/store/91837gb92djfh64dp9jbwk8nv9jgnjlq-krb5-1.22.1
  /nix/store/kxfavk87jb5rwhi05qbyk8anlwvw1jk8-krb5-1.22.1
  /nix/store/9iadf2abrkmj2x8whcwf9jif8w9a6pmx-krb5-1.22.1-dev
  /nix/store/gi64nay165p6423nbzncp4xiq1sryx9m-krb5-1.22.1-dev
  /nix/store/h1z614k869g68xriiahg4nzcybng2i91-krb5-1.22.1-lib
  /nix/store/psvbc8fpgh9qgqfp5ymnr7h0jla36f7p-krb5-1.22.1-lib
  /nix/store/v16zmvj81vqsi32fykh5ak2fg8jz4773-kservice-6.22.0
  /nix/store/qfnrpy783zskqcji0dpgw0gi1psxygid-kservice-6.22.0-dev
  /nix/store/rcm6yr9jq6pkr4mk6fkxzrjkbksql1hg-ktextwidgets-6.22.0
  /nix/store/sjb5skvgfqf3gskydr341ffci0yhg360-ktextwidgets-6.22.0-dev
  /nix/store/hdvw7k5rwkaiipayvzp7i99c1knh42rv-kvazaar-2.3.2-lib
  /nix/store/sdg2pcv949zsig7v26mj3rw34irf7csy-kwallet-6.22.0
  /nix/store/8xx8n9m1v9ifrps88wppyanplj1cljap-kwallet-6.22.0-dev
  /nix/store/a624801nzab070c3lmrhgd9211ad2bzv-kwidgetsaddons-6.22.0
  /nix/store/h00qcpp7rdmbiv8n55gl4igxp4c2iw46-kwidgetsaddons-6.22.0-dev
  /nix/store/b96bxhm8bm96bmnpl4k4yqkx55ss30j1-kwindowsystem-6.22.0
  /nix/store/mb3i9n2kz5h671sqsmvc78hrn9s430c7-kwindowsystem-6.22.0-dev
  /nix/store/w25kaxq4cwyqsq3h71sngf3rwj7k7i6j-kxmlgui-6.22.0
  /nix/store/16i1rg210kb4wy74p28ikiinnzbbicxp-kxmlgui-6.22.0-dev
  /nix/store/88dcjia5rb7h96shhfxcda3f4wv96i79-lame-3.100-lib
  /nix/store/szynwimc5yz79dph3s46g00dwh6k70p0-lame-3.100-lib
  /nix/store/l55q05b9lfb5f8rrk8dhd3n51b9rwbq6-lazygit-0.58.1
  /nix/store/s1w6x4mq7k3q4pvka8z2m4adkvn77p1y-lcevcdec-4.0.4-lib
  /nix/store/kr12bdq3w69bazi2bapl5bgq3cylmxcn-lcms2-2.17
  /nix/store/xbr22wsfcpmr80rp7lx6k9k130giif9c-lcms2-2.17
  /nix/store/y6qyvk294snh08h83v07k2925idslzx0-lcms2-2.17-bin
  /nix/store/74khgcfql3m2mpa6wyikma7b7idsaz0w-lcms2-2.17-dev
  /nix/store/dwfjip37ppw12d66wmf0cpcanl8mjfgn-ldacBT-2.0.2.3
  /nix/store/fj562qimlq49hdwa0w16kpmkqvji6k2l-ldacBT-2.0.2.3
  /nix/store/78mq2vwcigic9qh8pkq2r130w7zgcvmx-ldns-1.8.4
  /nix/store/rhqmh0pvq4pzx5g0p0nmam84jvhc6a8z-leptonica-1.85.0
  /nix/store/g3gpq3jal6ffxsg226ncv8jp7i4q8amd-lerc-4.0.0
  /nix/store/xr94ln20i0lg01p1nv393cpiry1w1vhh-lerc-4.0.0
  /nix/store/klaanrwvi0lzxcihy3hw66mf49gq8yz5-less-685
  /nix/store/kdflqjpq9rmiq64x3ilqw1rfgk0302n0-less-685-man
  /nix/store/vxb5wx3h7x3d89gy7s399p4dgjgmink8-libaacs-0.11.1
  /nix/store/vrkf12h9s9yhdrg52c5f9hng3nalbp9k-libaccounts-glib-1.27
  /nix/store/13lj4jack7wlvrfdzngj99ld1hx08rd7-libaccounts-glib-1.27-dev
  /nix/store/kz5hzb0jk4qk6y1vnyikazhmn52yvd9l-libadwaita-1.8.3
  /nix/store/i5j85ypqr1lhyap7llyjrhm5sbvz0sas-libaio-0.3.113
  /nix/store/l3zh4dhfpk3a62c6kk23p3jdsdjq7hlp-libajantv2-17.5.0
  /nix/store/ap6jabcv06iqf4shwh2jzykpdiak54n5-libao-1.2.2
  /nix/store/r9kwx0vg9x8hlj6c22qdaysgpzjq3sfc-libao-1.2.2
  /nix/store/1qyxbfyq3v9p5h6md7avc2fygywwdl2h-libaom-3.12.1
  /nix/store/lbqkpfdwlsa416grb3prnqnf6fvn8bsd-libaom-3.12.1
  /nix/store/1dqsnmn91dp58hvm788i93x90f8qjhs2-libapparmor-4.1.3
  /nix/store/7595dys7lzrbk91ffzkv36v05pzwbvmm-libapparmor-4.1.3
  /nix/store/5p8wam5mk45b3qfnbwh6f6409sawqqwx-libappimage-1.0.4-5
  /nix/store/b6lw6dv1lsmdf6inb28qqlp6z21s2gzl-libarchive-3.8.4-lib
  /nix/store/8vxhhz6p33yiywx129q1hj0h5wzlrp9m-libaribcaption-1.1.1
  /nix/store/b1rivq63ycvix89s4gk0zxkrmhw32405-libass-0.17.4
  /nix/store/hkar2gyhqr7dh1k8qzpqkybvjv2xadcd-libass-0.17.4
  /nix/store/8bin7pijx4idiqhp3kslw2m36395xpw3-libassuan-3.0.2
  /nix/store/xxkq4krwgdzanqd9gihc4wkq7hv11ads-libassuan-3.0.2
  /nix/store/rlzc4qjmjvfdnimbvw7by8k5196rq77v-libasyncns-0.8
  /nix/store/yrrdb215dfafb98pj53rl0g497cvivkq-libatasmart-0.19
  /nix/store/9p97ng3k1zb26gwn4hgak9kvhx9zhb89-libavc1394-0.5.4
  /nix/store/mhp8ygbzzvsp1a9z3r1i1dw0gkyys86z-libavc1394-0.5.4
  /nix/store/akyk771cdl3vfmr1cmyzxv807xq71c21-libavif-1.3.0
  /nix/store/643rn3lq1axjk720v5zcjcs2l4ymbd8s-libayatana-appindicator-0.5.92
  /nix/store/mvx85ifw3rmpyx2gy70zh08j11s7ki42-libayatana-indicator-0.9.4
  /nix/store/m8qvzsybaxgibwvfqxcyb8k2yhyc8v4a-libb2-0.98.1
  /nix/store/mhxjg7j57gdnhfix828saj08ypxhh9ji-libbdplus-0.2.0
  /nix/store/q5brlbbrjpxsjiwwz3b87j0iwqasr1ha-libblockdev-3.4.0
  /nix/store/3dc33iljm4xlmdb1dqdf8c9pgm9c488f-libbluray-1.4.0
  /nix/store/5h5k9rhp0f20yga1q29c2pfb8ybbljy2-libbluray-1.4.0
  /nix/store/hbgjdq9bcfs4ndwfwa5239lqy8b2hbg5-libbluray-1.4.0
  /nix/store/0sqzgrx46b70cdcivn4n9axhmbiq1whi-libbpf-1.6.2
  /nix/store/psqm7w1dmpnhnilnf17cgs10yzzzz2f5-libbpf-1.6.2
  /nix/store/1568fvgk5p7399s09wahbskc23ncslyk-libbs2b-3.1.0
  /nix/store/hczxnyck6mcgkd1xx92lws4bfy6y2lp9-libbsd-0.12.2
  /nix/store/dbq9dnskxalyaz3vl40mbs7lgjhv5z7z-libbytesize-2.12
  /nix/store/9vk5ydnbimzxkkj76iins6a0clrkc3j1-libcaca-0.99.beta20
  /nix/store/6cskzjlw4fcx1jv6mp1vbqbqkiawcywh-libcamera-0.6.0
  /nix/store/bbibsbizf7adybyzk1lkf22dibybs2ak-libcamera-0.6.0
  /nix/store/0n13027qvnm2v6mc1mdj5rdwl420daqh-libcanberra-0.30
  /nix/store/qszniwgc30hhq366dh64482qw2hl3a86-libcanberra-0.30
  /nix/store/xw3gl6m7c4aif5fm92hznacscva770r8-libcanberra-0.30
  /nix/store/w99nraa9jcw7wsbmmii7d79yz5229izp-libcap-2.77
  /nix/store/kp1lgixl1cfpgkxq6h0ir34qsjrpfb4j-libcap-2.77-doc
  /nix/store/4n47hiphq73clnl5b8ar7y0134khqq9z-libcap-2.77-lib
  /nix/store/88f0773q6nmjq48rgph995avahin9mgy-libcap-2.77-lib
  /nix/store/dlv50v62v4zm9ssjpl76q1s20rdv1wa9-libcap-2.77-lib
  /nix/store/f8nvf7p00dw86sd3h2z7fp7xqhmrvf4p-libcap-2.77-lib
  /nix/store/i2bkysfqsz63m2g1jr3l6d7rw8229zc4-libcap-2.77-man
  /nix/store/79x341sy9nhg8g7901dcqdm3z32k4mra-libcap-ng-0.8.5
  /nix/store/94ws9ldnj5m06gfl5bxyav9sspfc8wj4-libcap-ng-0.8.5
  /nix/store/ybbn5x16dv4fl3axxjkvvizsy0p9glgy-libcbor-0.13.0
  /nix/store/zlyfd2rpsmhgdzwjsmw3jhgwzqfp94j5-libcbor-0.13.0
  /nix/store/jppq1l9r8m01a0nj1v1a2yhm4jlphpr8-libcddb-1.3.2
  /nix/store/cga3jlwjy2ly2vm1hk3f43lfy6pxik77-libcdio-2.3.0-lib
  /nix/store/49267ns3la0c1w1aybidbsmd7xlapq27-libcdio-paranoia-2.0.2
  /nix/store/3crq6g2srpq7gd02cjq601n1cb5im9gk-libcerf-3.2
  /nix/store/gbsirn60531g8wnp3082s22aq11n5is3-libconfig-1.8
  /nix/store/vdzhhkz73yvs23wrdsih93csssslajf0-libconfig-1.8
  /nix/store/smc960cvc41gny7i611y7xh14d4hryy3-libdaemon-0.14
  /nix/store/spn3a15bvk73rwj5h6p15db2qhamla7y-libdaemon-0.14
  /nix/store/pgyxzqx82bb0031iqqrbv49rlipyrb48-libdatachannel-0.23.2
  /nix/store/qn6dqvfh5ryw61ibv41v14p0dny24y3h-libdatrie-2019-12-20
  /nix/store/gvwpldsaq9p76phf8lbfdmzkml147qwj-libdatrie-2019-12-20-bin
  /nix/store/liby248i9gyr1f67k5iy4mah22kd5fwc-libdatrie-2019-12-20-dev
  /nix/store/lwihy5wz798cagh9yxxw9lydfbfa1ihw-libdatrie-2019-12-20-lib
  /nix/store/v8m20hgfffpsc1i7v370v5r2v5djwrm8-libdatrie-2019-12-20-lib
  /nix/store/pgwvygcr0cs1mk1v3a217bzbwhxsdriw-libdbusmenu-gtk3-16.04.0
  /nix/store/2244pw87p31ripnl80wmad5li6fws6a6-libdc1394-2.2.7
  /nix/store/shffjahwdwyl9g2n5j3d4fb7vhb3hnxg-libde265-1.0.16
  /nix/store/1mcyspf44w0nn5i8dk7rcabgaczgwkaw-libdecor-0.2.5
  /nix/store/nlfgz0syqwpjhjdgvy32ghabq64zv15v-libdecor-0.2.5-dev
  /nix/store/5pqp6qfmn5w0jv0ky71jh9w6bjxf3cbf-libdeflate-1.25
  /nix/store/slgxjm6vc103ddsywpnfr9ss2zzpm5ks-libdeflate-1.25
  /nix/store/nm2pclpqv80c8628lvli9pmzjlqczhxs-libdisplay-info-0.2.0
  /nix/store/ljr6cxlr0r64diq75r0zny058iycv66r-libdisplay-info-0.3.0
  /nix/store/pzzhpr6srgmakw1jy8hn92zxjasx0jqz-libdmtx-0.7.8
  /nix/store/7cwal9sajjhvw133ai8p65r1w2dipa7i-libdovi-3.3.1
  /nix/store/ibmksxcskm802fk7dj03m90y4mx385hq-libdrm-2.4.131
  /nix/store/q870bxsfwnh35k4bsagx1ygc2y2l6qb7-libdrm-2.4.131
  /nix/store/hn6qyh7khbs3ms7fsqzq3d4zk6h69p0w-libdrm-2.4.131-bin
  /nix/store/1hj17j5wchcgybd0654xk32806f7188p-libdrm-2.4.131-dev
  /nix/store/8wn4x665s8anc0mvg7fg1yy5fh66gyrp-libdv-1.0.0
  /nix/store/zxg155bn1dfxwy7glbxdbrmdgdl56j18-libdvbpsi-1.3.3
  /nix/store/qj09whmcl005kykfv030x2d9y40sz9ww-libdvdcss-1.4.3
  /nix/store/2aja1ss2xyxavvax5d80clig8g2syhny-libdvdnav-6.1.1
  /nix/store/19qjr4mc27lkmkwhngab5icpbs70lqqp-libdvdread-7.0.1
  /nix/store/pd8wyckyqvvlpdxplqi9pq1hvr4lazhw-libebml-1.4.5
  /nix/store/3hdvz1r6a25bl7ims062ykqyx7p2c0mk-libebur128-1.2.6
  /nix/store/4c2sqw1ig2mzilf005k8cfgscf92krxd-libebur128-1.2.6
  /nix/store/dwl69lprim813i4v6dasi582ab4gznm4-libedit-20251016-3.1
  /nix/store/hlljl9d67hmqh0r3017a4hkkdbmjm95s-libei-1.5.0
  /nix/store/irsw8ydv5gspkh9z94r38csx83ch23a4-libelf-0.8.13
  /nix/store/srj6n1a1b1fhaiishwk8ldxkygz0hs6g-libepoxy-1.5.10
  /nix/store/356dcr5xg1yw4h1gb7232jsbkhg8nj1f-libepoxy-1.5.10-dev
  /nix/store/ja17clqnyynfnapibily82i8xsnqkb2f-liberation-fonts-2.1.5
  /nix/store/9dxykk10ci82p4rbalcj1plqm9cgc3yh-libev-4.33
  /nix/store/78lxkmbl7kpayg0vy75y74khqnbyr6gn-libevdev-1.13.4
  /nix/store/1b05z3z1siix4zagbbjkx4dph5sfm9il-libevent-2.1.12
  /nix/store/r56drw4bs34975wj160ck94p5dx6bins-libevent-2.1.12
  /nix/store/9na6lafa655yqxrbbrygkb9zy54swcr9-libexif-0.6.25
  /nix/store/fdr9kzr6fcijh15z0sprhcas9bd06wlj-libffi-3.5.2
  /nix/store/kp4j3zz6n72s20v636c3w85agj7c24s6-libffi-3.5.2-dev
  /nix/store/a08waqaaz4yffn7ra1rdwrymn98v094a-libfido2-1.16.0
  /nix/store/bn4x6akaaav4c3a0kb2hpap2mcsh5f5r-libfido2-1.16.0
  /nix/store/7kr73jvamkcrl842qbv3p92mpq9fsr0r-libfontenc-1.1.8
  /nix/store/1243w6swbdglf03xarz0rhwypa40a7gc-libfreeaptx-0.2.2
  /nix/store/wd06rabsc9h77cpjnd0c3iwjb01bfsi8-libfreeaptx-0.2.2
  /nix/store/0zbvrgm89fq94c0y3f7vc461dqkv436d-libgcrypt-1.11.2
  /nix/store/2p5chc2gl9z0i3bwdc1qrnzpa7p839fg-libgcrypt-1.11.2-bin
  /nix/store/v9q1knsh2c7lkmx4kd7fjbk9wxwz1sny-libgcrypt-1.11.2-dev
  /nix/store/36q2camlpkqkwcxm1r8dfxz7whavs5az-libgcrypt-1.11.2-lib
  /nix/store/v8gn8idrfczxfnv3ac4vq8hv32qc9mfb-libgcrypt-1.11.2-lib
  /nix/store/2s97cscan54qdj6s3370c7kdcmyrz6pw-libglvnd-1.7.0
  /nix/store/bafh2k71bs9ls9vjzkkvpzfzilqqis8c-libglvnd-1.7.0
  /nix/store/q9fb1ps2fxa8p4n13mbsijz9w0svhsd4-libglvnd-1.7.0-dev
  /nix/store/1f1a58gybrplapymh7kp83ccdgxf3hqx-libgpg-error-1.55
  /nix/store/x9jqa2afhx1bwd8p32idimvpyvhcphiw-libgpg-error-1.55
  /nix/store/yy7mbbf9r39r4dp7kr0j2qkhnjl3hkm5-libgpg-error-1.55-dev
  /nix/store/jd0nh16xxi3f7p0aqzfyk0f7f031ajcz-libgphoto2-2.5.33
  /nix/store/ygqik3h8w30i49idvbqax94blb4p9ywx-libgudev-238
  /nix/store/wqk2ml5riji8mnlxsn4y98bv2jiv2caj-libheif-1.20.2
  /nix/store/cpsfac96vqf4aq7y4ggavwjkr1jjp1hx-libheif-1.20.2-bin
  /nix/store/sghcdski3gbslpqrypa9gl6v43kkjcyb-libheif-1.20.2-dev
  /nix/store/dp3xhzfdc7c0p4vy1d7bsmdd0gsdx1ca-libheif-1.20.2-lib
  /nix/store/fz7n8s14kv5zbxqa31s8mq2w196y92ry-libhwy-1.0.7
  /nix/store/hhcflqka0v80c3m1vpa97zywvf9nl7gg-libical-3.0.20
  /nix/store/wy45lifncys94q7hzqyi73gnydin1yhb-libical-3.0.20
  /nix/store/zhbp6ijywh9knjz94l1w61f6k9wp9hnh-libice-1.1.2
  /nix/store/zfr5gh7nk1jfdj11sxyxscqpk5i54qyg-libice-1.1.2-dev
  /nix/store/x1c3dvg23hcfxs8r4283p95x4sqxr8as-libid3tag-0.16.3
  /nix/store/qaw7almwmvvshwicbwyxldyhc7am82qp-libidn-1.43
  /nix/store/p33jg1fvhawp96jbl5v88cic721pbi94-libidn2-2.3.8
  /nix/store/mxh2pzpr35qy2zcdzj9pclp9kjhwprk5-libidn2-2.3.8-bin
  /nix/store/n2nrc6mijjlmw2kn966z11rgdlcq47y4-libidn2-2.3.8-dev
  /nix/store/03zhyyfwhc4c6nqglk73xvjm7n1qk46a-libiec61883-1.2.0
  /nix/store/br130wj3ym9b3a7xsg0aqvbya3z6hbfi-libiec61883-1.2.0
  /nix/store/qfz7c3xg0ps8h29a3414s80hsr8zf9h0-libilbc-3.0.4
  /nix/store/dgsnwq1vpc5axqmh7w52ikmd79vy5bhd-libimagequant-4.4.1
  /nix/store/za4789c4cm4nnjp26b0nnhxn3r59n2r8-libimobiledevice-1.4.0
  /nix/store/1514q2pw6fxdsgvvvl7zq6l2wxzd6r3b-libimobiledevice-glue-1.3.2
  /nix/store/34n1ia894inllkwissv5msc1676q7zsh-libinput-1.29.2
  /nix/store/1x66zlgj44xaki6iy1py6cy0824nhxjd-libjack2-1.9.22
  /nix/store/47nkmzf3kdgi8812rzxa91kamzlh4lck-libjack2-1.9.22
  /nix/store/0cdfypplpvbsqll2kp2kl418bjyfhjcz-libjpeg-turbo-3.1.3
  /nix/store/jm2l7aspiwnzyn6jfy0y6b5dgyz24vaj-libjpeg-turbo-3.1.3
  /nix/store/w30wm0xg90zi78k8j3kqyaxp1qcp1g9d-libjpeg-turbo-3.1.3-bin
  /nix/store/zvgzs9fz5bsc8qlxpnw4q4d3c0lb5ibh-libjpeg-turbo-3.1.3-dev
  /nix/store/sd747vgjybvhi4z80l4n1z19yvlddb1h-libjxl-0.11.1
  /nix/store/66ngy4r1a0j9p9i00d47vp9w9x9hs8px-libjxl-0.11.1-dev
  /nix/store/a0hhxn9dx6bv1b2g9w15xw0s5bl19nny-libkate-0.4.3
  /nix/store/pn9gzachka6h51lc9ksc6jsrgd7l0gln-libkexiv2-25.12.1
  /nix/store/zvcz4yvif43mrp9vfqvg2lv1lw02pi8y-libkexiv2-25.12.1-dev
  /nix/store/gjmp97xiqvb8ah7s8fgvcpvx65l40qid-libksba-1.6.7
  /nix/store/43mckpy8zvgn2q6saf93r4hpykpaxzqz-liblc3-1.1.3
  /nix/store/8712h4z0zbp62xl8jn8jgxbs0m0x7pab-liblc3-1.1.3
  /nix/store/j2vc7wc1d36vg70x56ifmm27s4zx2m86-libliftoff-0.5.0
  /nix/store/34xny0dzfbjkyrq1wsmm1k35fqsxms0i-liblouis-3.33.0
  /nix/store/z3f2qnv04ps755y2nyqlhk3k9i9k068f-liblqr-1-0.4.2
  /nix/store/1g7lg4r71lcma1r9y19n6ckb4a5ldpmv-liblqr-1-0.4.2-dev
  /nix/store/p624vayy2b2cf6dfaj4v3fp7sf0dpiwc-libluv-1.51.0-1
  /nix/store/3h9kqgnxzw3rvrwiyr5c63gy82d75bvn-libmad-0.15.1b
  /nix/store/glijgp8kviglnbvk3zhrskzn7rqp4x92-libmad-0.15.1b
  /nix/store/arcnkfc0zzl0khyy7zil00i96sjb46sy-libmatroska-1.7.1
  /nix/store/57yhscmnjr9bc9w6fkk4ww1vsbzhbwld-libmbim-1.32.0
  /nix/store/zr2sfyid2dgkq20zfpghz8kj5q2l42cj-libmd-1.1.0
  /nix/store/hb6r20g9jzwgbrvzgf2lz52d7w5vh678-libmicrodns-0.2.0
  /nix/store/s2v839549s7aaas4cmg2nza65xm30phc-libmicrohttpd-1.0.2
  /nix/store/zraz0iizpgr5cwhcghwd32sw29a6rk91-libmicrohttpd-1.0.2
  /nix/store/04ilgqiky48barrmbkkwl12slv7mhjxf-libmnl-1.0.5
  /nix/store/wsfd50fzk6h5kjqnabghbva86vaa87dy-libmodplug-0.8.9.0
  /nix/store/x8dbnxqsy7nc1fhfmr5kpfqxpkwsc5gp-libmpdclient-2.24
  /nix/store/9p6mb7zfw66a1rm61fw25a3qsgpmg08i-libmpg123-1.33.4
  /nix/store/dknmwcw063jn8k0kpd6sf3h61f1zh9cg-libmpg123-1.33.4
  /nix/store/srmxyasiyw65dzvsz4alrk9l9z9vmm8k-libmsgraph-0.3.3
  /nix/store/pqicz6w4632ryrbxcslxcb4i735y0h2f-libmtp-1.1.22
  /nix/store/5qmmh2c12qn0s3njw0djj96f5ndd0242-libmysofa-1.3.3
  /nix/store/scxj5i21qayxc0zhyx7ia3g60kdgkqx7-libmysofa-1.3.3
  /nix/store/b0w1ax3vbhmac9pklfpacxh265p7anrx-libndctl-83
  /nix/store/yydkc8mps3xfj3s1pw22cb7a1aql3614-libndctl-83-man
  /nix/store/yh23db0yp71ynz9cbmaw24k0jy095fb9-libndp-1.9
  /nix/store/jiil67cnb7hmhnx7l63z4y6kd6ka5hhg-libnetfilter_conntrack-1.1.0
  /nix/store/n5myds3wak82whgw435wy66sxzzfjb4a-libnfnetlink-1.0.2
  /nix/store/azjj6f59171vahjcdl115bi0jzxj7b7d-libnfs-5.0.2
  /nix/store/rb78vy0371nvwdycslz947vgffa926b4-libnftnl-1.3.1
  /nix/store/g069h9w0xwcp32draava9vh5l9g8l7i1-libnice-0.1.22
  /nix/store/nd8rvh0y0a9vhsjv34qc5zn8fixq562d-libnl-3.12.0
  /nix/store/xjcicypdml3zbmz68lwlmgg3svkd4p5c-libnma-1.10.6
  /nix/store/xgdl4gzjzwj7ixs83f17sqppd08lfd03-libnotify-0.8.7
  /nix/store/nri9ggicb8ffkhyayvqv22m0gvyk9yr7-libnvme-1.15
  /nix/store/y9vcf13g4dsnwkv0vf1pm4hlryzpnr3p-libogg-1.3.6
  /nix/store/z4jfmj3q1jhwnidbwgk5qfk3k5cj5mg0-libogg-1.3.6
  /nix/store/n0bis4yp7si26w5nyypqdxhbwdqrxwp3-libopenmpt-0.8.4
  /nix/store/s0a99acz4sncjd5lzma31l3nqyin6lci-libopenmpt-0.8.4
  /nix/store/2nv593b676rfgbk0vqmpbwiw3xnm4qfw-libopus-1.5.2
  /nix/store/gbc0c42w58q718rx3j2fr25lslrjiy26-libopus-1.5.2
  /nix/store/g3gqz0256myc96b405q56q14l0897y61-libpaper-1.1.29
  /nix/store/33b3bi8wys6p4rk1bwl3adap03v1c0zi-libpcap-1.10.6
  /nix/store/j0bn0lp3dlhsa6gsbfmny4waj4g63hjc-libpcap-1.10.6-lib
  /nix/store/jq9x20k78mv0flq6czs3hvzsidzkd49q-libpciaccess-0.18.1
  /nix/store/kzry5ssja1dba10jqm3i1j201gbgg52w-libpciaccess-0.18.1
  /nix/store/phka4ql2wvbwby77xl4jwy22zy5laixm-libpipeline-1.5.8
  /nix/store/pqxda2m60yp2446x7akjq17mclg4dwwy-libplacebo-5.264.1
  /nix/store/dpn8jdn87qdgbydbsmcq0jcmw0c1rbny-libplacebo-7.351.0
  /nix/store/ry25xhd8885rfkvwysrarkm9pq5zh2cj-libplist-2.7.0
  /nix/store/0ii8r7hkb7gwinqpx3pgraaanrr34mc9-libpng-1.6.53
  /nix/store/2sxzsi57ps8m5sz3119mqbjk40fdcxk9-libpng-apng-1.6.53
  /nix/store/kwi3qw3fzkswf8ai6gx696226jmhj4d4-libpng-apng-1.6.53
  /nix/store/d3z2mb1hqk0pmzal1i07bra1gwnj4k52-libpng-apng-1.6.53-dev
  /nix/store/7haj2hrhmaby5nhi9hza78h2syn44jhi-libpq-18.1
  /nix/store/5yjy4r3ckjlrjaxa1dsczrmnxzfn29bl-libproxy-0.5.11
  /nix/store/51h4spfn0w8gxkl65lf6r35dkqr2igzi-libproxy-0.5.11-dev
  /nix/store/8hgcmhkva21s9xwr6clfzh28p6mfx643-libpsl-0.21.5
  /nix/store/m8dr5j7m0qnvrgw3vgx9nrvbk5f7hmcw-libpsl-0.21.5-dev
  /nix/store/cfmbxsnjz9zvp1rl0h84hp93lxi6bp2f-libpulseaudio-17.0
  /nix/store/lyxzpi9dypa327k451i9an6n90ybjssl-libpulseaudio-17.0
  /nix/store/am8savd02i2vdlwvp1cp3zfiqp7mwfgx-libpwquality-1.4.5-lib
  /nix/store/b2wzx26vk2y2lcnwwqyv0yjhahxszxf7-libpwquality-1.4.5-lib
  /nix/store/24m5k56m4jpp71nln8q5lpza3l43iv5k-libqalculate-5.9.0
  /nix/store/gcn9bambi02jzm35vdzjl20z9j7z4vhh-libqmi-1.36.0
  /nix/store/k3qzcrc912aifmh04h151x5x99plmja1-libqrtr-glib-1.2.2
  /nix/store/dx0dxfn5pp8wkgi5j8gd8kanlhs20072-libraqm-0.10.3
  /nix/store/a24z63wmyf47zsmwym3jvpg3p6namz1c-libraw-0.21.5b
  /nix/store/ds3ypimdvx33rbacx2xbjm05wivihmq6-libraw-0.21.5b-dev
  /nix/store/idy0rpm8ap161vc9ipmmdrsqmgr0krsp-libraw-0.21.5b-lib
  /nix/store/y8m4sr6gn5alx87wgkrxkmyq7q39zpi8-libraw1394-2.1.2
  /nix/store/zb7fh68jcl57h4hk8vnwagsy0rjridb6-libraw1394-2.1.2
  /nix/store/j6qjpvi5r6jc6b8r6nnj4785npxyvcd7-libreelec-dvb-firmware-1.5.0-zstd
  /nix/store/x03afgp2cbxb6xmxs3i716wfq7zbgfdn-libressl-4.2.1
  /nix/store/a4slaj05ph1m0vdb9vsw16mc24za8n4d-libressl-4.2.1-man
  /nix/store/n17al8mklxgzp888406yyfi2wqf49bam-libressl-4.2.1-nc
  /nix/store/bcs0pb3yys5s8m9n1adsiqnhqi0ykwns-librest-0.10.2
  /nix/store/8zc37g2h71a967axkamclv6p76wqj79s-librist-0.2.11
  /nix/store/n0654sw6r4gjvpvhfh1d0k8mf6md9iqf-librist-0.2.11
  /nix/store/cpfmyd7q4v4vz3b02x1c8ym2303xw6ll-librsvg-2.61.3
  /nix/store/z8gxqy6izr08gxjv8x9v8j9vk8f0pbj7-librsvg-2.61.3-dev
  /nix/store/37k61j6v4r76fp8wqiilf36dlsrfvhp4-libsamplerate-0.2.2
  /nix/store/jn4fp2yllvk2sb6ramws17zkmbv28hh8-libsamplerate-0.2.2
  /nix/store/f8fihm727s6gqp73ibv7lm3aib51nkbf-libseccomp-2.6.0-lib
  /nix/store/zrc3x0hnm1ncc7jxhy6i2xa4xm0mj15c-libsecret-0.21.7
  /nix/store/0avz46rqk7qnz0hs2kl7iyr8qi1bnhwp-libselinux-3.8.1
  /nix/store/h4qwa74a377wj4xgglkg6wjiwf72ab9z-libselinux-3.8.1
  /nix/store/0nc1q44gyj78xphy17g10wblypjdr95j-libselinux-3.8.1-bin
  /nix/store/phccqjzmp239zpcq9dvw59sb8vyd773w-libselinux-3.8.1-dev
  /nix/store/79bfs8nd21s9wri8n85k0j91rjzb79a8-libsepol-3.8.1
  /nix/store/rx01fgaq23nhh1fvc0ja418ijy527k0r-libsepol-3.8.1-bin
  /nix/store/mdq40zvpzki3nvcbgvwh8b3jxb45li77-libsepol-3.8.1-dev
  /nix/store/bm096sl4nlrr2wff7z87h79c5k2zifi1-libshout-2.4.6
  /nix/store/h127685sdq4rr8z0kw896qbbdgvgx69c-libsigc++-2.12.1
  /nix/store/xmmk0w433rqriyhi9vgjy0hhgb80n5zl-libsigc++-2.12.1
  /nix/store/6d2vp3lyl57axahrjraq0b6rn4if03hy-libsixel-1.10.5
  /nix/store/vn9s6c5x1glcsf7mc6jyigbv1yyc18hw-libsm-1.2.6
  /nix/store/i8cr8xqxk9cn5fiwqp35qskbpnraic16-libsm-1.2.6-dev
  /nix/store/79sd39gd5avydc5hp0alvmi75g9wavbi-libsndfile-1.2.2
  /nix/store/h3p8665r7793226xs7719zqx0npqdidd-libsndfile-1.2.2
  /nix/store/n682fxjlxs3a44w5lc1bphq2xk3zjhcz-libsoup-3.6.5
  /nix/store/mh9ckwwlxrhr4jmyk5bpkvri0p6j6rzq-libspectre-0.2.12
  /nix/store/d4sv05bzc3shw7wzsajia2a5aw27a2wk-libsrtp-2.7.0
  /nix/store/174jczsnkq2hyjy330chzpy519pis4jw-libssh-0.11.3
  /nix/store/s15z7c2r3hy8cx3dbwj4l5cmdc6x70z5-libssh-0.11.3
  /nix/store/4p5b5wbasrr6lkmf0wn4r0054zbfxf57-libssh2-1.11.1
  /nix/store/vbsr171scsnz906q7v0ivi6vj4zk8pf1-libssh2-1.11.1
  /nix/store/84lsi0ixsc5jvms03v6x2dyq8kyy2k0z-libssh2-1.11.1-dev
  /nix/store/s42wjlhq35xd2yxksiwy2zwj9a4km8nm-libssh2-1.11.1-dev
  /nix/store/x4x464s9r06bd6x4lssj3cm6jncd2h3z-libstartup-notification-0.12
  /nix/store/d2xd3ppj6prrcq7smpwvgiv4g569wgrz-libsysprof-capture-49.0
  /nix/store/bld38n36kd9j12gb4jnwnakqa4spw5y9-libtasn1-4.21.0
  /nix/store/f61qjpshnnf19zm9k7kakjwbrxzbswfn-libtasn1-4.21.0
  /nix/store/rgfp8807flkid4ra2fwbhiyqrmcj88jd-libtatsu-1.0.5
  /nix/store/7phx3gnhhj8cy74n90m43h2wnj7hydj4-libthai-0.1.30
  /nix/store/p90727ai44dcg0pdip6dmadqsb7gnm0l-libthai-0.1.30
  /nix/store/jygryfi2mp7n9bkk0jmgsldi1awi60nc-libthai-0.1.30-dev
  /nix/store/7zv7wj22cbp995svj88kjgjg1ydml448-libtheora-1.2.0
  /nix/store/abx7wkcrkwr03lijgxdf06fxj17947jr-libtheora-1.2.0
  /nix/store/9nx1m5yw3j4vqdg13b7hyy15q75b159v-libtiff-4.7.1
  /nix/store/ygn5gy4adsyxqmbf0h2d9830p3jbfj5c-libtiff-4.7.1
  /nix/store/fb0ba2fzpmiyjhaqgqsg58mx969lsd9k-libtiff-4.7.1-bin
  /nix/store/va7aw688kh63rssi5xq7wkcy23m0vrrj-libtiff-4.7.1-dev
  /nix/store/jx922jzzc38y8013z8xqf4p9x4pbmlh8-libtiger-0.3.4
  /nix/store/84ldxjk8a0q6fbwsdhxn1wr65v4qkxxj-libtirpc-1.3.7
  /nix/store/8bn4v1ga7adj7fl44flnsq2qmz3hh024-libtirpc-1.3.7-dev
  /nix/store/qi8iv9hawjpnjm2fdpa79lpbqiz6y82x-libtool-2.5.4-lib
  /nix/store/wrnb8ichqvbb4l8mdl0pvww4akpzm5wn-libtool-2.5.4-lib
  /nix/store/0j247ywaf8lvgrlqxrp0l4b2z6m8p2g4-libtpms-0.10.2
  /nix/store/pg31dfg86flb66k0qk0a5wf0wwhqznnb-libtpms-0.10.2
  /nix/store/x8s54s8s3d2cyhrixjwa1qbwd2nlq1v3-libtraceevent-1.8.7
  /nix/store/m137iy2jflqrwxagkbnzbidldvbawkdk-libtracefs-1.8.3
  /nix/store/0qyz90f56q4djqlarn2wmxx723giyirl-libunistring-1.4.1
  /nix/store/1yk0bbi0zxjk39dzljf51crrmqd8067i-libunwind-1.8.3
  /nix/store/dgj92a5lpx6hgv70wgiz3zhhnrq4fajy-libunwind-1.8.3
  /nix/store/inwcsf3bjyf8cpkfwqdx72jmx4bh9vkx-libunwind-1.8.3-dev
  /nix/store/0pxcisqlic5cqivy0ysx37v73x957wl7-libupnp-1.14.25
  /nix/store/rihir0rqhzsbafhmc3v429s5ipqf46wd-liburcu-0.15.5
  /nix/store/qhkzdrcm0y2jpaxf8njgmw9nxb1fk32r-liburcu-0.15.5-dev
  /nix/store/vqz7nxgmq6lgninmcpa9wddhdsgjixdj-liburing-2.13
  /nix/store/4v4ns2sw2qffrfaqz0zmqmz778ijzy7v-libusb-1.0.29
  /nix/store/dn97wr9pkd2fp0bfy40bb3pci4hfafnf-libusb-1.0.29
  /nix/store/yq1xkggqmlww11rwh4dk3ghvsx0mr8sz-libusbmuxd-2.1.1
  /nix/store/w3qfzg27787yh9cqw9yx2pqdrnxsw5lw-libutempter-1.2.1
  /nix/store/w19cbfl4qsa6sm148qdf97khbmv0bwsc-libuv-1.51.0
  /nix/store/y890wk5v7h4dzfs69jycv3fj0fx5y9i5-libuv-1.51.0
  /nix/store/0pxl3sgz8igwks4rmq3gnidi3hfwdcgs-libuv-1.51.0-dev
  /nix/store/rjyak3l6chznxl24fkycsf3bckzzyp0l-libva-2.23.0
  /nix/store/c3lds6a8c0393w4s78fjayzj4c7yb766-libva-minimal-2.23.0
  /nix/store/h7cv71wa1azl35ngkjhnchzn9i0j3i7v-libva-minimal-2.23.0
  /nix/store/r1jbsxmfyfj9d21qmgry2ckc7m15f8js-libvdpau-1.5
  /nix/store/8z2g38b4i3bg8039xvg0czdgpjlgcqfc-libvlc-3.0.23-2
  /nix/store/afspiphphxzdpb62zfzlrl6rjazh27sw-libvmaf-3.0.0
  /nix/store/d2lx32d1w9b5x984zswcyxjck3cv0xzj-libvmaf-3.0.0
  /nix/store/g5bggq1qshkrmni0vjjd4ihgd4hfm848-libvorbis-1.3.7
  /nix/store/zd7qfyf5y34nhsbrx22bah3hs87vy3nj-libvorbis-1.3.7
  /nix/store/zl04wz0558z4x63kl0zvwcqgq427f6y1-libvpl-2.16.0
  /nix/store/76hfvscyq4dywyh5xd2927svdm2vmbb1-libvpx-1.15.2
  /nix/store/xmwhlasa90ygzwz73857bc9ajzj9rkfj-libvpx-1.15.2
  /nix/store/vfyfjb64gvjfrf5g6y67q3cjrs65x3nm-libwacom-2.17.0
  /nix/store/chqgdbzpa05cai3spap6l8iz948vnzf2-libwebp-1.6.0
  /nix/store/cqa5y7jmlaby9hz2khcpryv2z27n2wri-libwebp-1.6.0
  /nix/store/g54kciimwn95ivcw7npkdqfqm92i4g3g-libwebp-1.6.0
  /nix/store/wrgy36xrvz65p65d4pmijhgx9djp97m4-libwebp-1.6.0
  /nix/store/0iwk3dvbzgdhd05zxys60n0ba413kcxn-libx11-1.8.12
  /nix/store/0zx11al549bcccb1d2sxfj3h02qn4n34-libx11-1.8.12
  /nix/store/bd3w1kiylx50mbdq1qnghxnrk7rqw7ib-libx11-1.8.12-dev
  /nix/store/lyzx1sjycvj94jni888r1hcywglz4g17-libxau-1.0.12
  /nix/store/zrc8kkyp4s9c0ik9bwsfc397n7jyrvyp-libxau-1.0.12
  /nix/store/gn4drv7qfx1irarq6s0gdvisb3vizcnw-libxau-1.0.12-dev
  /nix/store/gl8shn9a6h1k3hbw2420pr394srpiq00-libxaw-1.0.16
  /nix/store/dnm8s7w8fln8mh4qy56swiznha69kj1c-libxaw-1.0.16-dev
  /nix/store/mlissa4bdrvfa96nf38c7dp14aqhg07m-libxcb-1.17.0
  /nix/store/wi2ryivmdlgfh7r2hmsj70r5dnrrw5bc-libxcb-1.17.0
  /nix/store/p5njybaid5r8bzxg7h720icgf4jx105z-libxcb-1.17.0-dev
  /nix/store/j4l5xx75f70y46ig824xr4qb947fc4fs-libxcb-cursor-0.1.6
  /nix/store/f37kxq0m4jql2cdg9473h32q9aqhp7b5-libxcb-cursor-0.1.6-dev
  /nix/store/1cg2qw5xaffnfpjx5bx94d7g3wkbbxz5-libxcb-errors-1.0.1
  /nix/store/q53407k1jnj2w0x4xrpwlxs22g20z817-libxcb-image-0.4.1
  /nix/store/21b4k3ljdi173l114iwlj5dzz7vgizfs-libxcb-image-0.4.1-dev
  /nix/store/04rr86jbw425afv9fv8xjq13x80rh2cl-libxcb-keysyms-0.4.1
  /nix/store/6pyn0mj85ymmvhaawriv53yfr4x8335n-libxcb-keysyms-0.4.1-dev
  /nix/store/qhg924g67i4mcw1b0whb9bbnb09scrbh-libxcb-render-util-0.3.10
  /nix/store/r1m0ciwx8dph3jb98kdcsxaqfr5c00d1-libxcb-render-util-0.3.10-dev
  /nix/store/kb2hbbfaj17lbzirbdx8h3hyd3iffaqn-libxcb-util-0.4.1
  /nix/store/gyq4kbip480jrfz7pdjrhkd40wfkhmb1-libxcb-util-0.4.1-dev
  /nix/store/ka9r4xg91k3sqid596bw18zm68jhmm4r-libxcb-wm-0.4.2
  /nix/store/n5n86vi5q9ibnd92hpd5gaym535xnsav-libxcb-wm-0.4.2-dev
  /nix/store/brmdgxgr1j4l92smf07ay1af9x17pvvy-libxcomposite-0.4.6
  /nix/store/8xmb0d22hbdh3fgww1zdb0ghfba0gnvc-libxcomposite-0.4.6-dev
  /nix/store/bjzcn2mi0vi0wpn5hpn213vfqhyd3yng-libxcrypt-4.5.2
  /nix/store/lzhicjpf5kilqrbdyzl743m3ag3xaiq4-libxcrypt-4.5.2
  /nix/store/7li7v2a2ny1b84avw8wzcsbcgmabfnqr-libxcursor-1.2.3
  /nix/store/1zph9n1dgiv9i5xybz3yw8np29yzd05w-libxcursor-1.2.3-dev
  /nix/store/sb6lymddlcm5m2wvcqjqpp3gcss7hvv5-libxcvt-0.1.3
  /nix/store/szvs897gk3a6pvv02hbpf6ixx2c4lv5l-libxdamage-1.1.6
  /nix/store/p8fp81k8ijs1rcis284wbl9iphr46kl5-libxdamage-1.1.6-dev
  /nix/store/lk8zrf5p8phjrl2xyivqjkw2wlhmbj46-libxdmcp-1.1.5
  /nix/store/zynxxzvp6pjbvhdyynj2my0c25djarpb-libxdmcp-1.1.5
  /nix/store/9kbixh2s689yky3hzil5l1kni1gqdld9-libxdmcp-1.1.5-dev
  /nix/store/56n8all0668rxns0pcszrdz44cx7wsgn-libxext-1.3.6
  /nix/store/qxycw7zhsikdmcw2a32qh82knrhp6vk7-libxext-1.3.6
  /nix/store/7bjf4y2jf16gbin2dz8zs7kzj7im6x5g-libxext-1.3.6-dev
  /nix/store/djl7sz47g531x7vhwjppq7jhsggx7icn-libxfce4util-4.20.1
  /nix/store/3ym7p3iq5pzxy22h47mqjglk0q083c73-libxfixes-6.0.2
  /nix/store/sk07aw3nnfhgh77cwk7824y99kpdhdik-libxfixes-6.0.2
  /nix/store/wqgqkakj6zz8z2xkqc546b5qj1nrhmjs-libxfixes-6.0.2-dev
  /nix/store/f88dc5lknwk49ax0sghh9yci6459cvxi-libxfont_2-2.0.7
  /nix/store/d0pzn8jmdmn0wfygcaydf4lxnff6nkpq-libxfont_2-2.0.7-dev
  /nix/store/5s2kpq5js76572jk0ccq7m4mvz5dmdcf-libxft-2.3.9
  /nix/store/pl3q2cb0487d03nn1bdm9v2f2ddh1mhg-libxft-2.3.9
  /nix/store/mdl8844gk86mwmf7j13xiyip901ip731-libxft-2.3.9-dev
  /nix/store/2jpi8ynpyjya1agxgc0d4bj1cy1q6gv5-libxi-1.8.2
  /nix/store/mvs5mz1h19ix4ibs41i37gn6q5rk9a91-libxi-1.8.2
  /nix/store/3ff2i1by76icng5azfy1lww2nmdw3wi4-libxi-1.8.2-dev
  /nix/store/dyvkanh9lqlxa6zr94w8z91yp5lsas2k-libxinerama-1.1.5
  /nix/store/83ggnh4y8lp998wxl85v3rzdq6gcgxdd-libxinerama-1.1.5-dev
  /nix/store/ni6pwnn5cg4mwm2fkmqrm2bzjvj16b64-libxkbcommon-1.11.0
  /nix/store/vi6gkki39fqlm3fhvrgkgfpb2b4f4x89-libxkbcommon-1.11.0-dev
  /nix/store/f40d2s3spxhq8wdd8k5ykgxyy573n593-libxkbfile-1.1.3
  /nix/store/vbm53pq6cscfh01ivv19if6r3ccj9bvi-libxkbfile-1.1.3-dev
  /nix/store/a9j10r9y9z1h97dpv2p08dd12q3l087r-libxml++-3.2.5
  /nix/store/ndcjm9pj9iaylf4i576jschqz7xc1406-libxml++-3.2.5
  /nix/store/ynmw47327pk86sw9xwg1dc33f7rk2jsj-libxml2-2.15.1
  /nix/store/r40kqrp7ghjypfc0p9kjwgb14mxmjciw-libxml2-2.15.1-bin
  /nix/store/yl9p47yg3qzw1xf9b3pnfav0mgy1qik9-libxml2-2.15.1-dev
  /nix/store/rwmk7acryy7mlnbc9i6hcjzz6i7ifcva-libxmlb-0.3.24-lib
  /nix/store/r832klrwafydf79lhy4yzf4bpmlbpzk8-libxmu-1.2.1
  /nix/store/l9f53fhb71qwmdwi5wni195iqf21x8kl-libxmu-1.2.1-dev
  /nix/store/8vc3h46fniyxd7mxr5svffj3iylzds48-libxpm-3.5.17
  /nix/store/0d8zcy1rwkii32nvqv5iw9m6brlkn8x8-libxpm-3.5.17-bin
  /nix/store/zwbx2jpq3s1s0h8jlbqb2clfanh06v1s-libxpm-3.5.17-dev
  /nix/store/npf7yk8v5xfzfmi0amyx9a1r0d7xbxix-libxpresent-1.0.2
  /nix/store/64c50fvn61nfnz21gjh81qq216nacbgr-libxrandr-1.5.4
  /nix/store/dibxrry7ws9gacpvx32scrb4akvcpwg6-libxrandr-1.5.4-dev
  /nix/store/4hm802941g9kl9w49wgf06yf504d8ja1-libxrender-0.9.12
  /nix/store/7308acnwkyvsp3dz067hd908jmq7bm9v-libxrender-0.9.12
  /nix/store/4b5ins5hx2b7cz3fynfhifdkz1icivka-libxrender-0.9.12-dev
  /nix/store/026ikgdmawn5rm64s99b8jfaqrhd5i53-libxres-1.2.3
  /nix/store/23wfxbx39sj4b99scq92p9j0wnq827p6-libxres-1.2.3-dev
  /nix/store/x06gn1rsbczks46mi2v1w0pyv574dx0v-libxscrnsaver-1.2.5
  /nix/store/r3bwqglvb1419nfgb1h2r1q51zs85l28-libxshmfence-1.3.3
  /nix/store/fnxxvh89rpgf9vybrdw56s3pkbsj1rsn-libxshmfence-1.3.3-dev
  /nix/store/xalcq9nknyj05ylzg5xss54z825sbfv0-libxslt-1.1.45
  /nix/store/ap2hh8x4qm3cfvh2ain8ygl31w453pah-libxslt-1.1.45-bin
  /nix/store/bdbibvpvliswxvffbkjvzg9y4p7dmb7b-libxslt-1.1.45-dev
  /nix/store/x9k9pdq1z5bcysw0ljl9znis5y3i1vcn-libxt-1.3.1
  /nix/store/iccg8wnrd4awzcs0ccrikx7ra3hadzck-libxt-1.3.1-dev
  /nix/store/fn1mml3gx70avmngk9yj014yaygw4j8i-libxtst-1.2.5
  /nix/store/8cqqz0im1dah3q1mwzl1bqgpf8byx21b-libxv-1.0.13
  /nix/store/gq21l10b7zwjfs7cx7dsp0s33izqzk5d-libxv-1.0.13
  /nix/store/5rmzsbhn6dqlddjq598fj2zqpgxcqjm1-libxxf86vm-1.1.6
  /nix/store/0s3m1rr713h04x5spxs31qvp8ribkjv5-libyaml-0.2.5
  /nix/store/lz85nhjf0kig0x1bp3m1f0dsyhhb7dph-libyaml-0.2.5
  /nix/store/w1ibaawl9nq9p5xra08sggrh8gk0wrmb-libyuv-1908
  /nix/store/ds3jdw0wfch5jja194hszcmw3z60rfkj-libzip-1.11.4
  /nix/store/sivywi1q0m63mc8qbrhxm855acv6k52x-lidEvent.sh
  /nix/store/18yzi8s1yqls4629fcgd9wbdg7pimx4w-lilv-0.26.0
  /nix/store/jcslxajb2zyfv7zy7hlgjzsalzvm41dm-lilv-0.26.0
  /nix/store/b7873x4ixrc83ncwq6ib28byafx96yhn-link-units
  /nix/store/gk52mra0lnsff4pkbwfx13i44npw1m10-linux-6.12.67
  /nix/store/l0fkq0s0i5m9m2rcs88ap552w7ridzjv-linux-6.12.67-modules
  /nix/store/xdydyzp6w5jzgy1gmx80xx66yr0xwan0-linux-firmware-20260110-zstd
  /nix/store/gjr38d6i6xijr7aqvf0d137zc98cyxnj-linux-headers-6.18
  /nix/store/slsww592mlpw8vzf72q53xpdjms7vjbv-linux-headers-static-6.18
  /nix/store/3ccwp233h2cxk472x9si9vavhbbdngmf-linux-pam-1.7.1
  /nix/store/ihnqap8hgvrz89v24rgsz2xw4qlk6qfd-linux-pam-1.7.1
  /nix/store/d0wazi2llm1yk53fi8il4yqxvyib6j4f-linux-pam-1.7.1-doc
  /nix/store/v3k6hlxf03wwx4wqqv7c668g8qfvfiwk-linux-pam-1.7.1-man
  /nix/store/5y9iqhgc79gjjnk2pw7yyrs8qwdm52bs-lksctp-tools-1.0.21
  /nix/store/mfsjcsi2p23zkcd58g003binzmak18vx-llhttp-9.3.0-dev
  /nix/store/apf2d7f948m7qch6vnk6i3rhrky0pd9v-llvm-21.1.8-lib
  /nix/store/wndcqsybcbfps5mmcvcaq8jc9c0csk6f-lm-sensors-3.6.2
  /nix/store/rpzbrvasfx9wn9aj4jd2q7rdwwz7l8si-lmdb-0.9.33
  /nix/store/fy66iykfip5jvwn05wx45lnam9qx9qna-lndir-1.0.5
  /nix/store/qg1p330wnvdhs3zsbd18fk44d0r71h67-logrotate-3.22.0
  /nix/store/mf0asds5wgwc3m4mab2bsxb6rpdlx4as-lrdf-0.6.1
  /nix/store/i06ja930wan5sh0z71zr9n1i2dgfxwpj-lsof-4.99.5
  /nix/store/904d8hx632dvjrs7ij32knx1xrhlk70x-lttng-ust-2.12.2
  /nix/store/ibq9gfjx1546vdy4l2dvp358di5knx5x-lttng-ust-2.14.0
  /nix/store/pbc2vqqg0fmb8wi4y103xq93lx9vqfam-lttng-ust-2.14.0
  /nix/store/g9lk8qbkz4r41rsmq3lkikzi6m0sd3q3-lttng-ust-2.14.0-bin
  /nix/store/ha0kfkrclmjigzkykzdgjdqfxsq60mdn-lttng-ust-2.14.0-dev
  /nix/store/fpr8wksh9mx77qmyp1dmhna1df5b0ipz-lua-5.2.4
  /nix/store/xx0w7khhckpdi7mn5l3sy2svqzg4ri4p-lua-5.2.4-env
  /nix/store/zfhlib8ny0gi1b00ncw16d41jr88a5ps-lua-5.4.7
  /nix/store/nv3ygzpkcpbq6dlbpvi6w1m3zpzp929q-lua-language-server-3.17.1
  /nix/store/cwds3j1b8y6f6r9j7di5vwi52b2pm13q-lua5.2-luasocket-3.1.0-1
  /nix/store/4qxq4arv32ly13kl3g0m5q80gm3a35xr-luajit-2.1.1741730670
  /nix/store/fmya6bgbvvq2q22qf1v5s3hl9nic9x9l-luajit-2.1.1741730670
  /nix/store/ifrqj7d9c6mwy3y7sjscr1skq4qrs4zw-luajit2.1-lpeg-1.1.0-2
  /nix/store/v0sp18xb8ljz0dfasm71qknmfsp3ra3z-luajit2.1-lpeg-1.1.0-2
  /nix/store/g3jlccnqgmg4190gamaaqashjyz983q9-luajit2.1-luabitop-1.0.2-3
  /nix/store/2csfi9gshywqvnfv3hlhk4gw4693a1fm-luajit2.1-mpack-1.0.13-0
  /nix/store/8friwkqi86carcs8f98r4fbhyaj7wanc-luajit2.1-mpack-1.0.13-0
  /nix/store/2z0zy3n9l5hzkllnfp5xb5zhbwldw0n9-lvm2-2.03.38
  /nix/store/sh2qlacbs0bszyy7dkxckl1l9qqw9gpq-lvm2-2.03.38-bin
  /nix/store/lpkviwdhal4xszrzqpm0g5qkgwa9ai3z-lvm2-2.03.38-lib
  /nix/store/w73dshfac6drgmbr9nfy3jdvfldinzw7-lvm2-2.03.38-lib
  /nix/store/77i0jc5v378i1b6162rz7bc7yiv66xqh-lvm2-2.03.38-man
  /nix/store/b1v8ljz1w2psqv8ji11p94f4sas6qbql-ly-1.3.1
  /nix/store/4h7ak3pg4y1bynhmdrxndx70ljxxgqyy-lz4-1.10.0-lib
  /nix/store/mz43gzn51dnx3ivhk9y9d8kra8rq4bkm-lz4-1.10.0-lib
  /nix/store/lpfkcn51d1l7vvhgi2va7s5qxc8g66lj-lzo-2.10
  /nix/store/qxixlczzrpzhiqav44cy79kqkr22wn0r-lzo-2.10
  /nix/store/zrhfac077f19qx3zsxanvn6ryvwv82s0-mailcap-2.1.54
  /nix/store/4vlbi84gav86y4mrs96y78wq71y3zpj2-make-binary-wrapper-hook
  /nix/store/153zc6p1z5r3bnz6vwdy59zpby3hvc27-make-initrd-ng-0.1.0
  /nix/store/cp7i54jrkql572jljv4nsymn3w9bpiz3-make-shell-wrapper-hook
  /nix/store/j6w2952cdl6sbwx3sxqj0dhsc8dncl8n-malcontent-0.13.1-lib
  /nix/store/id0rgyh63fkf3b1mcn5z9pighkql5fj8-man-db-2.13.1
  /nix/store/99zgz8f86kf0apky4jh6nnmdixqqm0fl-man-db-2.13.1-doc
  /nix/store/r1w25bapsgz05b2z47pwgd88i7x9db5h-mariadb-connector-c-3.3.5
  /nix/store/dxhnr961lw608ghvq8xf29qxl4v2wx1k-mariadb-connector-odbc-3.2.6
  /nix/store/n3k770acrnc8v5yajk7878185kz1dpr9-marksman-2025-12-13
  /nix/store/0j8ydh92l9hdjibg5d24nasxzha9ibvr-mbedtls-3.6.5
  /nix/store/h24xn1zgjwmhi885fzm17yygc3n08yqj-mbedtls-3.6.5
  /nix/store/60i5dmnfvinkl6mlv61s92qax0k8zcca-mbrola-3.3-unstable-2024-01-29
  /nix/store/61xj31lp1mfrmyy7nvh4vyamjcqx2j0i-mbrola-bin-3.3-unstable-2024-01-29
  /nix/store/h4j1mshg1zhz0c0n0q5mrdj7nidnz13m-mcpp-2.7.2.3
  /nix/store/nz73lv4l2j0ck2wmd32gp5ki82ggj7fr-md4c-0.5.2
  /nix/store/0qs0n0bq16q24siq13yz9sz76xh1fhv6-md4c-0.5.2-dev
  /nix/store/hp6c1570p2bsipksgi7qp8azd7d76qbk-md4c-0.5.2-lib
  /nix/store/3m559z3m9374mrx0kpfpr28lr9zridwg-mdadm-4.4
  /nix/store/k7v2zw4iagq1aymp1n6crwmi1j11yjmw-mesa-25.3.4
  /nix/store/d2n9jxq4786lf105knz4h1k6zsck1anh-mesa-gl-headers-25.1.0
  /nix/store/cnp44ylrdkrnyiq28hk54k3vjwwdf25c-mesa-libgbm-25.1.0
  /nix/store/k9dmwf87kz9s32h554j0gc88g4wn4bzs-meson-1.9.1
  /nix/store/gvwjxa7fz97pcahpqk3v9s1bm0sx6jyr-microcode-intel-20251111
  /nix/store/1mjmg64bj09mjplbvsaabh58l18p0xjq-mirrors-list
  /nix/store/2w68p19fkxwjvpiqhs47l7wc5d04nkjx-mjpegtools-2.2.1-lib
  /nix/store/xz3xlqzcfb489qaw67p38k410kpk50b4-mkfontscale-1.2.3
  /nix/store/4zik980xnvblgkswm6mlhhcyaj3ll5f6-mkpasswd-5.6.5
  /nix/store/0dzcn620b9xmr4nrmq2km2sgcaipspgj-mlt-7.34.1
  /nix/store/kw2v0vjkjh905m35q2hmay9pbcw49vh3-mlt-7.34.1-dev
  /nix/store/n2ksszm3gy6vd19c2ljqxv6di3jwd47g-mobile-broadband-provider-info-20240407
  /nix/store/iw7648qsbf4423vlppmaxsgcy97p1y2n-modemmanager-1.24.0
  /nix/store/a8kazsa342i0bn55kmr5chvwm2y1m031-movit-1.7.2
  /nix/store/lkr0a1ljvm7jb0xlpp38ibbwdycbzpn0-mpdecimal-4.0.1
  /nix/store/rx9c12rcc10273xrgb21kcpglddh1sry-mpfr-4.2.2
  /nix/store/3yy8p6qvpyikrl4ic45ld09zvwm81wxd-mpg123-1.33.4
  /nix/store/6z770mq8xsdsar9xzw5w0gff0aiqx2bd-mpg123-1.33.4
  /nix/store/iwkh6275i0ppf09arh13jbk31m0rly9x-mpv-0.41.0
  /nix/store/q9f6k2x4lvd67ha6zrfq130hww675rsn-mpv-0.41.0-dev
  /nix/store/b8fximxjpsvm161d7n64z7v4yc3g6kk5-mpv-0.41.0-doc
  /nix/store/vj3jvrf2js7fxspjnii294hm70x2jdk2-mpv-0.41.0-man
  /nix/store/pbbcsg0rm4hjlmyxx99qf7r1xhcxksjr-mtdev-1.1.7
  /nix/store/5p2lg9v22q4qvgvnzmlyywin0ljdmda4-mtools-4.0.49
  /nix/store/61n8np8n85zdhs2fkbmdg5wrpada97a3-mtools-4.0.49-info
  /nix/store/8x5vvki5y3rnn0ww1kf5spmc7cgqkv2x-mtools-4.0.49-man
  /nix/store/1rbb9ajmdzcixzngw2a6pd2pnwkyil49-mujs-1.3.6
  /nix/store/ycmc5yca0vwsrw8s5zn2nqxwp31i22lc-mupdf-1.26.10
  /nix/store/1br1hbjnsbiqhwza3xcv3hpahcn2xl0s-nano-8.7
  /nix/store/4rvcdyjs3l7x5xg15yswahjwq3bmzci3-nano-8.7-doc
  /nix/store/psi7c8nf0imc600k4fdmm1fmraawlcbp-nano-8.7-info
  /nix/store/zqcmbxzcwgj9gv20j53ffhmbzvizzjhc-nano-8.7-man
  /nix/store/x01y9c19gywllkmhw1n4ca2g4a6lx4pp-ncdu-2.9.2
  /nix/store/rh9aygdm7yqjp3pzxc02ri61ij85s6i9-ncompress-5.0
  /nix/store/asvksps0m82rjl9q19h2vlj0f0006sr8-ncurses-6.6
  /nix/store/qmqc18y38gfd8ld9s9hsvrlpi6v8h7mz-ncurses-6.6-man
  /nix/store/rjhqj2rs2md1wk6k7fkp63v1h9r054hp-neon-0.36.0
  /nix/store/qmj66290fjwk9ykyc87kinm9afc4rx00-nerd-fonts-caskaydia-cove-3.4.0+2407.24
  /nix/store/acwk1mwpladznk7w39i8m4jbalh3qhcz-nettle-3.10.2
  /nix/store/nhpyszcx9i58dr93ny8020n4y31ni4lm-nettle-3.10.2
  /nix/store/wm70ac6y92nwdqd3bsan0r964sgnq97f-nettle-3.10.2-dev
  /nix/store/aashp94vlz8d6kzni820390i30sflpv0-network-manager-applet-1.36.0
  /nix/store/cmp84zyl64fdzmll9kpvb9ffwda2xn90-network-manager-applet-1.36.0-man
  /nix/store/wf4h0gj74agvrgwscgd8qcifirpia6dm-networkmanager-1.54.3
  /nix/store/41ygcip1bagrqy7rl6zl363j6jh4rgsx-networkmanager-1.54.3-dev
  /nix/store/2slq5rz2cqi7rqkcyxq4vf8nxdlkcqxj-networkmanager-1.54.3-doc
  /nix/store/0q0ric4gkjfjljffk6g2bihjrlzran1j-networkmanager-1.54.3-man
  /nix/store/1l0n6kfgh05n3bl9ks0b70lhwfy9ks8w-newt-0.52.24
  /nix/store/ys3cxs8bsd3hlrvwqzcvwm8g2w6gi6k2-nftables-1.1.6
  /nix/store/i90b5jvf5f8k1hfai9aj29268580078d-nghttp2-1.67.1
  /nix/store/xvi39ds16r6nym6n4ygnz20grmw8zjap-nghttp2-1.67.1
  /nix/store/yy6515fdq151vp6mxdlskml5jm0lma02-nghttp2-1.67.1
  /nix/store/94iqqnx9wkxzx7mgidv1jgi7k906vh89-nghttp2-1.67.1-dev
  /nix/store/ijrb2qkj27mzy3b5gswxnr3mqir8sv0g-nghttp2-1.67.1-dev
  /nix/store/r3f4zs56fzpahwnykhr3wbl1j33ksvxr-nghttp2-1.67.1-dev
  /nix/store/isma42iz2i3khgr8a08hr99p9s97aphw-nghttp2-1.67.1-lib
  /nix/store/j45rf4zx05ckp2d3fj6nb7js7zhs10dx-nghttp2-1.67.1-lib
  /nix/store/jgmb7ck2zrf5sb1fglmxz8r8i8qyflyc-nghttp2-1.67.1-lib
  /nix/store/jk7jsl2p79dwb6i08rz8v64sf9hkx60r-nghttp3-1.13.1
  /nix/store/lf3a8jxvhrs5fd0nbq3iy4j09hi57vib-nghttp3-1.13.1-dev
  /nix/store/lzhn45ygs3l4xrqix82didml24rh61v9-ngtcp2-1.18.0
  /nix/store/99b682kgwcp3944rcq47f3whsfpij80c-ngtcp2-1.18.0-dev
  /nix/store/dj8d51fg2gq58n631yfsgk7yb152xb49-nil-2025-06-13
  /nix/store/hbd3ykm866gx3iqq2b9b8p3n1vhqjzsn-nilfs-utils-2.2.12
  /nix/store/wc7a9w61k9bqvdnksx7mfj49x55nl8i8-ninja-1.13.2
  /nix/store/5nwllws3vpxlqq6m3lfk7bfzvjvzj509-nix-2.31.3-doc
  /nix/store/sr2196jkk5qdh2vrhv8q8kcb8k83v3s8-nix-2.31.3-man
  /nix/store/dbgbaanql01vij3qw8wxz124x5xzicv0-nix-bash-completions-0.6.8
  /nix/store/diaj27rd2nzms2jmznb6g2961h6mlhjn-nix-info
  /nix/store/rl7i1p21mp4g39j1qhlmzbc7smgwpx2i-nix-ld-2.0.6
  /nix/store/avphywm16kygys5myrz1qwxdvq1jg25c-nix-manual-2.31.3
  /nix/store/mnxh19vvynnpjda58wbmrn2wdpn7llbl-nix-manual-2.31.3-man
  /nix/store/mvzq1h2cgc6rx9qrg2sh84k2bb1lpa3y-nix-prefetch-git
  /nix/store/qqpzlh19pcwgwqf7rcdpssdwdz2aj8sc-nix-search-0.4.0
  /nix/store/cpg3xx0bwfazfzv6y115dv7hpwxy3s04-nix-zsh-completions-0.5.1
  /nix/store/b5m1h822ln0s493r30sgns77618ws59n-nixfmt-1.2.0
  /nix/store/wh4wdpdj5cc483ck04f2i2qmzrq1zn4x-nixos-configuration-reference-manpage
  /nix/store/a00v4s58n2zz6fjcya58b7q3q667w11l-nixos-firewall-tool
  /nix/store/pnbydip03cl0cvg392b3mmdv312z4m2h-nixos-icons-0-unstable-2025-06-28
  /nix/store/2bmrsgmdd8ik0bjj1hyw4ll44xawlcxx-nixos-manual-html
  /nix/store/8ph5vvfc6xj91n97arfmi961xzpacpqy-nixos-option
  /nix/store/jrj6bfw2pn41hcz231dbscwnrx666hji-nixos-render-docs-0.0
  /nix/store/9cyx2v23dip6p9q98384k9v06c96qskb-nodejs-24.13.0
  /nix/store/43smkkhy5dl9ss874v73vffgjk9akwci-noto-fonts-2026.01.01
  /nix/store/g9a1vk710gjafdqmbzv0kky1ay5wmyid-noto-fonts-color-emoji-2.051
  /nix/store/vjr3vr7b6w0459h894kjspbhx74lmm6x-npth-1.8
  /nix/store/yb87ps44prfgpc4l20fkycxnwwy3aap3-npth-1.8
  /nix/store/wi6sx9fnb17y8kjnnxi64983jwsqywh8-nsncd-1.5.2
  /nix/store/0jwmp61gj4gnl4xmynbcm7gsp14nr7jz-nspr-4.38.2
  /nix/store/lp1p640jmxrx2gwsmk44xiz8d8r57inl-nspr-4.38.2-dev
  /nix/store/s1zdrkhrcv9k7i6s1vj195k5wwvlnc99-nss-3.112.2
  /nix/store/33avy155kh13axsprx8dv3jn1hgrlxj0-nss-3.112.2-dev
  /nix/store/a2lr219dfyn771a1rsdygikfk1x156cp-nss-cacert-3.119.1-p11kit
  /nix/store/ib3f46qp77hd358wgmhx4b3nslgrd507-nsxiv-33
  /nix/store/x2bh10hfpj07bbfg0gnrncd1f4wg19l8-nsxiv-33-doc
  /nix/store/vdjgr9ycav13c5ci0qv9kc6k00apy9j4-nsxiv-33-man
  /nix/store/5lnmxpyq3bdhdfh64d7ciakqcpjkm0y5-ntfs3g-2022.10.3
  /nix/store/dq46ikvlayd1m2i32gcisk2wk5zc3fd9-nuke-references
  /nix/store/h0x0p1ikp9svk1ri7xxacaczqawyz4sm-numactl-2.0.18
  /nix/store/r0z4vmnbirh6d37m7jcaknss7pbambnv-numactl-2.0.18
  /nix/store/415nn9kribq0crar4anwpvlzb5kyjizi-obs-studio-32.0.1
  /nix/store/67bdfc7yncy515gjb9jcmbbass0yjb2p-ocl-icd-2.3.4
  /nix/store/avvmwjxbl6y9y56fhxj2cimzahj69m8f-ocl-icd-2.3.4
  /nix/store/4k5wayklhvnfqzqp3kcff0g8gfi9hw1c-oniguruma-6.9.10-lib
  /nix/store/8ldswb4i3dkbprykkkxcgpz3qlxgwfpv-open-sans-1.11
  /nix/store/ii87h2ypphzdxhp7isq39rjwkg5w6q9z-openal-soft-1.24.3
  /nix/store/4ipb7sljmq3l9nv8gp4i2cyy5y3xk33m-openapv-0.2.0.4
  /nix/store/w4ivl440m08r18mwf3qmvknzj2a3vz6p-openapv-0.2.0.4
  /nix/store/55ym0bk182il3j7s6ffvsl6v47z35lp8-openblas-0.3.30
  /nix/store/i8ypd7xyfgwlz0ja4g90f5xcj1m0415y-opencl-headers-2025.07.22
  /nix/store/vn18955hf2lzrk11fhipdv3i1brvr3bn-opencore-amr-0.1.6
  /nix/store/ai0p663qykdzgi1avjkh5qafbpvx3pz0-opencv-4.12.0
  /nix/store/wmlzjkwwccpgcryn5xdmhhvv0am2nkyb-openexr-3.3.5
  /nix/store/aa8mp07d9rff5ngj4xz5739svq5576wn-openexr-3.3.5-bin
  /nix/store/jjawhx01msvlypj456ki1nn25gv1djfb-openexr-3.3.5-dev
  /nix/store/4azmiwdhg0zj0s12w724xn20fw1shw1d-openfec-1.4.2.12
  /nix/store/9zd86r5xpjqi8a71jaai5s4m870fybh8-openfec-1.4.2.12
  /nix/store/axwf4aj6szmv3f76yfjv1jbj0c0vvgqw-openh264-2.6.0
  /nix/store/yb16bzvkdimkgczlw30pkhfxnzal26ks-openjdk-21.0.9+10
  /nix/store/d4q51pkj4xj72m51bf29bas4z9v4lm2l-openjpeg-2.5.4
  /nix/store/fgiylrqsydswlyjkxm7gnn5dd5asgkxm-openjpeg-2.5.4
  /nix/store/x9xzj486kb72k10xqxcbs4pk3mljqzp6-openjpeg-2.5.4-dev
  /nix/store/v3src90lir12m1kn3yz14pxkiik3c75a-openldap-2.6.9
  /nix/store/r0pvipd45799xm6d38l3and0cqm7wrsd-openresolv-3.17.0
  /nix/store/50jp3q2sjgw4shh0sgx9il1h005fpp8s-openssh-10.2p1
  /nix/store/942yj3apvf8r0xs8f6qh061cdry5dxwc-openssh-10.2p1-man
  /nix/store/j7368sjzibfyzh6kkr6b70zblw17i602-openssl-3.6.0
  /nix/store/wdlsyifrp298fyhrvkpcbj37gx6mrlb9-openssl-3.6.0
  /nix/store/1p8kvf8pyqb8h85f81vhahyj04wjzv5d-openssl-3.6.0-bin
  /nix/store/mi2gmmmhmyjlcjd7gq0jq7nkx599m6lc-openssl-3.6.0-bin
  /nix/store/fgm3pz8486ksh3f94629lpb7xjr2wjp7-openssl-3.6.0-dev
  /nix/store/q6zwrig7ymwbn5hi44py5ai1ixh847s3-openssl-3.6.0-dev
  /nix/store/zq8nh0gm2z7dz08k5xc603rz9pbzvjfy-openssl-3.6.0-doc
  /nix/store/qv8n1mrdrn8f9i1fd8jqkdklr454qpnv-openssl-3.6.0-man
  /nix/store/ain31mfk3p75gijd45mzayb7qv7qc46h-opentimelineio-0.18.1
  /nix/store/6hwzl3ikihj12gv7rmcigy2awbz507ps-opusfile-0.12
  /nix/store/d90d7a3zdnh78pakayfqpjz9dz7cpaii-opusfile-0.12
  /nix/store/ac9j0ddlp9lkh1d0n49r552yim2lf5g7-orc-0.4.41
  /nix/store/xqc8n6w746by3h5c251g2wj3mlmqsysz-orc-0.4.41
  /nix/store/chbym2yq5sw6n2sxn9pmc35hypb2lgvc-orca-49.5
  /nix/store/8921j7ds4781vb7x0bkhhd7awpxmrkfa-ostree-2025.2
  /nix/store/glhz7g6kwc68ps9bgprx6i3m6n5147qs-p11-kit-0.25.10
  /nix/store/kif1ka2gbmazfdhvcj8n2wgmi87k99fl-p11-kit-0.25.10
  /nix/store/cgrmd2c0zil8rjbzb8b0r5lmbyz5lghd-p11-kit-0.25.10-bin
  /nix/store/pv79l02aklsd6sjh9wxrs9ip3k0a5rln-pango-1.57.0
  /nix/store/yb1cl882653q60bb6i8mcfwnja6zpd43-pango-1.57.0
  /nix/store/pxyjx7ilqh2gnpdhj6856phzjycjsxr3-pango-1.57.0-bin
  /nix/store/3rb207jds7cqrr59x8yi7h44d7q8s0hm-pango-1.57.0-dev
  /nix/store/k5vn1135krd3zlxi26m9a2k9wrnp1wlm-pangomm-2.46.4
  /nix/store/j33k88lnhyb3p0ga5gy2vpkqg91rf2k0-parted-3.6
  /nix/store/wy7nx1iawswqzf17pxdq64yfq32d6phf-patchelf-0.18.0-unstable-2025-08-13
  /nix/store/5gbmg48j0zz9i5yczivp1j4zsfxk37bi-pcaudiolib-1.3
  /nix/store/sxffphd8apxrladk3i8fl0g366001vx8-pciutils-3.14.0
  /nix/store/nhp0gsifhm8k8anm517m93jhdirm6j3p-pcre2-10.46
  /nix/store/4bbwfbl1dz9md08m5jdf1hxbzlibibpw-pcre2-10.46-bin
  /nix/store/40b7k4xwy1w8wy1rsamd9rasqpwsb3p5-pcre2-10.46-dev
  /nix/store/ds2ns68pz36zc8z8l0knwi0qqwhfdp4l-pcsclite-2.3.0-lib
  /nix/store/wcg216wypmjpybvhr11vyj8zf5s12kmf-pcsclite-2.3.0-lib
  /nix/store/0m9dv7ml6vddmxj79s98l102d03sf9f1-perl-5.42.0
  /nix/store/c5s39ylnnyjxcw5k5kihmr8gzcliw8n5-perl-5.42.0-man
  /nix/store/v1qj5val6m0pavn6pvd88l16vs7vhf8w-perl5.42.0-Authen-SASL-2.1900
  /nix/store/kyg4nm1mgivfgsmf91449kccgg80x4as-perl5.42.0-CGI-4.59
  /nix/store/wb6qhxgxwcy2b5ik965qvcxkz0di85z8-perl5.42.0-CGI-Fast-2.16
  /nix/store/blmnas2gb4j00471fq494gc6lr10rafp-perl5.42.0-Clone-0.46
  /nix/store/f08scwpixvkywqv4z0m80k9jcg6qs867-perl5.42.0-Config-IniFiles-3.000003
  /nix/store/d33pccb6kzhra878d71xiwm44274zmhi-perl5.42.0-Crypt-URandom-0.54
  /nix/store/hr7asb01ihjx7d1ilgqknl6nvb4cnshh-perl5.42.0-Digest-HMAC-1.05
  /nix/store/lbl7p052h1gvbqphdvwxxman94bz7mhc-perl5.42.0-Encode-Locale-1.05
  /nix/store/qsgxw3cq1wc3bf5bpfr6anfa7xcg1358-perl5.42.0-FCGI-0.82
  /nix/store/p32hghrmdww891fwwcwy8m32c5qlklc9-perl5.42.0-FCGI-ProcManager-0.28
  /nix/store/192cdv2kic38byp2bxcs1xs5fwg6cn5g-perl5.42.0-File-BaseDir-0.09
  /nix/store/4cqmyz2yfjw86s4dq040mxhvbxz5pazi-perl5.42.0-File-DesktopEntry-0.22
  /nix/store/6ibw5irnlxyvfm4d2fblb57w5hlmxiy5-perl5.42.0-File-Listing-6.16
  /nix/store/rbwf3ggjzxf2rph3snpa2mdgyybi6s3h-perl5.42.0-File-MimeInfo-0.33
  /nix/store/47lhzm4cmq8ww5mykykik3h6l8wq5zc3-perl5.42.0-File-Slurp-9999.32
  /nix/store/hm0ajvpwz1007ych9vz6qkhs06rm9xfx-perl5.42.0-HTML-Parser-3.81
  /nix/store/lq4dsddkbqdr6da0r3vnnm1ncd9n1rba-perl5.42.0-HTML-TagCloud-0.38
  /nix/store/cnd7bcjxyq3mkim35p3cz8dp4mx8lray-perl5.42.0-HTML-Tagset-3.20
  /nix/store/ffx1qbg2658nklqpjri3d4d71jxrnxgm-perl5.42.0-HTTP-CookieJar-0.014
  /nix/store/s32a727k1cxwqz0zzq2fk28jzlnaskkw-perl5.42.0-HTTP-Cookies-6.10
  /nix/store/379bgshl922v3zjx64ljsnnfc3wrl16w-perl5.42.0-HTTP-Daemon-6.16
  /nix/store/q5zpk39z2jq0ardi1g6mz7k43hnps2lf-perl5.42.0-HTTP-Date-6.06
  /nix/store/xps75qp8na3zd39ppaqvxf42g2jqmgbr-perl5.42.0-HTTP-Message-6.45
  /nix/store/pyw98sp2272jr7d1klb0x2xfws3dz7z2-perl5.42.0-HTTP-Negotiate-6.01
  /nix/store/8rjp0cj4asx2zzpkm4lpya2cyicy8a5p-perl5.42.0-IO-HTML-1.004
  /nix/store/9z0650vi7qs19aqwwl2b350gfwdz04kr-perl5.42.0-IO-Socket-SSL-2.083
  /nix/store/02bc57minq2f99k07wxyd7v5rd7h4gs5-perl5.42.0-IO-Stringy-2.113
  /nix/store/afl5c86kw3l1ph6h0s069ghnbl209z32-perl5.42.0-IPC-System-Simple-1.30
  /nix/store/1h5a32233n8gqgvx8100z0zbfhw6127z-perl5.42.0-JSON-4.10
  /nix/store/xkcmcixv3hdww5x9yqqnvh9k6sy3yqp9-perl5.42.0-LWP-MediaTypes-6.04
  /nix/store/bg4xrcp3jpjsh8a0xqx6d2niqhdal9pg-perl5.42.0-Mozilla-CA-20230821
  /nix/store/12ch2ck7v5a1cm02jg3wi1y1a0wvdxlk-perl5.42.0-Net-DBus-1.2.0
  /nix/store/bmhyg1a3szh94p8lc0arcbh5k8m5pigh-perl5.42.0-Net-HTTP-6.23
  /nix/store/3fziqvk0v05y5fy9mimflsbwp7n9n6qf-perl5.42.0-Net-SMTP-SSL-1.04
  /nix/store/72f3lbsj0szyadqbrqidjs52kdl3k4ik-perl5.42.0-Net-SSLeay-1.92
  /nix/store/z7wnnjh9ql68zrfr4m9dz9mkr784dkp2-perl5.42.0-TermReadKey-2.38
  /nix/store/c7iniinll51q40xfrxrjj6kf2ggzgiy9-perl5.42.0-Test-Fatal-0.017
  /nix/store/4iqsaypxn63fbbrsfih044ns4ljxijcf-perl5.42.0-Test-Needs-0.002010
  /nix/store/3hqjmimz9l0821gg3s0c2f45ix5dlnxh-perl5.42.0-Test-RequiresInternet-0.05
  /nix/store/ymg5c4sm915p76lab2wrfkhzhy7lhcbm-perl5.42.0-TimeDate-2.33
  /nix/store/209048nij35mn980llay0dk5l9zd7rd7-perl5.42.0-Try-Tiny-0.31
  /nix/store/2jqg49kx50za5qxq3v0fyj82jhv14i6n-perl5.42.0-URI-5.21
  /nix/store/kpg3xarm646mwaknqjzqd5i1q55qjgxh-perl5.42.0-WWW-RobotRules-6.02
  /nix/store/d740456ckdkwhhh7dpc7n7lncj812rd5-perl5.42.0-X11-Protocol-0.56
  /nix/store/1jmqj8j4hwmx56sa0ir0bs2nxxayikv5-perl5.42.0-XML-Parser-2.46
  /nix/store/2y2nyavwvhhd6kz5ihgv4g7md8arbkby-perl5.42.0-XML-Twig-3.52
  /nix/store/0cqrh2z4jznc5nzrvfsk6m5smq77gz7r-perl5.42.0-libnet-3.15
  /nix/store/88fp95r3jzqs9q641sljw0zm737m2zfx-perl5.42.0-libwww-perl-6.72
  /nix/store/szmfcymkkxkfb6yrg2mg9h4g9lsh80b2-pipewire-1.4.9
  /nix/store/z8pz8hz2psggqsws4n7mzbbdghpcxm71-pipewire-1.4.9
  /nix/store/cy2p0hk97kwmgp8b6cl5l715r5py06b7-pipewire-1.4.9-dev
  /nix/store/73kd7l48y8x79vvxvbzi630p6mrypcz3-pipewire-1.4.9-doc
  /nix/store/zbkr5zr6h11akq6frgxsc0d0fag59v00-pipewire-1.4.9-man
  /nix/store/p2986m9vb36kw5qayzkmczncviamyy9i-pipewire-extra-config
  /nix/store/051z7bznxhpsg36nchq4iwj99avh7az0-pixman-0.46.4
  /nix/store/fzlg63ychmmpwvb71asyp7x2n83kllv3-pixman-0.46.4
  /nix/store/g3kc0p65g67798kkl58k3knrz5xzfqzv-pkg-config-0.29.2
  /nix/store/rvp7qlpf5jqvdckjy1afjb6aha6j8dxg-pkg-config-wrapper-0.29.2
  /nix/store/ny7dfzccfib55khv53wkjkdbdr63zpqn-plasma-activities-6.5.5
  /nix/store/3xzfz1h9b58hml4j904c1ffjc97m8ajf-plasma-activities-6.5.5-dev
  /nix/store/yih18g116gn57n149qqdazik1pf368a7-plasma-activities-stats-6.5.5
  /nix/store/c3z2sa77ngc9pmsly24cr7ikl1lzn3ci-plasma-activities-stats-6.5.5-dev
  /nix/store/ggpyx52w359pzz64gjnjzmagv0ajq2p7-plasma-wayland-protocols-1.20.0
  /nix/store/y3i2n7c4ldqzr90spr7spfdsqm8h0v42-plasma-wayland-protocols-1.20.0-dev
  /nix/store/q1vmx08s4xwh4djivpvhhkg1wvxc5qnm-playerctl-2.4.1
  /nix/store/j43m1hd4drq0p5k3hfq05hhm64kn9x5i-polkit-127
  /nix/store/cng89q8kszbzrw0r5hs8ky46gyr90xn8-polkit-127-bin
  /nix/store/m6hj2gvknras55mw5snyynd32j0kfinx-polkit-qt-1-0.200.0
  /nix/store/hc297dfkljwhsa8kz1hg08mxl7bj5nb5-pop-gtk-theme-2021-08-19
  /nix/store/l405rllbfmhx7nmyvv1lk6g74j8wq62v-pop-icon-theme-3.5.0
  /nix/store/7dvdasm9mjinbn6y5gnbrlnij899h67z-pop-launcher-1.2.7
  /nix/store/9vniqyrns3kampkvv23kygkvmi9h8l2a-poppler-data-0.4.12
  /nix/store/6v5xnmr4nvb6linsr9f5z00w8shccwiy-poppler-qt6-25.10.0
  /nix/store/1b67jk7hpaipyb5wa2fiv0fcxpw2wb67-poppler-qt6-25.10.0-dev
  /nix/store/z75xzywm09aa1lnpnp6df9cba0xgfxq2-poppler-utils-25.10.0
  /nix/store/yywbzjm7yy89y5z23jazngbv4585rqbr-popt-1.19
  /nix/store/1r06rvxxyvwkl0i47was7r6frmw2lq6l-portaudio-190700_20210406
  /nix/store/wixs67y7jw3lhnp6zaiab2f21idbsyh5-posting-2.9.2
  /nix/store/n05q1qhnpa197x0nilsyn8ywrq1wjmdd-potrace-1.16
  /nix/store/pccjaj2dw57h89h09ianasvp979hfkyn-power-profiles-daemon-0.30
  /nix/store/f4sh0n59qc5snfj8459nkid4nyfw4ag1-powerEvent.sh
  /nix/store/rcjdvwflrcs7f3482lhrn2msnvl0pjb0-ppp-2.5.2
  /nix/store/mw58cpgski3kxwf2mks5xy98pj0fych9-pre-switch-checks
  /nix/store/m5whrrag2zpzm57l9mn6vvy0aqk8ja0b-presenterm-0.15.1
  /nix/store/0xf3ga1c7hapnxk75f6b98qhw4nnggn8-prettier-3.6.2
  /nix/store/204xpr0gicpa83766bk9nxqbf16b1kgb-prison-6.22.0
  /nix/store/rmphk6b97adqphrkpjiiw8pxq3aqrk9r-prison-6.22.0-dev
  /nix/store/lsr86qpxgwisc7wapnrybzqwsafhb2wl-procps-4.0.4
  /nix/store/kiqarh0s4z2kcd7p3sq049kcc85syww8-protobuf-32.1
  /nix/store/hi8rj02fc0bwfivhixm3wgabnzn63qxj-protobuf-c-1.5.2-lib
  /nix/store/00vnyis59als42ka0l5x6whvfhdwv1hc-psmisc-23.7
  /nix/store/ljxhsg7k1dxlh1ya69j6ykls4jd5qyqh-psqlodbc-17.00.0007
  /nix/store/i6n3n6pygbisb0zb5y1214v36hwq4p74-publicsuffix-list-0-unstable-2025-12-28
  /nix/store/6h0fn5ghyq1bkzn54rx8lwck338a65yy-pulseaudio-17.0
  /nix/store/cd838aaakamxi8vn87164m22ya4n6yd4-purpose-6.22.0
  /nix/store/dyqw36zhzw4qqjdlk3rb39phbzdrv4ps-purpose-6.22.0-dev
  /nix/store/pjrbl6x1dax9m7cnsrd1q5m8mhzg8s2z-python3-3.13.11
  /nix/store/4khc8pywqjb221zfa94jbr2wl9b25dv1-python3-3.13.11-env
  /nix/store/j2a7dphqj8i64pm1sj7mj82zlx69js9m-python3-3.13.11-env
  /nix/store/q13jb0wyvkb0ry63z8w0k1h7zmm3y4qc-python3-3.13.11-env
  /nix/store/sxyir85k5zifkss58lq0nr6wy8hlc1qc-python3-3.13.11-env
  /nix/store/hkj0w7x3hrgrrpbs1772j7gnv7s90jda-python3-minimal-3.13.11
  /nix/store/mb1zryzz48jy45q3xzzmw72m7mp2507v-python3.13-annotated-types-0.7.0
  /nix/store/zmaxna9c7wkq80ciqpzb06k33v3qwwrf-python3.13-anyio-4.12.1
  /nix/store/g902f8399503wq89fmlfzzg6z6ib5w3j-python3.13-autocommand-2.2.2
  /nix/store/ijjjfc5zk9d6ap3lyfl23md6my820gy4-python3.13-brotli-1.2.0
  /nix/store/xxdp6hzw4w2chgx3xmshai71387qb5p6-python3.13-certifi-2025.07.14
  /nix/store/wmlvs9fd81d6fw0shyapmp473iqyllp5-python3.13-cffi-2.0.0
  /nix/store/0gywh1dcavpd0f04v2jm1qkrmhp3hk5x-python3.13-charset-normalizer-3.4.4
  /nix/store/bzj72mzd7wb18f03qfk54i1n01gz966z-python3.13-click-8.3.1
  /nix/store/qk2ky4sfgls1xdgdds7ssxbs6lpdwqlw-python3.13-click-default-group-1.2.4
  /nix/store/a4ymic38f9dx9n62pfakriy9hlgmmgzm-python3.13-cryptography-46.0.3
  /nix/store/sllz7rig5bacwgv59a3bgfqngv691cwk-python3.13-curl-cffi-0.14.0
  /nix/store/1djps7i3ma24r8kd6vj09h1hxvkvfpr4-python3.13-dasbus-unstable-11-10-2022
  /nix/store/5hvsjch5879riidq325dn1g54b2fs934-python3.13-dbus-python-1.4.0
  /nix/store/s68fgw1vhcmf3nd89yv6xcvf2b88ar2h-python3.13-distutils-80.9.0
  /nix/store/422jpfhrcg3aqa77qjng9rrwi6azw1hm-python3.13-dnspython-2.8.0
  /nix/store/dwlrph5ws5dysp85b2jlphr3gam8v037-python3.13-flake8-7.3.0
  /nix/store/wxm387hsn2jdkclbysqbbj5car78lv28-python3.13-gst-python-1.26.0
  /nix/store/7ldi2a332ik0r31sfwvwxvjj5wa0nh89-python3.13-h11-0.16.0
  /nix/store/lb3zi93ps41cyq95iwi589cn9siij7rw-python3.13-httpcore-1.0.9
  /nix/store/3hjcfzm0yz5ggpm6khc6plb99hv379n4-python3.13-httpx-0.28.1
  /nix/store/nkrzgavh162yq77qz97ic61y7pqag806-python3.13-idna-3.11
  /nix/store/393dx1h4q48vcjgspp77hfkz2bnp33is-python3.13-inflect-7.5.0
  /nix/store/q0nr4j08pwy3pzg1j0gn3q397ym7xhvi-python3.13-jaraco-classes-3.4.0
  /nix/store/hfl9zzrxxbyr3624nsq4gp9r225f7zrl-python3.13-jaraco-collections-5.2.1
  /nix/store/p6jd1dr2r6305r7s0jps0miq428sx7qw-python3.13-jaraco-context-6.0.1
  /nix/store/mrxvmcrl7alrlv87xhdasc4lzg56pby3-python3.13-jaraco-functools-4.2.1
  /nix/store/n3k8r7iibkikyqgiwalnr3f2xwz2g1w0-python3.13-jaraco-text-4.0.0
  /nix/store/xgk389yplhyiqx1l51b3vvfa5mr1zxsp-python3.13-jc-1.25.6
  /nix/store/hy55bxq38v5811p81yhbn9vmxr52pwbf-python3.13-jeepney-0.9
  /nix/store/b2cdx18m02nw05wb6aibky63bclzih9g-python3.13-linkify-it-py-2.0.3
  /nix/store/4lqzmgay20mph07r39abinq4vzmv0gsj-python3.13-lottie-0.7.2
  /nix/store/14jl66kh5vgz49g22lln8zzq69slzbka-python3.13-mako-1.3.10
  /nix/store/5ivxdhmg5nczifagm7aalsgby2a3hcm3-python3.13-markdown-3.10.0
  /nix/store/73h0dc0ffgiv7vabxhf0lyr417hv9zqx-python3.13-markdown-it-py-4.0.0
  /nix/store/r4lyn54hymhmvccawlx78pqdczawzmyg-python3.13-markdown-it-py-4.0.0
  /nix/store/qqazbxl7wnin60zh8d3mdbavr1kh22cl-python3.13-markupsafe-3.0.3
  /nix/store/vqkg8klna9hk199hv14mzjmrr30i7pcn-python3.13-mccabe-0.7.0
  /nix/store/b291ziaa7pbyfbw0w4j0lwx2lxxpmf9f-python3.13-mdit-py-plugins-0.5.0
  /nix/store/ni06cs6yyj2fzhbk6qyhjgn9q3pmfwkz-python3.13-mdit-py-plugins-0.5.0
  /nix/store/yrkmv8172hp0s1yr10pxyjcd84044asx-python3.13-mdurl-0.1.2
  /nix/store/95988w6mfyb6jh005abgha0k2gfysn4x-python3.13-more-itertools-10.7.0
  /nix/store/7ip8y3znavhvzg2prql8ifxylr63w1li-python3.13-mutagen-1.47.0
  /nix/store/z9kja0x30bg4s6zir9k7gifx4am1vd6j-python3.13-openapi-pydantic-0.5.1
  /nix/store/x2dkg4mpd56gq1yg2kfq37pryh27xs9w-python3.13-packaging-25.0
  /nix/store/k5hjvcdk83wpvpg3zzi8i449k0wzgywm-python3.13-pillow-12.1.0
  /nix/store/dhmi3yw5v5gvb8kfh6x3623g1mq09092-python3.13-platformdirs-4.5.0
  /nix/store/4f53dzkqzxy4w1fbd8y7nxp6xmykl7km-python3.13-psutil-7.1.3
  /nix/store/p751v89sp37qnfmb2nxn2l9xapq5f1h9-python3.13-pycairo-1.28.0
  /nix/store/y4mh2gjffxm1y7q86p4099m28mcshfr5-python3.13-pycodestyle-2.14.0
  /nix/store/1d15swjzzvvdc48gcvvyncc812zqg1rh-python3.13-pycparser-2.23
  /nix/store/hp7jks61xnksxy8pnbniva27svkhjrx5-python3.13-pycryptodomex-3.23.0
  /nix/store/rwrj30fyi13wq7mhy3nkmyhxcxfv3015-python3.13-pydantic-2.12.4
  /nix/store/v6a620g5byaf5m35qlv8flhz0k8s0h0f-python3.13-pydantic-core-2.41.5
  /nix/store/c86llcgqxg7ayi78g90wjvcq71js6cm6-python3.13-pydantic-settings-2.10.1
  /nix/store/z7bk696jam492hs9v270wd5hd1wr009x-python3.13-pyelftools-0.32
  /nix/store/7kramlhm4r2gyyrqhsryl9vsgw675i8y-python3.13-pyflakes-3.4.0
  /nix/store/cxm8b6jd9qaizii20iv10d6694wkdmpk-python3.13-pygments-2.19.2
  /nix/store/ajzsm8ywyi1yf78n4qaciy1vj54j4php-python3.13-pygobject-3.54.5
  /nix/store/1j1mp72vcng3fciswcpa2xxq8yy230fq-python3.13-pygobject-3.54.5-dev
  /nix/store/74b4as7l5w5mfm870gs8cnfqgqhn7qlf-python3.13-pyperclip-1.11.0
  /nix/store/7kad3pafp11khw3capr8nnxmpl0dvp0h-python3.13-pyserial-3.5
  /nix/store/y2lfhigqgb00i5wzi26y0dirwb1qmxqg-python3.13-pysocks-1.7.1
  /nix/store/mar420y99ccg7cmgi0nvz83fg79xw170-python3.13-python-dotenv-1.2.1
  /nix/store/g3gf57sjm8s9zrpmipq71lvzv2rspj71-python3.13-pyxdg-0.28
  /nix/store/bdyka6dsdzj58r53a7pbmkzbss08b402-python3.13-pyyaml-6.0.3
  /nix/store/7y4kwfy5la7zpv8m36r1klcgv4rm0h0v-python3.13-requests-2.32.5
  /nix/store/mdmmdcd15jv0dg2n73r50zwh2v1ndf14-python3.13-rich-14.2.0
  /nix/store/rwv3i2kfgyk40kwha4ylv7jf633v4apv-python3.13-ruamel-base-1.0.0
  /nix/store/j61lbvvrl0cqqdg0gxk789kcvjsvj77g-python3.13-ruamel-yaml-0.18.16
  /nix/store/0h2zkqcaiaqn5nmcrs0lya5jps78a5xg-python3.13-ruamel-yaml-clib-0.2.14
  /nix/store/njlsjp3bv6m3kdx42f9lrnzg7k9yp3gz-python3.13-secretstorage-3.3.3
  /nix/store/51p82br8mnh8m67whjijn160jnh8gvbq-python3.13-setproctitle-1.3.7
  /nix/store/mfx6d4xq18jlpbi0cwnfhmk9hr0gb8i3-python3.13-setuptools-80.9.0
  /nix/store/wjkqrcpij0npxk3i0rn7ki2abn90mxk8-python3.13-six-1.17.0
  /nix/store/c89gfm9i6wsdc14imvf04xrr118scn6s-python3.13-sniffio-1.3.1
  /nix/store/3m5r28af37f9ni2a1mhajbzwxf9i160l-python3.13-textual-7.4.0
  /nix/store/kn7w36vv35csr72lxd3f2qz9vphill7v-python3.13-textual-autocomplete-4.0.6
  /nix/store/ffi9qjcpcgdarfkdx48ywivmxavb5iy3-python3.13-tomli-2.2.1
  /nix/store/1rp137lfxq5cir74bv5k1sdb93pkvcym-python3.13-tomli-w-1.2.0
  /nix/store/c8yiqcfm87z8krrjcqqapv9zf51vn9dy-python3.13-tree-sitter-0.25.2
  /nix/store/yla92b2ga25pk47grkdvfiizv2zhla1n-python3.13-tree-sitter-c-sharp-0.23.1
  /nix/store/lf449ra3jis3kq41rhhg70k50m4s14nr-python3.13-tree-sitter-html-0.23.2
  /nix/store/b5vnfbz6sgwhnrd0561jd4m7qyw4pfdk-python3.13-tree-sitter-javascript-0.25.0
  /nix/store/f17hbg2hdwvy5lmb62fvb3qwihl20rqb-python3.13-tree-sitter-json-0.24.8
  /nix/store/2djl6c8gs9mf320r6x4h0mwl7nls2fbc-python3.13-tree-sitter-make-1.1.1
  /nix/store/vbxlr21pi2jky2sq42sv4kh6c1vfff9m-python3.13-tree-sitter-markdown-0.5.1
  /nix/store/xmxm18s3drdd5cyqwdal4nvh64csmx1y-python3.13-tree-sitter-python-0.25.0
  /nix/store/awxhhn25q1b7zdwyskw4y3x23lqfwh6a-python3.13-tree-sitter-rust-0.24.0
  /nix/store/w4rlhdhf7s60y1a345vlwkb8vh3zfw3z-python3.13-tree-sitter-sql-0.3.11
  /nix/store/pmh83l2q2vg14n8y36ppm9l34fvpscp4-python3.13-tree-sitter-yaml-0.7.2
  /nix/store/fwcdrcl09zvy1zdac5plrbz3vgyj63c4-python3.13-tree-sitter-zeek-0.2.11
  /nix/store/x6bnxvn358dahzi1h1vz6g5312drskj1-python3.13-typeguard-4.4.4
  /nix/store/2f19j1xd1r0f0jc0qfm8x8zyi7r2xl1x-python3.13-typing-extensions-4.15.0
  /nix/store/5w8qh54cbhdifhv3fxrjp83zr6ygav9q-python3.13-typing-inspection-0.4.2
  /nix/store/da1ls25n9hlm5568rrivscf3mlm0z9m5-python3.13-uc-micro-py-1.0.3
  /nix/store/smz6ypxwsszlmraxqd65g0gq3xs924r4-python3.13-urllib3-2.6.0
  /nix/store/0bzi0kqfjhnpfaqkpdiqlccwkbvsgpk9-python3.13-watchfiles-1.1.1
  /nix/store/ayghim14r5bxxs5gq5sja5hygj3m49fz-python3.13-websockets-15.0.1
  /nix/store/192m912xb9wr26nfb8cw9ih6wmidrlil-python3.13-xdg-base-dirs-6.0.2
  /nix/store/y0r5i7g03xdx62msh1b9dnm07nzz6w2i-python3.13-xlib-0.33
  /nix/store/zj4z3ya9l5jcpa57cm5rgrhnnwqhf6ix-python3.13-xmltodict-1.0.2
  /nix/store/09d2cxany5l94dk5xi84xdbpj4qyyshk-python3.13-yt-dlp-ejs-0.3.2
  /nix/store/khbbx0sbx1635h6xkv4mw52r6xvql73y-qca-2.3.10
  /nix/store/z589wnnmsz2b2y74x131f27dcscg1qga-qcoro-0.12.0
  /nix/store/i5fkvmvxbk1vw8iz9avzv09zbm35zzcg-qcoro-0.12.0-dev
  /nix/store/9k3bzmx3mqdjzafb3pw6c6wwmd0c84v9-qqc2-desktop-style-6.22.0
  /nix/store/v4bcslyazq77lg1sc22pvbip7d6wxsfj-qqc2-desktop-style-6.22.0-dev
  /nix/store/41hgb9w2zavj8mdlxg9hizqxvvg28w6k-qrencode-4.1.1
  /nix/store/wqxnzm1jam669wfqnhjmgqc99xckh9nn-qrencode-4.1.1
  /nix/store/9y1s0j9lj4npb90mk68y4wiyxmhvnfs5-qt5compat-6.10.1
  /nix/store/pqyqb84ks8x212x5cjbgv89n0lpwv4z2-qt5compat-6.10.1-dev
  /nix/store/kavwy4v9p1jhf952dzipkjj5l1hjx110-qtbase-6.10.1
  /nix/store/ziah8zmdbnpr2q6av5vc4q7f0ax2j9hg-qtbase-6.10.1-dev
  /nix/store/vbn4s5sss84azz39zawcls0jqi76jfr3-qtbase-6.10.1-only-plugins-qml
  /nix/store/pma97xn76wlzmsqj018bl3df6mywgfl7-qtdeclarative-6.10.1
  /nix/store/a6793ldmd4y98cz240rxv7wy9wvjfhd2-qtdeclarative-6.10.1-dev
  /nix/store/9ghc0apbdzcsyyavjdj3lhysy3hv86a2-qtlanguageserver-6.10.1
  /nix/store/xa32cwiv7h847aasvjbsszln74lxmcng-qtlanguageserver-6.10.1-dev
  /nix/store/7xk68ynm8kcrgvi0lrj047cwmm8hdiqv-qtmultimedia-6.10.1
  /nix/store/046sq0d7rr7kna3qailg1d63xps8242s-qtmultimedia-6.10.1-dev
  /nix/store/q5h8fcs4m6k55d90w1801jgskz2prwsa-qtnetworkauth-6.10.1
  /nix/store/557xia1nzgdcddxaqxqfmjyxx5ni883p-qtnetworkauth-6.10.1-dev
  /nix/store/yn4gq0fjb1rzz4bxvsrf8hwiq9gy7waf-qtquick3d-6.10.1
  /nix/store/755nyvvsjhjiklq199c9mlw2hlxbbhaz-qtquick3d-6.10.1-dev
  /nix/store/gfrjl7zh7dp8nrw48m9cqgps0fdsxf88-qtshadertools-6.10.1
  /nix/store/c5q3lnsy8s13ljszx6m8bi7yji8by27x-qtshadertools-6.10.1-dev
  /nix/store/rjmlq8bd6vj51f2wjayr12csnvb3ncm9-qtspeech-6.10.1
  /nix/store/apkm90xsp57mhklwhj5vlysibpj3djw0-qtsvg-6.10.1
  /nix/store/7swiqmd1xf68jwga60snn1gr60lhbfma-qtsvg-6.10.1-dev
  /nix/store/8z4rjhbxi0s1k1jq8yi7hzjwcah2fc39-qttools-6.10.1
  /nix/store/4vd3hlz43w2hm59mvwhv057pfxqid75d-qttranslations-6.10.1
  /nix/store/q6ixs22ybff73kz683zabxcignnwws7r-qtwayland-6.10.1
  /nix/store/8km92yvyzimc6apr74wjrmbnk4k1igsh-quirc-1.2
  /nix/store/vyibm9q797nay1a9s83rb6js6pnzpvjw-raptor2-2.0.16
  /nix/store/rsr5rw43wbzsi2qsmcpw3wyz9r8a5hib-rav1e-0.8.1
  /nix/store/wv78n63fwskc5y2cx58dwmz1z7p5r73w-readline-8.3p3
  /nix/store/z65fkczcfzja0bcxrk17k2mqiyn82zi8-resvg-0.46.0
  /nix/store/csji3wc8ab9d9xiflxdx2wvjw0q6i0zk-rhash-1.4.4
  /nix/store/5ij40vzd46x6psvdv5yg5gr6igrpwyd4-ripgrep-15.1.0
  /nix/store/nj059xqgxa4fccli9zmqsp6ig14qa3qp-roc-toolkit-0.4.0
  /nix/store/nlg5plhzyipaahxg0mn3yqzffmvgqc3j-roc-toolkit-0.4.0
  /nix/store/9v8gfw82l0nbdnq57dfr4yh57bxn9mnp-rofi-unwrapped-2.0.0
  /nix/store/pgjja711w3aysxqd3g67zfmpgnx8smfy-rsync-3.4.1
  /nix/store/x0mgigi58bk4cb4gld854dsjdvy102hc-rt5677-firmware-4.16-10-zstd
  /nix/store/2i5z42x7prhjss3iz3gkwyd4q5v226l4-rtaudio-5.2.0
  /nix/store/md6h5xalwyv6h10i2ljckk2a05s73jfz-rtkit-0.14
  /nix/store/iq13bz5f9g373gnbikp8grwns3q2acfp-rtl8192su-firmware-0-unstable-2016-10-05-zstd
  /nix/store/lswicxg953hk1ynsscb3bjfxys7np3m1-rtl8761b-firmware-rtk1395-zstd
  /nix/store/4gzify5dmmrrrdfj8i7gx9nppac6yrx7-rtmpdump-2.6
  /nix/store/7858vbf0lpysg3yvkb383cd7iygknl0m-rubberband-4.0.0
  /nix/store/yckv4qajylxm06wv4xsd7zbiq731l2gn-rust-analyzer-2026-01-19
  /nix/store/5dday25jpw6wzskja72p3z40n7013lry-rust-analyzer-unwrapped-2026-01-19
  /nix/store/jslljr5js1wnn7hqlmlbs6cx43n4az8g-rust-lib-src
  /nix/store/b1djx90jj890xay58sacnl4zzg5jvyd4-rustc-1.92.0
  /nix/store/n12vzsjfjf3csy3pz1zc8bl9lfcx7m9h-rustc-1.92.0-doc
  /nix/store/dwcl2giqi3vb92c0i4ql51r39bg8qdxh-rustc-1.92.0-man
  /nix/store/qvpg842zrjkywv7sqgw2h05spdyzcj86-rustc-wrapper-1.92.0
  /nix/store/425gvb2xnhkwb1izjr97wpwdwndwi516-rustc-wrapper-1.92.0-doc
  /nix/store/n1d4093lcx7ljgks1j352fbrf5w551v9-rustc-wrapper-1.92.0-man
  /nix/store/gl4y2v4lwiyllh85z712w8ajydia053l-rustfmt-1.92.0
  /nix/store/a0y3g6aqqjfgjh4c8vfyl5cz4nzfw6cj-samba-4.22.6
  /nix/store/c49skkp4s79kp4pq1a1ix348bxpvvmcv-sbc-2.1
  /nix/store/sh1rd2rviba99nnl43x11gmwv9074laa-sbc-2.1
  /nix/store/zph14alyvnxffgs0c7q0ybypmzfwq6g9-schroedinger-1.0.11
  /nix/store/zl2shmzgp4bgkybgfq2h7mlnwra6329y-sd-switch-0.6.2
  /nix/store/rl4az5h05v9qzbd9cfarxz2nsn57981i-sdl2-compat-2.32.62
  /nix/store/d03ffhjdx2mcv0akcz67fcdb01zkyqz8-sdl3-3.4.0-lib
  /nix/store/2zxv2v7bcbl9whsnz9xkpsrlpvsd44z5-seatd-0.9.2
  /nix/store/n74ibk9vnyxjv37vw1ha5l795094jg8a-security-wrapper-chsh-x86_64-unknown-linux-musl
  /nix/store/9kfbdkl3rhr1lwz6fy86srzfjrm8523y-security-wrapper-dbus-daemon-launch-helper-x86_64-unknown-linux-musl
  /nix/store/pl25kj7ikc5an4wifinfgy32rlnkmnbb-security-wrapper-fusermount-x86_64-unknown-linux-musl
  /nix/store/nw80v4wm8zdil9igxnn43ybc6rrna9gc-security-wrapper-fusermount3-x86_64-unknown-linux-musl
  /nix/store/w0bv1jdb3qac3nchaz9zv5frgbprl5a5-security-wrapper-gnome-keyring-daemon-x86_64-unknown-linux-musl
  /nix/store/sybmvwzc4z407zp78k2yhirvjhn6nk58-security-wrapper-mount-x86_64-unknown-linux-musl
  /nix/store/r58saj52aab8bmg6164mv3xiqsjdbhfv-security-wrapper-newgidmap-x86_64-unknown-linux-musl
  /nix/store/al9narxyxf3336jxj9mna3mkd1p13fli-security-wrapper-newgrp-x86_64-unknown-linux-musl
  /nix/store/hgnn2yl3hj7w0iab6hz84xnv9jri6afw-security-wrapper-newuidmap-x86_64-unknown-linux-musl
  /nix/store/9lps3icq5sxbk1j7sd9xbj87iq4jwc34-security-wrapper-passwd-x86_64-unknown-linux-musl
  /nix/store/gzmvpfp1vxv7rb2x7l0f3a25ckn0ymk2-security-wrapper-pkexec-x86_64-unknown-linux-musl
  /nix/store/ylxd0irlmslpss1dlkgpk1bdyfi950qy-security-wrapper-sg-x86_64-unknown-linux-musl
  /nix/store/8sd34pa01gjp10nb16mh0jlimbjwsq33-security-wrapper-su-x86_64-unknown-linux-musl
  /nix/store/gsm56gvynsm4kmc16hhwqpaail0vp67b-security-wrapper-sudo-x86_64-unknown-linux-musl
  /nix/store/yhhhk527nyp344xj1jgg9x8k64dnqn2g-security-wrapper-sudoedit-x86_64-unknown-linux-musl
  /nix/store/yz0y3wy17g8nikmsdh0ivid9m3nili74-security-wrapper-umount-x86_64-unknown-linux-musl
  /nix/store/x854767dbpyd5wczhpjdqa8ac4y3gymv-security-wrapper-unix_chkpwd-x86_64-unknown-linux-musl
  /nix/store/789bicw8id82xg3v4g3sm6ssxs4gd7hh-serd-0.32.6
  /nix/store/nrjhzm8skrx32a30bxfvfpgl401b5cs3-serd-0.32.6
  /nix/store/3kvy26h3i7vhmp0ins3m0bg5bjpqyd40-set-java-classpath-hook
  /nix/store/81f5a73b9rxcr2dmvlsv02qy2ajpz5gg-setxkbmap-1.3.4
  /nix/store/5yvqacvwnfj576mpxxw6fv43lygb5ak8-shaderc-2025.5-lib
  /nix/store/86fly2n8c31ws3lqs9wrx4vzpg2fpazk-shadow-4.18.0
  /nix/store/hbjmalaqvr2yzj9wg3c7pfl2ml9ybw2z-shadow-4.18.0-man
  /nix/store/hhaailhpvf9rmfx5l7wiwjbrrm9b6k4d-shadow-4.18.0-su
  /nix/store/xnvvxy1zfgghr28x2iqx68brhadqiln6-shared-mime-info-2.4
  /nix/store/5rz1mfj1jvgi0zd6vxbzm6pf8lrh3h6a-shared-mime-info-2.4-dev
  /nix/store/f22mmmrg1an2zs25mjaphvxkqzagfwik-shine-3.1.1-unstable-2023-01-01
  /nix/store/zjfhmds235hkrp59s4wpizpmybgp5k42-signond-8.61-unstable-2023-11-24
  /nix/store/qh2hzs3skbhmc75h8ish5jcxha9fcwdf-simde-0.8.2
  /nix/store/3mg43r6bvdvf0zm3rxj1x9v2vwg6kwmn-simdjson-4.2.4
  /nix/store/7h3jpcp1sl36kcnxjvdnwhcliv7a6lsz-simdutf-6.5.0
  /nix/store/lzmwqivfbcmdbhhsf1bfrrf97d25pa8z-slang-2.3.3
  /nix/store/3drs32czrdz2q3j4y8w0h3qgf382zj4l-slurp-1.5.0
  /nix/store/c2kwf8mf5pbja5cb4m71dr0hmqdh9919-snappy-1.2.2
  /nix/store/2b9sqx220g4kf3jqxym4wfs0gbn1ih6m-sndio-1.10.0
  /nix/store/9s72l6pg2bssrsw443q2w5i6bhs6yw6r-sof-firmware-2025.05.1-zstd
  /nix/store/492mf5cl6n94n64rvj90pf8vk6ws8dv2-solid-6.22.0
  /nix/store/k21bvp38riac0asn2nvpvd596bx493ip-solid-6.22.0-dev
  /nix/store/vjfzk0s1jvbnj98z8v0y9ld1xzf7mwry-sonic-unstable-2020-12-27
  /nix/store/1l5y5zhlrin6njaigdj7gsrjbfp7aivx-sonnet-6.22.0
  /nix/store/9k4hwbxchvf7ndwhjgiy7bs1aawc59vp-sonnet-6.22.0-dev
  /nix/store/acr21y7n76kqb8v1d7kavd0bzlw6gb34-sord-0.16.20
  /nix/store/iacrva1d9wq6wapmi3qwhxmvib3jmx8r-sord-0.16.20
  /nix/store/xz0kazh7m0vf6bylbkn3qbkasmjvmih6-sound-theme-freedesktop-0.8
  /nix/store/s02anw1qjjw7ajg94yi44sarsph8kj6l-soundtouch-2.4.0
  /nix/store/3x7cnbab34jzyivablvfihr1mq1l3bls-sox-unstable-2021-05-09-lib
  /nix/store/9mwwc7lgn23xmfw5zvf05qzsksn8wsyq-sox-unstable-2021-05-09-lib
  /nix/store/0p2yfx7bn72icqr5iwsmihxda4r4b830-soxr-0.1.3
  /nix/store/2qhckfxmgxrvsrcsqlvkfvvwpx6j06bk-soxr-0.1.3
  /nix/store/qn31rbzbap092dpd4cg9ng6vjvwjz8zn-spandsp-0.0.6
  /nix/store/sjwzl60ni5j22vilasx3h1v6ri5q6473-spdlog-1.16.0
  /nix/store/7fwyd39q6rd7982cqq5nir1pjx78zww6-speech-dispatcher-0.12.1
  /nix/store/r3s7gb1df6zls568i3q3as4yjrlpzaqi-speech-dispatcher-0.12.1
  /nix/store/9dgx1wxh60pb97ak454cgsj0w6k87gwc-speex-1.2.1
  /nix/store/ld0l10m3h48xi8l35iq8s4bvd9sxzil9-speex-1.2.1
  /nix/store/dcqb9z2gv27vnl620jskcq8x0w2rgmz5-speexdsp-1.2.1
  /nix/store/s4qslgw88yya45kiy3bqhldigvzjf5hc-speexdsp-1.2.1
  /nix/store/rkvxidh3nmbc67fx9hh77h6yl5134jnx-sqlite-3.51.2
  /nix/store/ryc68h6m05msqkf2wqm306cwrvx2fqr2-sqlite-3.51.2-bin
  /nix/store/6k6dpcdv1bxcipcgdbi89g9fxws0vhvc-sqlite-3.51.2-dev
  /nix/store/nbw1xyvv0h8aaxw8d7vlsqg0fvf2f5l3-sqlite-connector-odbc-0.99991
  /nix/store/1jw8dpyl0xmwqx7gjb4xy4pbs7jd7k45-squashfuse-0.6.1
  /nix/store/cq3h7nri0wjy6rr5d1siy42syzi7x8n1-sratom-0.6.20
  /nix/store/xl2lmlp63py1brva43d06xdcq84wjgmp-sratom-0.6.20
  /nix/store/qwdalwnim0r01i2w79v0xlwsrih7pld9-srt-1.5.4
  /nix/store/xraq78rp35dlicn34pslwzq5njd329yv-srt-1.5.4
  /nix/store/gidygr7l2i5kckd3zv9kfjcymxcycw6y-stdenv-linux
  /nix/store/lajqvvaxn87hc409wkxlzfq89ycf0pw4-stdenv-linux
  /nix/store/aigd5ai8d4a0frr73b7f9lrph3s2hpv0-stow-2.4.1
  /nix/store/6m2m94y7w3zwna8vyw94mpv6sr2nsnjg-strace-6.18
  /nix/store/g7sc43lh88zjmmid48g6l2plcw5hqbsw-strace-6.18-man
  /nix/store/zqifamz35b98fjckkbf7dmnyrbzxnhb0-stylua-2.3.1
  /nix/store/179ki8s4mhn5k75n546f93xancwjsa8f-sudo-1.9.17p2
  /nix/store/q2lhm9sz0kvndyk579waip2ayqizdh27-sudoers
  /nix/store/qcy92fi7qx2i733sixyhfc66jzgqavn2-svelte-language-server-0.17.21
  /nix/store/2mahn8x53dlhlcnv1zbhlpv158bp9d5y-svox-0-unstable-2021-05-06
  /nix/store/4mz5ymdpig3v62rd2rlggpzs8wxyr1cj-svt-av1-3.1.2
  /nix/store/m6yqxcfw86mfjdjvvccg8jw6arxaff3a-svt-av1-3.1.2
  /nix/store/v33c0cxgi3qf53i26a31cz8cds9qh8f9-sway-unwrapped-1.11
  /nix/store/ikxl8m3nf6a08xlb9w3c5dw0v2dgggzi-swaybg-1.2.1
  /nix/store/jmkc5fkl8q1g354m9jn33mln58prwn1g-swayidle-1.9.0
  /nix/store/jip1m6xg715fvcwnj9lvyy6z9a7fbs2n-swaylock-1.8.4
  /nix/store/jhbnffl371gn93k3h3yxpgj0xngpxkq8-swh-plugins-0.4.17
  /nix/store/wf8qzig9f9yj81b240imr0pjb9qmj35l-switch-inhibitors
  /nix/store/np8da6gnksbsgbh1ynm9yqk20zbijf81-switch-to-configuration-0.1.0
  /nix/store/xg84brcj17k748bd5vrl2jw618alx500-syndication-6.22.0
  /nix/store/ddrwcq6dak86m3m26ac7g5l84rlh87wm-syndication-6.22.0-dev
  /nix/store/5hsgws9c5l4cmiwh0qpvl4zszw5xl554-syntax-highlighting-6.22.0
  /nix/store/mwz7q1x524hskycfsaha25jincsca6ys-syntax-highlighting-6.22.0-dev
  /nix/store/l11ky001qdz76xgbr8a4m9cpjygn5gnj-system-sendmail-1.0
  /nix/store/5j9cg6adv3d2l403fcfklz4lmf9fd0l8-systemd-258.3
  /nix/store/b384np87slq2n0qyf5fd0q0gpgs0gfr2-systemd-258.3
  /nix/store/df1yhy4irss2qrm28v9d96fm0g7vij46-systemd-258.3-dev
  /nix/store/ysd9bb97g578apk9llzl9599wznpvnq0-systemd-258.3-man
  /nix/store/6cv84xayj88a17fl8hm63jhsbd0kdvlz-systemd-boot
  /nix/store/bv4k2vfbcmdclz5cb9fikr1n8v7lfjqg-systemd-default-tmpfiles
  /nix/store/iid43jsrfv55yynkmbxv4jb6g76g5adx-systemd-minimal-258.3
  /nix/store/kna7cma80icar3xwbznwp63fx4602fqq-systemd-minimal-258.3
  /nix/store/1nmvjgxcv1fhfikjinaazn9lhj8pa19r-systemd-minimal-libs-258.3
  /nix/store/j03k2ixa399jyadfkgcjvsl1sid6yli6-systemd-minimal-libs-258.3
  /nix/store/1kw1drg8bbv97lpp7z6fsl7k78v0pnxs-systemd-minimal-libs-258.3-dev
  /nix/store/q78qnd7kpp6s7lp0r24bkyvy291vy5l7-taglib-1.13.1
  /nix/store/7y4bwnx1fr3csya7wr2lcwfhjpqsbgvb-taglib-2.1.1
  /nix/store/hlza00ibnjwy1wi3l05k8iw2s1pbqwq2-tailwindcss-language-server-0.14.28
  /nix/store/6s5hyig6k9izj822cdx92g8h8nwwvgcg-talloc-2.4.3
  /nix/store/ib7wn44z4q8h8krcf2s2jlvbs17ixwmv-tcb-1.2
  /nix/store/bm9kfmhbvxyr7axhn8qsianz38ck9gkf-tcl-8.6.16
  /nix/store/ybhgrii58zw7c05q3vh6i93vf703dpf2-tdb-1.4.14
  /nix/store/7gr5py257hmra9fab0x03s1k7sb1vswg-tealdeer-1.8.1
  /nix/store/5zlxj84j4a232626k3az9gyplcv3hwb1-tesseract-5.5.2
  /nix/store/valczaas6h66jf4pzwylva0c50bisaa8-tesseract-5.5.2
  /nix/store/17m96swysr55crjfrx31dmsbwskhp4pb-tevent-0.17.1
  /nix/store/b83g1lz2y7jcagng2dpxv94af3hllx02-texinfo-7.2
  /nix/store/im56z2m6cwh3r592vhzv0l2amxzq774v-texinfo-interactive-7.2
  /nix/store/wkzpgxx0sn2migm39wqz98izcgnydy4l-texlive-bin-2025
  /nix/store/p37s6c02lx6qv490sjl53iirzkxnj43n-thin-provisioning-tools-1.3.0
  /nix/store/h7h4h2k0zdmawqgl9g2nhzvdav3r6h8j-time-1.9
  /nix/store/0qqmq2w515bl5z8yxyjwlm2lr7v7k26a-tinymist-0.14.10
  /nix/store/r1asizw5apls1wrir18aqikvn9l0bj29-tinysparql-3.10.1
  /nix/store/0qk9jc89bl5dj5vhbkgnmga7vwarpfai-tmux-3.6a
  /nix/store/mi4lvkvcrw9ffjyqly6abh79hnl0r3h9-tmux-3.6a-man
  /nix/store/jd6qs9fhyqv61qk3sw3vl4yl6nbkar9p-tpm2-tss-4.1.3
  /nix/store/wk3izl03hbljjcflxi9y1zji6i3wzn4n-tpm2-tss-4.1.3
  /nix/store/r14xhqqnj9nfb7wg2by24kd70dmlxnyk-tree-2.2.1
  /nix/store/d6flrrill2ww9yc8qk2rpal0wg7ji1sr-tremor-unstable-2018-03-16
  /nix/store/q0w444v7z1xbl7lc9npfskhn9s87saw5-tremor-unstable-2018-03-16
  /nix/store/v15785zy7a44xhxb27lw1sd229hi248b-twolame-2017-09-27
  /nix/store/0s79avq26dfgvaji95nfviq8yfjnl9az-typescript-5.9.3
  /nix/store/6jvszlw63qwh2fzgn5ajkila00wqq028-typescript-language-server-5.1.3
  /nix/store/5fpxp6c5vqkmdp8azrm47qyc53wj8jv3-typst-0.14.2
  /nix/store/swsc83a74xl49f3azbdi5bxhfgf4g3lb-tzdata-2025c
  /nix/store/n4mhm556ggzhs3v0lzj4zccvlhr77vqv-uavs3d-1.1-unstable-2023-02-23
  /nix/store/d8z6jlvm4mlg5jp6m79y8ra2jkxrbs23-uchardet-0.0.8
  /nix/store/7850dqpykb7kjak5854p4k7fsmjyidkh-udev-rules
  /nix/store/d88vkrd5dxvra97y38bvp792i3db9sfc-udisks-2.11.0
  /nix/store/922f6z3227s11xz1w9dfsl6n5q31jbs5-udisks-2.11.0-man
  /nix/store/9cdvi7dc7xii60qamjf41qhbn23ashs6-umockdev-0.19.3
  /nix/store/qls65jsvvpwghgax4k8a1670xmyarg7h-unbound-1.24.2-lib
  /nix/store/s2p0n1g69x4wrdzf96lw0dvy5i7aq6d3-unbound-1.24.2-lib
  /nix/store/0w4pcajyl4nhqg7q39p1lwc4g6b0s235-unibilium-2.1.2
  /nix/store/p51jnkahpl0aviv1il84qmvrhzjhfgrw-unifont-16.0.03
  /nix/store/rxflwz8jyf5j6klbmhw66xmm28r053vs-unit-script-wpa_supplicant-start
  /nix/store/25xxyxf4q907qqrxmqwwgvdvijh855d3-unixODBC-2.3.12
  /nix/store/d8dikfh0z22zmqxjgj0sw6v8sfnfv0nv-unzip-6.0
  /nix/store/bhl122zznwnwwfz8wh7yc4xhax0gq2kh-upower-1.91.0
  /nix/store/5dnsp9p15r3l57y76p9fa223mi1p7c7g-utf8proc-2.11.3
  /nix/store/7bm74wixn7irsqh8ni2bybnypgx0217y-util-linux-2.41.3
  /nix/store/ayal0bmcqnxjvx2bdf5i0p28zbm8n93p-util-linux-2.41.3-bin
  /nix/store/11ilxig15yrbcvycacqpb0w6f72ikyyj-util-linux-2.41.3-dev
  /nix/store/pif2i9qdxg7l5g6s0wpnmb5fqzxfxryx-util-linux-2.41.3-lastlog
  /nix/store/ckrbhdawy0idb4pcp4xv5lhz43szc4ma-util-linux-2.41.3-lib
  /nix/store/ifrjmss47x3fxsnnm2nlj3k9jgd66gp8-util-linux-2.41.3-login
  /nix/store/2khj875jky1n750ywcy7l0av9sz7fxyg-util-linux-2.41.3-man
  /nix/store/hfm2x56rps6brn8c0r2daj3bsz28dib5-util-linux-2.41.3-mount
  /nix/store/w4pd3wnv01g7hlj7sjmsq1nj9rybi5p8-util-linux-2.41.3-swap
  /nix/store/99212qy5fiz2kwlsfhm4xav727brhsf2-util-linux-minimal-2.41.3-bin
  /nix/store/8zzhb7cv1pnl68zmil841azrhj8gwy6c-util-linux-minimal-2.41.3-lib
  /nix/store/c2mdl65f2jq8qngj4smb7f8y15zm3s7d-util-linux-minimal-2.41.3-login
  /nix/store/da2814jwk4cbx5p6jc914xas58apz5v4-util-linux-minimal-2.41.3-login
  /nix/store/h4i7isda5kz7r8m2zjxy1lla5aw7m6bx-util-linux-minimal-2.41.3-mount
  /nix/store/md1l6kx9zxbkzr7dr8c1clrcr1skvn1f-util-linux-minimal-2.41.3-mount
  /nix/store/40hw42yqxg3ppycayx9lqm24icl1z82z-util-linux-minimal-2.41.3-swap
  /nix/store/ijg07xxlr7iyvzbdbdcs9fdy6fz05byz-util-linux-minimal-2.41.3-swap
  /nix/store/x0bq7h936cp5dz83wq0wdhnimzcy85fd-uvwasi-0.0.23
  /nix/store/pr9hfnlclc1ypddqy8rnapx1gn37jia9-v0.24.1.tar.gz
  /nix/store/hxqh9181s1flbg6mfafsh8np4aqw6f7d-v4l-utils-1.32.0
  /nix/store/ryi5prk34ggwdl0l93622zz1zvczd43d-v4l-utils-1.32.0
  /nix/store/xj8sb0z4163mxrhkfklvj1jx24c2ingy-v4l-utils-1.32.0-dev
  /nix/store/w1jc99v7dab837rqc85ikjx2rwb93xzl-vamp-plugin-sdk-2.10
  /nix/store/rmbkkb3ianj8k9n5lwzyyal07a7cag13-version-check-hook
  /nix/store/9lwbkmlzi4flkb6lrlzlhwx6pii4snys-vid.stab-1.1.1-unstable-2025-08-21
  /nix/store/rmci025cgy06wazg76wrqkx79qymc4pn-vid.stab-1.1.1-unstable-2025-08-21
  /nix/store/mgsn7qi41f3lq4ip8mk3kga5x48p43w0-vo-aacenc-0.1.3
  /nix/store/mfj583fb831l4gkf7sflyapp2dq9lys5-vo-amrwbenc-0.1.3
  /nix/store/c7pv49qbkfqsdn39cwlxnw0k150xq1xw-volume_key-0.3.11
  /nix/store/lhzl3zl3mfl46grkmxda6j5921bki81j-vulkan-headers-1.4.335.0
  /nix/store/p571ddsdkd75dilqibr5ly79yb6v88n3-vulkan-loader-1.4.335.0
  /nix/store/rkpj6q0d0gk83qhx5xk0gcxx5ibwd7yz-vulkan-loader-1.4.335.0
  /nix/store/4il80m1svmkzlyn1k6c8vsd7iwypih79-vulkan-loader-1.4.335.0-dev
  /nix/store/di22f1zaizcrwqf6dnlrn32w32jk4s42-vvenc-1.13.1
  /nix/store/d5s1b48ps5ywkwjhmrcq45nsz13s4534-vvenc-1.13.1-lib
  /nix/store/6d8mdzfa12c65rvl5p61sci0hwhqnh2b-w3m-0.5.5
  /nix/store/2l5c0z7klb8mf46di856zn03dkzmi0h5-wavpack-5.8.1
  /nix/store/9b82sv30sn44v7r4w4s4w14rwcnqxyih-wavpack-5.8.1
  /nix/store/lnn68iswdds3hq26p01298if2rxdz547-waybar-0.14.0
  /nix/store/dd57qr4vc8i0qsr07p4qaa3fy20c0x6y-wayland-1.24.0
  /nix/store/v252clrvl9pxhq7f7iway7m9r3i1z0vq-wayland-1.24.0
  /nix/store/py742dlf2lknyw7p25xh6jc2vkappw5f-wayland-1.24.0-dev
  /nix/store/kry53h705nfni3nv71sv579iszbv25bw-wayland-protocols-1.47
  /nix/store/cjj5cj0bm4p2p8mxfsjakz6qbl2vkk5d-wayland-scanner-1.24.0
  /nix/store/9x30z6c8j0vqnz2yxfiiisqzgr24ayr1-wayland-scanner-1.24.0-bin
  /nix/store/ydyw5cyibh52kha27c47mmiczna27g6h-wayland-scanner-1.24.0-dev
  /nix/store/gpj1y6zc2jf8s6gvy665dcyrjzljxf3p-webp-pixbuf-loader-0.2.7
  /nix/store/20szyfl368cay6fl42mqaz9v8lr63spj-webrtc-audio-processing-1.3
  /nix/store/d57cbbnj0xyl5hc20rndpa21nyzjwz7k-webrtc-audio-processing-2.1
  /nix/store/xxl9pgqn8mprzqzh3bxxwnvm4grzc8zp-webrtc-audio-processing-2.1
  /nix/store/km50zarkv22ymh8hiysqhrldi8ckzwdl-wget-1.25.0
  /nix/store/kf15x3a0czahyhrxyd6v6i1f3b06rjd4-which-2.23
  /nix/store/cvj93cmwb7ck2k0fp3ispb0vlxsxld5h-whisper-cpp-1.8.3
  /nix/store/l6vz7b793p457gqdbl6jidx4v09bv905-wildmidi-0.4.6
  /nix/store/19x6kwx91avdz7ii96fsbvcizz95a29i-wildmidi.cfg
  /nix/store/rbcjcibjqa3rp6j01p235jajqrrm60yw-wireless-regdb-2025.10.07-zstd
  /nix/store/8x04isf9xk85l66sfxv1k31j5hbf2kng-wireplumber-0.5.13
  /nix/store/gq8zp6czk8yyxc3cw6m1zww5ywzwxliz-wireplumber-0.5.13-doc
  /nix/store/67lzqabpcabrvlrady7hbd2s4zs08fd1-wl-clipboard-2.2.1
  /nix/store/xaswxdbg21sc7fvbpys3bi7xpvj33q2m-wlroots-0.19.2
  /nix/store/ql78i5ic5a1hkhdhc0gldfpgz9zqn4l9-wmenu-0.2.0
  /nix/store/7rcqsmvmahn0gxiamfvvif9lx7nz2x83-wpa_supplicant-2.11
  /nix/store/wygxw24i0ybcnwc2di3xvdsszwzl2yks-wrap-gapps-hook
  /nix/store/18ymgzyabklmf31wdwfpnvcbjv4cnqj8-wrap-qt6-apps-hook
  /nix/store/l796cj5xa1czjcq6iivjs8lvm0igk268-x11-ssh-askpass-1.2.4.1
  /nix/store/lxakknx4qbbh83fkkycgn1l5y4vp3qlx-x264-0-unstable-2025-01-03-lib
  /nix/store/zy44grdwps4d7mg5b2h1qi7mb7kf5kss-x264-0-unstable-2025-01-03-lib
  /nix/store/gqx8f1h11fj0igp4cfvzhybmwak9qxzx-x265-4.1
  /nix/store/yl7cg1l981igvf2pil9lfxkylb10dl7d-x265-4.1
  /nix/store/2h1wa7f11c1964v5bjvxfcqvxsapblzc-xauth-1.1.5
  /nix/store/99cwjv6l8i2hnpncgwjnsqkimxiviwcm-xavs-55
  /nix/store/2wxb3cnmnd977gjh1197ck69ybpk6ggf-xavs2-1.4-lib
  /nix/store/sd3mr1fipwinl94dc3x80plyxhq3mkh2-xcb-imdkit-1.0.9
  /nix/store/xadani2kwj6dzrdiyaqp3sh212ixznis-xdg-dbus-proxy-0.1.6
  /nix/store/gm9rx2mpwdzh87ccjiv749y3a9pfj4cj-xdg-desktop-portal-1.20.3
  /nix/store/4kj98p0ckkiinpw23wdsd7450kffdl1b-xdg-desktop-portal-cosmic-1.0.3
  /nix/store/4z6qpg08492bnkq5yicsw822wgv49dkj-xdg-desktop-portal-gtk-1.15.3
  /nix/store/i5kdzfp3wr8j206vkxb6vx9q0761xva0-xdg-desktop-portal-wlr-0.8.1
  /nix/store/qxzd9s9hligan68958ql7n839a8mzm99-xdg-user-dirs-0.19
  /nix/store/0xypmry8xznw2ciwc41zr83p80hb3aq8-xdg-utils-1.2.1
  /nix/store/cw1sfkx2wgz1dc7jywdk6kn2jyk2jh47-xevd-0.5.0-lib
  /nix/store/gz5i7cd1jhxbn3g707xb3fh1dmnd02yi-xeve-0.5.1-lib
  /nix/store/av5c7yzpnw1v8mpmjzc78j5nzyalsz5q-xf86-input-evdev-2.11.0
  /nix/store/fa7gv022wa9krmw4iycgcr3rkakqpb31-xf86-input-libinput-1.5.0
  /nix/store/nrlx22r914mqmrddj9djc20w13nrj5dm-xfconf-4.20.0
  /nix/store/j2fsszd4cvn7f1a69w3h36hqzp5s17kd-xfsprogs-6.17.0
  /nix/store/bhvwg94ax4yb5v4lpxy5s6cn97lixqx5-xfsprogs-6.17.0-bin
  /nix/store/76d44gqwrl96b04gq33b421hmgrg7vrj-xgcc-15.2.0-libgcc
  /nix/store/wndc8fvx29n4cmw6jc0pzqaax3d6fdzr-xinput-1.6.4
  /nix/store/5vx9cvsxyik4vn3zi70c491mq5bs7w0w-xkb-validated
  /nix/store/lxp5ssn9xsjmi3ilk6rffrgl7f18m0l9-xkbcomp-1.5.0
  /nix/store/ndd2cy7nzalasnjrdyz48c90wg9fjzig-xkeyboard-config-2.46
  /nix/store/4r9fwb4f5n20pdvakgas5b8kzzrqw3b9-xlsclients-1.1.5
  /nix/store/4ip8dc15r758m8yc30bycq0vxj8ic6yg-xorg-server-21.1.21
  /nix/store/v80f5g95bb540sz5qd3cjbzis091p015-xorgproto-2025.1
  /nix/store/k3ysvdd66b36s3fyw998vlyww2668fbk-xprop-1.2.8
  /nix/store/qf7b55c64gmpi350p5bd396bwncvkrsx-xrandr-1.5.3
  /nix/store/3kz94av96qkg6wmp1hi2w1d88qk70318-xrdb-1.2.2
  /nix/store/265dqf4641bjp62j4kwn3b8yzk3fsh1y-xset-1.2.5
  /nix/store/5fd6w0s66kw9al4xnv38dhcd8bcrijcs-xsetroot-1.1.3
  /nix/store/0wl4rgapyp3g9cr1k6z7393kg282wfby-xterm-406
  /nix/store/85qlnnh9v2nkg5135xsls97kgiwp0sdz-xtrans-1.6.0
  /nix/store/5gapzf90bhyy4q97c6c689v42rk1c54b-xvidcore-1.3.7
  /nix/store/79zywsp9i2izci9hzap2bqlka97j1vvj-xvidcore-1.3.7
  /nix/store/8rwcdrgrggvizqmbjdjybnj3y24v4b7a-xwayland-24.1.9
  /nix/store/915swcvzwhxqy134nsrjhbgssiddf9z9-xwayland-24.1.9.tar.xz
  /nix/store/y842yg6nv4k8rc9jpcfb93zwzy8pfabj-xxHash-0.8.3
  /nix/store/f4jnyjgx6mj2cdj45xrm82vrrar48lni-xz-5.8.2
  /nix/store/cyj5r0fl783cqyaxj0a2v46b1maxvfdy-xz-5.8.2-dev
  /nix/store/194cpkllxxn80ryxc26k5jdymrvh039b-xz-5.8.2-doc
  /nix/store/0afjgpz2xpdhgr4gkynyyhwla61w2nxp-xz-5.8.2-man
  /nix/store/c8hjzhj8vmvxfyszxkimrkwhkqymf1lh-yazi-26.1.22
  /nix/store/v1pazjgyyq022bjvm5cjb9jxbkd9nm68-yazi-26.1.22
  /nix/store/bg8h6w8lg0j0nhhi114faswiys0z96cg-yt-dlp-2025.12.08
  /nix/store/rsn27cjrh12ss1g3mqwdcpb95ybllbbg-yyjson-0.12.0
  /nix/store/y1fvzk9rzxixh7lk70k6hjyvcsc8zhi5-zathura-0.5.14
  /nix/store/6icm63ilb68wqkmc6352ajikrzdh7yjs-zathura-0.5.14-bin
  /nix/store/bmrymzffyapi12z4595ilvp1b18h94jz-zathura-0.5.14-dev
  /nix/store/pvaqzgkvc2abd2x1069ryqyg2hgfvk05-zathura-0.5.14-man
  /nix/store/n0j4dszz7zf873ijyl04qbgzm46jw24v-zathura-cb-0.1.12
  /nix/store/lqhm0w9xjfyjr1iv011g0h29n8y4wggk-zathura-djvu-0.2.11
  /nix/store/jfhr8c6wmp4w9hli7p11sjkz3l439ygv-zathura-pdf-mupdf-0.4.6
  /nix/store/gnwx72wdz0vd91bkb6qgrlxipbh3141d-zathura-ps-0.2.9
  /nix/store/nhr3xb0f362qf34rxw66zk3kxiyqg3r2-zd1211-firmware-1.5-zstd
  /nix/store/lwkssj4ylgsjc9sgh5nd7jzaczgd7xmf-zenity-4.2.1
  /nix/store/8w1fykd8l3xp1lfiwyrakjlv8lfcrh6i-zeromq-4.3.5
  /nix/store/g85wsrzcdqsz2fs0vdv847x438m5pknk-zimg-3.0.6
  /nix/store/j8dlphwn01876lyynng60kqqbwj8568v-zimg-3.0.6
  /nix/store/0pmj9xymrzsyq53i2cpkf3w2x18szqcy-zix-0.6.2
  /nix/store/hiyn41h4l60s3m0gvd5y2h0x2s2z44b6-zix-0.6.2
  /nix/store/hf9s3r3fwv7m8dqm50ggrhrfymx8nn8r-zlib-1.3.1
  /nix/store/wlafyp4d5mjdfvkj88m4l2a84fzcxjfv-zlib-1.3.1-dev
  /nix/store/f26fvaq7skzyghmbqz75z2d27ny1ma2v-zoxide-0.9.8
  /nix/store/ghzs95qyvdr92d45xx52vfa778qhw908-zsh-5.9
  /nix/store/p1zfb9clqx3gify3c3sxw74srcw02mal-zsh-5.9-doc
  /nix/store/szplbyp0kldwdwka1qnjvhhx2scv02xc-zsh-5.9-info
  /nix/store/csi9z3npdq5wmjffqhh2zmfqmw5x53m1-zsh-5.9-man
  /nix/store/i6pik7l8dr9kzrkg5rlnl8rhp03mq0h5-zstd-1.5.7
  /nix/store/8p25dmhc71km8cnxk7gdfpqbr8aihx0p-zstd-1.5.7-bin
  /nix/store/jqg7km1ki8in7njqn4q0095p10w8fgm0-zstd-1.5.7-dev
  /nix/store/q8x9sh3hgsll5yd4zvava094gg70r7g6-zstd-1.5.7-man
  /nix/store/48z9qawj23mqbbrgblx863xyvy922sb6-zvbi-0.2.44
  /nix/store/a5ja832zkrdbwcisgpngrvf19hx00875-zvbi-0.2.44
  /nix/store/1sc7rni0f7vkvbkf3nfjz8gfx6ildqkv-zxing-cpp-2.3.0
copying path '/nix/store/vid0cpcx85xg6crqmkg2dvjfzk2mh4h6-ensure-all-wrappers-paths-exist' from 'https://cache.nixos.org'...
copying path '/nix/store/gk52mra0lnsff4pkbwfx13i44npw1m10-linux-6.12.67' from 'https://cache.nixos.org'...
copying path '/nix/store/wf8qzig9f9yj81b240imr0pjb9qmj35l-switch-inhibitors' from 'https://cache.nixos.org'...
copying path '/nix/store/5vx9cvsxyik4vn3zi70c491mq5bs7w0w-xkb-validated' from 'https://cache.nixos.org'...
copying path '/nix/store/yhxa1py6ya5w18c8s4jq0zh8yd34w291-die-hook' from 'https://cache.nixos.org'...
copying path '/nix/store/lajqvvaxn87hc409wkxlzfq89ycf0pw4-stdenv-linux' from 'https://cache.nixos.org'...
copying path '/nix/store/h310ll750zzi3fp045iw8pvg3a60ingv-acl-2.3.2-doc' from 'https://cache.nixos.org'...
copying path '/nix/store/nzcn0jhpf7wrkyz1sg1xvxq1p4g7k8gr-acl-2.3.2-man' from 'https://cache.nixos.org'...
copying path '/nix/store/vig2f0ipphqlgbkvhlc9r7yf5lra54yp-alsa-firmware-1.2.4-zstd' from 'https://cache.nixos.org'...
copying path '/nix/store/f1lz5fgzq7wxh0dqxg68fzg4j9zmq6si-attr-2.5.2-man' from 'https://cache.nixos.org'...
copying path '/nix/store/9ylavpi20nwxwnmyqs1cdvdyk8vsrmq8-attr-2.5.2-doc' from 'https://cache.nixos.org'...
copying path '/nix/store/lsxyv4lb00jqls8sl8scccphqdaapsl9-avahi-0.8-man' from 'https://cache.nixos.org'...
copying path '/nix/store/by59bhs57xx4i2nh01bsjm3gdprgrby1-bash-interactive-5.3p9-info' from 'https://cache.nixos.org'...
copying path '/nix/store/64qrsa2hiz1ayjv0m655cqwzx54hib9w-bash-interactive-5.3p9-doc' from 'https://cache.nixos.org'...
copying path '/nix/store/1yg24id0csjk4nq1a3apimwf8dqisr9d-bash-interactive-5.3p9-man' from 'https://cache.nixos.org'...
copying path '/nix/store/c4wgxxf7nski7glbl9gkzlxm8dza72aa-bind-9.20.17-man' from 'https://cache.nixos.org'...
copying path '/nix/store/zxmqrs1fk1c2xpn2xv95g9qrzlywg2bm-acl-2.3.2-bin' from 'https://cache.nixos.org'...
copying path '/nix/store/bck5lpyz0sphkv0vnq8isigjaa1854qz-7zz-25.01' from 'https://cache.nixos.org'...
copying path '/nix/store/irlvv2rn26z1m7b4338q7v361i9rya9h-aalib-1.4rc5' from 'https://cache.nixos.org'...
copying path '/nix/store/wb00y7iyz625r2nxkgnm9cngmcrxs2wl-acpid-2.0.34' from 'https://cache.nixos.org'...
copying path '/nix/store/z83n9jylwsx601sq59vmydnsbv98dgyz-adw-gtk3-6.4' from 'https://cache.nixos.org'...
copying path '/nix/store/9fc7a8r0zyi7ahy4zq4pzc17zdffc66r-acEvent.sh' from 'https://cache.nixos.org'...
copying path '/nix/store/wxj0np9qlbn1sh7f8l28c6f0frrxyr49-alacritty-0.16.1-terminfo' from 'https://cache.nixos.org'...
copying path '/nix/store/3b4p38fk6hgwaf2p6jcci5k93b9cnxc8-ada-3.4.1' from 'https://cache.nixos.org'...
copying path '/nix/store/0qrww6mn4631q7kf9j1770lf5ilwgwjm-alsa-topology-conf-1.2.5.1' from 'https://cache.nixos.org'...
building '/nix/store/vzp2nhi4f0v279qih9d76k009hjc8yny-NetworkManager.conf.drv'...
building '/nix/store/gdiawbhld3c7z5i933ms0sf0cbfm050j-Xresources-Xft.drv'...
building '/nix/store/gqvjv1vm8svsdf8kzflych0mb9hmxyi7-avahi-daemon.conf.drv'...
building '/nix/store/2814rf38lfnvbvgv9hp95kagjhaf421b-builder.pl.drv'...
building '/nix/store/96x1hb3yjb4ij0cigadk9aiccwkdwi4a-copy-extra-files.drv'...
building '/nix/store/dylhg0vjfgcykmcsgvh5zm8ik1qjb07p-dri-pkgconfig-stub.drv'...
building '/nix/store/xk6nlhmyg7yvfsdv7sailziyxn5mix7l-dummy-fc-dir1.drv'...
building '/nix/store/l143phw6skxxj5n0armfgm5jb76y43h1-dummy-fc-dir2.drv'...
copying path '/nix/store/8xcvwxjw3nhswqwfgm1c4wp6ad7qrbsf-atomicparsley-20240608.083822.1ed9031' from 'https://cache.nixos.org'...
copying path '/nix/store/71jy4ck8i68mxdzalxj16vijkxy7323p-alsa-topology-conf-1.2.5.1' from 'https://cache.nixos.org'...
copying path '/nix/store/jm69hfyrn77zkdxxdl0bwlmijp162rp6-bash-completion-2.17.0' from 'https://cache.nixos.org'...
copying path '/nix/store/m2gxc0sb4rkpnqhz541pp1p6g6w31gm3-bc-1.08.2' from 'https://cache.nixos.org'...
copying path '/nix/store/71zazsbsl9j3avg2csbif6cfn2y1s301-bin' from 'https://cache.nixos.org'...
copying path '/nix/store/mgzgjrsjalr4085i4xff8sg27z1h9afm-attr-2.5.2-bin' from 'https://cache.nixos.org'...
copying path '/nix/store/8vnx4brm7m4r0b0xdhq7imwm99zdlb3q-boehm-gc-8.2.8' from 'https://cache.nixos.org'...
copying path '/nix/store/qd6jcra31slc5v5qh2wnsg6gd7v03vr1-bootspec-2.0.0' from 'https://cache.nixos.org'...
copying path '/nix/store/494flzsx9j86bshnds5sy6f4iy4g7gxi-brotli-1.2.0' from 'https://cache.nixos.org'...
copying path '/nix/store/6in5jlbspq9szjvlrdxq9rpmxyvca529-busybox-1.37.0' from 'https://cache.nixos.org'...
copying path '/nix/store/dkvxkb5cb4zl792gz2msbgxhhk2mh43i-c-ares-1.34.6' from 'https://cache.nixos.org'...
copying path '/nix/store/0mzk5q4zn9x7gaar345i3svrk7wwry66-btop-1.4.6' from 'https://cache.nixos.org'...
copying path '/nix/store/zwivimvnjv4ma5b6d7j007qv3qac3q6f-bzip2-1.0.8-man' from 'https://cache.nixos.org'...
copying path '/nix/store/8wi90rgjxgdaxm1hn7w05c9j9lq4rj7p-bzip2-1.0.8-dev' from 'https://cache.nixos.org'...
building '/nix/store/4ps8wd2b5r41banx4girp4r9xlmbb267-dummy-xdg-mime-dirs1.drv'...
building '/nix/store/967da42izgzhj1g4diclpknn9wknq3q9-dummy-xdg-mime-dirs2.drv'...
building '/nix/store/08cr0afc2qp65dcfcdlsm84wigwq6qk1-etc-UPower-UPower.conf.drv'...
building '/nix/store/xx94mmim612np44q920l7i9m6wprjqd5-etc-X11-xorg.conf.d-00-keyboard.conf.drv'...
building '/nix/store/rd8ki8n3b5zriyja3imkab5djw90dwww-etc-bash_logout.drv'...
building '/nix/store/lfqn97y4hfd5ycg4mnmf9jci498l6dbz-etc-fstab.drv'...
copying path '/nix/store/j02bpb9f7w3kh0rbbpmbhv6svcc8p3n3-c-ares-1.34.6' from 'https://cache.nixos.org'...
copying path '/nix/store/nrfqj41yzaw70bk2nd1vcfnj2gmzx5gw-cargo-auditable-0.7.2' from 'https://cache.nixos.org'...
copying path '/nix/store/q2dbbwdydrg8qvglgx1q4wrbw9r0nndf-cjson-1.7.19' from 'https://cache.nixos.org'...
copying path '/nix/store/vfp1y52qj09zbi4qj7pixf2gyqaf4ysq-cargo-install-hook.sh' from 'https://cache.nixos.org'...
copying path '/nix/store/0jcakc1an0mc0s6plah74wmnq16bg11q-copy-desktop-items-hook' from 'https://cache.nixos.org'...
copying path '/nix/store/k36sckjlcilm7j3nnnhfv090h2q112mq-codec2-1.2.0-lib' from 'https://cache.nixos.org'...
copying path '/nix/store/y3gd74m6xbp5yfvnyhs3g3a7hdaj0aqg-cdparanoia-III-10.2' from 'https://cache.nixos.org'...
copying path '/nix/store/idl8schy78hxa05jyndj4nmb4wzgcln2-compiler-rt-libc-21.1.8' from 'https://cache.nixos.org'...
copying path '/nix/store/n4qxka31bs4n99jd5a6a5vjwpcy66z94-coreutils-full-9.9-info' from 'https://cache.nixos.org'...
copying path '/nix/store/la2wjll8drawdmy01kqw78i1yjnjw493-cosmic-randr-1.0.3' from 'https://cache.nixos.org'...
copying path '/nix/store/jwjnhr6sd5yszkgfaxnsp25zaa803br8-cosmic-wallpapers-1.0.3' from 'https://cache.nixos.org'...
copying path '/nix/store/bnf1y2hy2151xj0jg3v6gjyp1mqwl1cy-cpio-2.15' from 'https://cache.nixos.org'...
copying path '/nix/store/0r80whfk4g36ivsm57a6ql4pg1zsz1p3-croc-10.3.1' from 'https://cache.nixos.org'...
copying path '/nix/store/v0s98dyb983l11kbsni6f821g6iy9r7x-cracklib-2.10.3' from 'https://cache.nixos.org'...
copying path '/nix/store/y6f302vdhgm5p3lqvhnvwjivwqd892qr-cosmic-screenshot-1.0.3' from 'https://cache.nixos.org'...
copying path '/nix/store/5k996lin1qkk4fpc2ncyl4d1yhpgzm45-curl-8.17.0' from 'https://cache.nixos.org'...
building '/nix/store/fwg6f6g8427szdjxfzcjcd9cb48bc8zb-X-Restart-Triggers-NetworkManager.drv'...
building '/nix/store/x3f1zwqjxgrjnb4ybnzhjdl2zvkrpial-etc-fuse.conf.drv'...
building '/nix/store/hgcqfc8rf812j80nc506y88541jlsw9m-etc-gai.conf.drv'...
building '/nix/store/3dnil4y1w86cr3l7grzv7gp23jp677xw-etc-geoclue-geoclue.conf.drv'...
building '/nix/store/ih57y3wk8jfmbc2ravbm61nz9xdyhigi-etc-host.conf.drv'...
building '/nix/store/6sncbv301q9d7sj5h4ydi0m8wyy2rxhp-etc-hostname.drv'...
building '/nix/store/y34pdjx3mk03m1s6hphrz1pfgk0ipqil-etc-ipsec.secrets.drv'...
copying path '/nix/store/gm1v2azbnb96yi4fapfd1jx9f0jrnpzq-brotli-1.2.0-dev' from 'https://cache.nixos.org'...
copying path '/nix/store/msaigk8gy4rikyxbxiqksh8njd5dx13h-curl-8.17.0-man' from 'https://cache.nixos.org'...
copying path '/nix/store/xjqicsm7q0pb1hr271cki2f6k18d4sc2-c-ares-1.34.6-dev' from 'https://cache.nixos.org'...
copying path '/nix/store/r7nx2vjn9b4gyzihyy91vdjlb02h3yrz-curl-impersonate-1.2.0' from 'https://cache.nixos.org'...
copying path '/nix/store/l4yqm58fi4b50caazj7wmbzxam6arg0h-curl-8.17.0-man' from 'https://cache.nixos.org'...
copying path '/nix/store/jqfr3p49g3lch84y45jfzw9fshlv8jyp-curl-8.17.0-bin' from 'https://cache.nixos.org'...
copying path '/nix/store/im7j49npizac0d5ldi5ikyyfy7x5nd2s-dav1d-1.5.3' from 'https://cache.nixos.org'...
copying path '/nix/store/ny3lkl2vq3dscypp47r2y0bs0ccw47nh-davs2-1.7-lib' from 'https://cache.nixos.org'...
copying path '/nix/store/qqxxrpwanlq4abxfam7a7wdlnr4b0r65-db-5.3.28' from 'https://cache.nixos.org'...
copying path '/nix/store/g1k9zr8gz3gsqj1qqnsip81ia17sncl1-dbus-1.14.10-doc' from 'https://cache.nixos.org'...
copying path '/nix/store/9gdbdb3nwv46g92pzha8y5dmwk10fmhb-db-4.8.30' from 'https://cache.nixos.org'...
building '/nix/store/fpfringbh38bdwmghj2i4sw74jg48ykn-etc-bashrc.drv'...
building '/nix/store/fpja8j82ms0kvxnipn1i9n3brnbsljxw-etc-keyd-default.conf.drv'...
building '/nix/store/2pcaky717m1wfawz5b9xlf0gk1s77pdz-etc-lsb-release.drv'...
building '/nix/store/qwhkf5b1frxldcw3ypggbvj5fylkc1fn-etc-lvm-lvm.conf.drv'...
building '/nix/store/pyzqcwgj1s7sjc4djhk5mbv584fqkaih-etc-man_db.conf.drv'...
building '/nix/store/6jijqs68xsbn7ajpsqvlrjxq960pm8in-etc-modprobe.d-nixos.conf.drv'...
building '/nix/store/193ndz4rmi7g80pic9av3z9rjhv48pmp-etc-netgroup.drv'...
copying path '/nix/store/n4bsj4zrp2psnhw77mcc5v36nyiwxrbm-dbus-1.14.10-man' from 'https://cache.nixos.org'...
copying path '/nix/store/ibay162m3grl2lq08p7iqvriw4424y6l-dejavu-fonts-minimal-2.37' from 'https://cache.nixos.org'...
copying path '/nix/store/xssqfprccv3d3yyq8kv7phc5pkm1p3kg-deno-2.6.5' from 'https://cache.nixos.org'...
copying path '/nix/store/zm7p349xn0a5vxr9g7wg8gb2xd43h03m-dejavu-fonts-minimal-2.37' from 'https://cache.nixos.org'...
copying path '/nix/store/525b1ibs74f105lq06vkrsss9i5q80fc-diffutils-3.12-info' from 'https://cache.nixos.org'...
copying path '/nix/store/jx9l9dlryvv5h5zakg3ms9gj2bzjipr9-dns-root-data-2025-04-14' from 'https://cache.nixos.org'...
copying path '/nix/store/in0fway5r7rj61fhdj8zlr8a50xyv5rl-dotconf-1.4.1' from 'https://cache.nixos.org'...
copying path '/nix/store/l9wysji66a2pnwfpzkpm3s8bwskacrh4-dosfstools-4.2' from 'https://cache.nixos.org'...
copying path '/nix/store/2miisgxyyzkr7gpq8frmvgi8vjsklxzw-double-conversion-3.3.1' from 'https://cache.nixos.org'...
copying path '/nix/store/qxng7sn59mls3m6akfdx8s2rgpd1js74-dns-root-data-2025-04-14' from 'https://cache.nixos.org'...
copying path '/nix/store/kp1a6bc7gy270wz3m755nq8gc2q32q9f-duktape-2.7.0' from 'https://cache.nixos.org'...
copying path '/nix/store/4x59zp0ba5r8s9qqba1j77dqg9fgmjy8-e2fsprogs-1.47.3' from 'https://cache.nixos.org'...
copying path '/nix/store/xckmq8f6qfmf36ip62i1zpq02lzap9zk-djvulibre-3.5.29' from 'https://cache.nixos.org'...
copying path '/nix/store/498d3qckd70l49xv9924g5cdf0hwpz2k-e2fsprogs-1.47.3-info' from 'https://cache.nixos.org'...
copying path '/nix/store/h6c35ra2y92as3f8blvhnz7dsn1ng2f2-e2fsprogs-1.47.3-man' from 'https://cache.nixos.org'...
building '/nix/store/ckwixhnkv1bpcvxndmfg1a7vw17n3s69-X-Restart-Triggers-geoclue.drv'...
building '/nix/store/5paxh8gg1cb1b8wgb42aswap3a2x1lhm-etc-nix-registry.json.drv'...
building '/nix/store/4943wvvz48vcl0gccfsr9wh9nn022hk5-etc-nscd.conf.drv'...
building '/nix/store/v1nd4aamkb32gcsm8cq3szwrd13vxhjd-etc-nsswitch.conf.drv'...
building '/nix/store/a7g4bajcns9nbrl3rs37kvfihrnw74xj-etc-os-release.drv'...
building '/nix/store/374dxgxjzwcapjzrbkp6gi870pgqimqh-etc-polkit-1-rules.d-10-nixos.rules.drv'...
building '/nix/store/lmsr5n1h60sb1ry9jq5z7f049367a8cw-etc-resolvconf.conf.drv'...
copying path '/nix/store/i5vppnbl2qnrvm4h5azwq83rr9gm7sdy-compiler-rt-libc-21.1.8-dev' from 'https://cache.nixos.org'...
copying path '/nix/store/6vwhdd1hzqdx5v1z1p5g5n8z5ljvna6f-expat-2.7.3-dev' from 'https://cache.nixos.org'...
copying path '/nix/store/43s9af1k5q4848agh0pyy7s900zfc0n4-ell-0.81' from 'https://cache.nixos.org'...
copying path '/nix/store/737dqp5fsczjn8isjs7jhws09aks64mh-expand-response-params' from 'https://cache.nixos.org'...
copying path '/nix/store/4729cf8a7c0rwa6dxivdxlwdg1jvqf8n-extra-cmake-modules-6.22.0' from 'https://cache.nixos.org'...
copying path '/nix/store/mfvzx0wx1vy4mw595ww7n9k29a0ipp8c-eglexternalplatform-1.2.1' from 'https://cache.nixos.org'...
copying path '/nix/store/7dis7kqs0d970ik6pjkv5n0xmz2zrh60-extra-utils' from 'https://cache.nixos.org'...
copying path '/nix/store/4pp9mcz0xrlsdnllaj5wyjjag14mil76-faad2-2.11.2' from 'https://cache.nixos.org'...
copying path '/nix/store/wp5620c47prs2xy0zqzhp8aprpx5n760-f2fs-tools-1.16.0-lib' from 'https://cache.nixos.org'...
copying path '/nix/store/xdr2xfhm5lvv95a14c6ydf4dl6yfd02n-fastfetch-2.58.0-man' from 'https://cache.nixos.org'...
copying path '/nix/store/b5bnaw1cdayhsab2dmqbpzg553lrimyi-fdk-aac-2.0.3' from 'https://cache.nixos.org'...
building '/nix/store/k4iwrlmsw1afm14gczlf81ld49cdr89r-X-Restart-Triggers-keyd.drv'...
building '/nix/store/79wdfmgqhr515j272ybjpyxdvlm2yim1-etc-ssh-ssh_known_hosts.drv'...
building '/nix/store/cp0v8259l441h6varcnd3n112bjxnh32-etc-systemd-coredump.conf.drv'...
building '/nix/store/jbx7q501ls8ww8gkarcgdr3dsf3w2nmz-etc-systemd-journald.conf.drv'...
building '/nix/store/y9w2fcybd9xy7fsf1077i8nh3bkzgnjy-etc-systemd-logind.conf.drv'...
building '/nix/store/ahabdlkjxvnls2m6qvw855whmbjrnpdx-etc-systemd-oomd.conf.drv'...
building '/nix/store/5qd3cjk58dalf0g8pky4bvmd59rv44fd-etc-systemd-sleep.conf.drv'...
copying path '/nix/store/nvmrqgqa45v9m7srsqlvs35p2hnshfs1-double-conversion-3.3.1-dev' from 'https://cache.nixos.org'...
copying path '/nix/store/9v13wnjs5p29q85p9l5vvc3yd4bnbv92-ffmpeg-7.1.3' from 'https://cache.nixos.org'...
copying path '/nix/store/321ryymf14cq0rghf8rngbncpmq2ndrv-ffmpeg-7.1.3-data' from 'https://cache.nixos.org'...
copying path '/nix/store/9v9i2f647ihw56z8cr5p5x7sf9adrrak-dejavu-fonts-2.37' from 'https://cache.nixos.org'...
copying path '/nix/store/6mld0m3sl8lfxcavsbar7mh61yv4hd09-ffmpeg-8.0.1-data' from 'https://cache.nixos.org'...
copying path '/nix/store/r8p823ijp53k797fgr6bwjnn36v3fv0r-ffmpeg-8.0.1-man' from 'https://cache.nixos.org'...
copying path '/nix/store/bxc5wq4cpv4xvqajg7glk0h2r9im8fw4-ffmpeg-full-8.0.1' from 'https://cache.nixos.org'...
copying path '/nix/store/2bz4sbn7qzg7pk4fk29sdnh5acxadpq4-ffmpeg-full-8.0.1-data' from 'https://cache.nixos.org'...
copying path '/nix/store/6gdwlkcs88jq7lcqrqzb2lr3aav5vpha-file-5.45' from 'https://cache.nixos.org'...
copying path '/nix/store/jznzvs1n15blf0pmln83g1qzn7jlap0z-ffmpeg-headless-8.0.1-data' from 'https://cache.nixos.org'...
copying path '/nix/store/ip6n67n2zgpqbbm8d6l4axmsrfj4bmnv-ffmpeg-8.0.1-doc' from 'https://cache.nixos.org'...
copying path '/nix/store/awg6xv4dndw92hc28gziwi7jgg2kyal3-fftw-double-3.3.10' from 'https://cache.nixos.org'...
copying path '/nix/store/sna0zr6lfmc9jrnbpc903ccx8l6vbvn6-ffmpeg-headless-8.0.1-data' from 'https://cache.nixos.org'...
copying path '/nix/store/nczpv7a6shqvbzv7h06qm0n28zzcphh6-fftw-single-3.3.10' from 'https://cache.nixos.org'...
building '/nix/store/q2qzzmkv4p2xkrds453jlq8wf6l1vfl2-X-Reload-Triggers-polkit.drv'...
building '/nix/store/g8m0wih2qmmc87fzaw1fxpjcl7h4mjqc-etc-systemd-system-preset-00-nixos.preset.drv'...
building '/nix/store/ws3a834hzh30znqbxx5c10qjijah39ki-etc-systemd-timesyncd.conf.drv'...
building '/nix/store/npax9syl647jyfldsvhxdqni2cqkli91-etc-systemd-user-preset-00-nixos.preset.drv'...
building '/nix/store/gc1ymjbik13dk8q5axip87blihb3drpz-etc-systemd-user.conf.drv'...
building '/nix/store/6hdk4yzk407a78m58knvwqjbm0j4akxh-etc-wpa_supplicant-nixos.conf.drv'...
building '/nix/store/nbkcknkzrrb53a656r6z25sbjrpk25nb-etc-xdg-xdg-desktop-portal-sway-portals.conf.drv'...
copying path '/nix/store/3xpcj8db5mp48pzswvx6l8iy02ayd4kf-e2fsprogs-1.47.3-bin' from 'https://cache.nixos.org'...
copying path '/nix/store/x3li8bcdrgnwfh397sjfk1sgsbax6wxn-find-xml-catalogs-hook' from 'https://cache.nixos.org'...
copying path '/nix/store/c5awpf3mv8pjsnljvigm6dbwg65rckyz-fira-mono-3.2' from 'https://cache.nixos.org'...
copying path '/nix/store/r7ij2k3ps4jzj68yisgxis2bq5f7lacf-findutils-4.10.0-info' from 'https://cache.nixos.org'...
copying path '/nix/store/i48w7p8vcngz78m3l7gmkzvvzicq9waa-fira-sans-4.301' from 'https://cache.nixos.org'...
copying path '/nix/store/zv59mrig3pwjivqln0pj9d6ylhxlizg6-flatpak-1.16.2-man' from 'https://cache.nixos.org'...
copying path '/nix/store/4jhzr5pzrq1bfzp9rcbgsvzh1fqk1a9m-fmt-12.1.0' from 'https://cache.nixos.org'...
copying path '/nix/store/4h9vmpn28g2kb9432i1n36scfk4pjb2m-flatpak-1.16.2-doc' from 'https://cache.nixos.org'...
copying path '/nix/store/m0rbbdfsbkdqpr6bs621jwi21ra1br4g-binutils-wrapper-2.44' from 'https://cache.nixos.org'...
copying path '/nix/store/1x0pi2yiiw1xiq6406jjghy72010x7a9-font-adobe-100dpi-1.0.4' from 'https://cache.nixos.org'...
copying path '/nix/store/jh304r9is98s8zi1qbwfpn28sahmg2kw-font-adobe-75dpi-1.0.4' from 'https://cache.nixos.org'...
building '/nix/store/pdfyssrjcbdplm8bj31vzaryvajm0qy4-X-Restart-Triggers-resolvconf.drv'...
building '/nix/store/x0m7hk4d3094cxa83rqjkls44nq2hh1r-X-Restart-Triggers-systemd-journald-.drv'...
building '/nix/store/phi7nqiz805hxl1399xwk76w8aiiqkrv-X-Restart-Triggers-systemd-journald.drv'...
building '/nix/store/bmvzzmvkm91jr8l5x0ykbfga9nk79qh3-etc-zinputrc.drv'...
building '/nix/store/42sibh8iqjlh5p6ds74lsr60h3rz5lv8-etc-zprofile.drv'...
building '/nix/store/jp495y1kwdik78j59kmixzq0jgw3mrq8-etc-zshrc.drv'...
building '/nix/store/n1zxgrvg0a7imxgplhpdxj9h6jbky8jg-exec.drv'...
copying path '/nix/store/h9sx3vfzvbxhv3bh54bwyving0rk9ywp-font-alias-1.0.5' from 'https://cache.nixos.org'...
copying path '/nix/store/l9pi3ngi6sx1qhnf26b4mh3lrygcc6s2-font-cursor-misc-1.0.4' from 'https://cache.nixos.org'...
copying path '/nix/store/ikl1b9wr9b5bcr08sb76xhxpimadx47y-file-5.45-dev' from 'https://cache.nixos.org'...
copying path '/nix/store/rwqvaw4kg9rb7hwcaf6873f3laijd1hi-font-misc-misc-1.1.3' from 'https://cache.nixos.org'...
copying path '/nix/store/8sg52dk6ynhsizx4di9015cx26g8v9sz-fontconfig-2.17.1' from 'https://cache.nixos.org'...
copying path '/nix/store/q9lw7mrvhc2d14nrzwvm2fszz6861xvc-fontconfig-2.17.1' from 'https://cache.nixos.org'...
copying path '/nix/store/w731b6bsz7l4n18rs1y1ccl7grax2lv2-font-util-1.4.1' from 'https://cache.nixos.org'...
copying path '/nix/store/s6xfphv1dpywwkvvdj22cnrwg0xlwl9m-foot-1.25.0-terminfo' from 'https://cache.nixos.org'...
copying path '/nix/store/a78j5yv2nf3zl8l2zwsyfx5fcvfpsanm-freefont-ttf-20120503' from 'https://cache.nixos.org'...
building '/nix/store/16bkw42mz01101q5r7lqm1n1yz5h20fv-X-Restart-Triggers-systemd-timesyncd.drv'...
building '/nix/store/indgmmw2v3fmrifcgzibij320pywfw6r-X-Restart-Triggers-wpa_supplicant.drv'...
building '/nix/store/dakw8jmik2w8g3pdbqf7q6h6mvadaq8n-extra-hosts.drv'...
building '/nix/store/1kcixbmr4rbin2m7xncb4ckcwzfz80yl-extra-hwdb-file.drv'...
building '/nix/store/vy3f4qkwa4a35nnix4vm32fcw9zc5h61-extra-udev-rules.drv'...
building '/nix/store/cc6w0vsiv24j0y1ybcflzdry0qvb04c8-extract-binary-wrapper-cmd.drv'...
building '/nix/store/72hnirvwl47c3jnfj518y3pfa5ja6min-fallback-cursor-theme.drv'...
copying path '/nix/store/v23fmf2jrcihx7q2mxbpn6ppll10dgzf-docbook-xsl-nons-1.79.2' from 'https://cache.nixos.org'...
copying path '/nix/store/2phfc79fw8z6xm4l02dcamsajf24bfcl-docbook-xml-4.5' from 'https://cache.nixos.org'...
copying path '/nix/store/0nlkdxwcjxgg8kjy29ywx3f163a0dh5x-freepats-20060219' from 'https://cache.nixos.org'...
copying path '/nix/store/pp6qb514a70fqz9xkcvczzg3lw6ch469-fstrm-0.6.1' from 'https://cache.nixos.org'...
copying path '/nix/store/9dxisi6vh4aj7675m83ynhm6v3mvraka-fuse-2.9.9-man' from 'https://cache.nixos.org'...
copying path '/nix/store/sjj2v4xfh8xz8k104750g2r1w9qhi4k2-fftw-double-3.3.10-dev' from 'https://cache.nixos.org'...
copying path '/nix/store/dkw48k243m15sjwlawz1lc6vmmbqwh4b-fribidi-1.0.16' from 'https://cache.nixos.org'...
copying path '/nix/store/98zgrv8ghd6dzqyc8qiral5vik844r17-fzf-0.67.0' from 'https://cache.nixos.org'...
copying path '/nix/store/rvs13lavh3rd8bqj1kxxwn0ai38azy39-fuse-3.17.4-man' from 'https://cache.nixos.org'...
building '/nix/store/vsfv9sbpy7vyzdpd950inl4m2001f4j2-fc-10-nixos-rendering.conf.drv'...
building '/nix/store/d4wx558ij4hmsghxmabg4ajymbai699j-fc-52-nixos-default-fonts.conf.drv'...
building '/nix/store/gd9xr837r3as4nyjpxgq3dx40wrl9wil-fc-53-nixos-reject-type1.conf.drv'...
building '/nix/store/94nlkwyk7m850k8dkq1fzb4q9spxgkdg-fc-53-no-bitmaps.conf.drv'...
building '/nix/store/hh0ag8l461rhcjg7rs7y7z5zq6l8fflr-firefox-policies.json.drv'...
building '/nix/store/bf7isp7hf7401rwfdj7ni8m5783dkpbd-firewall-start.drv'...
building '/nix/store/i0gcvwqq1sa2qb4i84mci87754w529sv-firewall-stop.drv'...
copying path '/nix/store/miv2z2631wsjpp2vhism5bc4ipch490r-gawk-5.3.2-info' from 'https://cache.nixos.org'...
copying path '/nix/store/44gbnv9kk7cy5grvpwnjjapq3fxgsh4y-gawk-5.3.2-man' from 'https://cache.nixos.org'...
copying path '/nix/store/0v5h7abs616jp4sq2wfcxq3ryc3vq5fl-fzf-0.67.0-man' from 'https://cache.nixos.org'...
copying path '/nix/store/mjf8jlq9grydcdvyw6hb063x5c34g5gf-gcc-15.2.0' from 'https://cache.nixos.org'...
copying path '/nix/store/30gdz609h69297psfglf5qfsfxijs917-game-music-emu-0.6.4' from 'https://cache.nixos.org'...
copying path '/nix/store/frqv5xz9psh0n5kgbm7ypavp6rh32frh-gcc-15.2.0-info' from 'https://cache.nixos.org'...
copying path '/nix/store/9mxn5p4rcv229434nck8qzz573rz5a69-gcc-15.2.0-man' from 'https://cache.nixos.org'...
copying path '/nix/store/j68bxfkkybwpiywgrqhkch734h1cggdi-getconf-glibc-2.42-47' from 'https://cache.nixos.org'...
copying path '/nix/store/z1cblx8skfnrh93fpi0k6w634b40hnfz-gflags-2.2.2' from 'https://cache.nixos.org'...
copying path '/nix/store/3clcsw78zwcw6zvzyqn181flb6djhkn3-gcc-15.2.0-libgcc' from 'https://cache.nixos.org'...
copying path '/nix/store/i8nxhqn34d8gfi5m9zni9gpi169lh110-gfortran-15.2.0-libgcc' from 'https://cache.nixos.org'...
copying path '/nix/store/ja78a5jwsm1f0pix8d1kpiy9186ikfsf-ghostscript-with-X-10.06.0-fonts' from 'https://cache.nixos.org'...
copying path '/nix/store/idjmaw31clp502av2aa62d98vwvpwx9w-giflib-5.2.2' from 'https://cache.nixos.org'...
copying path '/nix/store/d8kc4kqzcrbcj92msxrpdsdjglh2q5gp-git-2.52.0-doc' from 'https://cache.nixos.org'...
building '/nix/store/x5f4afids0v114mwdgyxkbgxdnf2zgfm-flatpak-state.json.drv'...
building '/nix/store/1f092y8li0wgvmanawjdza7n02b1gqqx-hm-modules-messages.drv'...
building '/nix/store/1m45lfkpx7kdydg1pw7vblv14z3wqchw-hm-setup-env.drv'...
building '/nix/store/lfxx450722fkk9yfwb17mxanpf4344lm-hm_fontconfigconf.d52hmdefaultfonts.conf.drv'...
building '/nix/store/qgqd0pa38knvwkqddd8p0xl830jygwmk-hm_homechetan.cache.keep.drv'...
building '/nix/store/r592n1hmljdlapiqfyp4cxcf7aqv4ljq-hm_homechetan.localstate.keep.drv'...
building '/nix/store/p2wj6jw30lzgr308crfqnwfn1f8ywr32-initrd-fsinfo.drv'...
copying path '/nix/store/wmav53k5dhy8rd4zxhb6swq0b9s8fva4-fribidi-1.0.16-dev' from 'https://cache.nixos.org'...
copying path '/nix/store/l0bm29x6hcbj27940h2zh5f0xnxgx5k1-glibc-2.42-47-getent' from 'https://cache.nixos.org'...
copying path '/nix/store/a8mapvrhrzw6ahgb7iv72h3jbm5ghwdy-git-minimal-2.52.0' from 'https://cache.nixos.org'...
copying path '/nix/store/r6mywbqf8x8jl2kp94bk6g8d5kpcj79x-glibc-iconv-2.42' from 'https://cache.nixos.org'...
copying path '/nix/store/m3l9x15clwv6xz9wz36mnkq3crvsp3zp-glibc-locales-2.42-47' from 'https://cache.nixos.org'...
copying path '/nix/store/s1a1270h954d1rpxny72srglilaapmzg-glslang-16.1.0' from 'https://cache.nixos.org'...
copying path '/nix/store/c5p8phmycgqjfrwzf0cpc740b6gvdac5-gmp-with-cxx-6.3.0' from 'https://cache.nixos.org'...
copying path '/nix/store/6zxixmszg0vbhpaa8rxwfr05by9axj68-glibc-2.42.tar.xz' from 'https://cache.nixos.org'...
copying path '/nix/store/sgs3pb9xhrnd14j4qhvwa4da1fnbvk0b-gnome-settings-daemon-49.1-gsettings-schemas' from 'https://cache.nixos.org'...
building '/nix/store/jhb8n0jm7iijzvqqszk6s9lr4yhg22vs-input.conf.drv'...
building '/nix/store/2a01dnasdzd0wxwhcw3ylpm8xfkx0nv6-ipv6-privacy-extensions.rules.drv'...
building '/nix/store/5p3dmwyl43v3vjrmy9f2diq8jai4vz14-ipv6-privacy-extensions.rules.drv'...
building '/nix/store/7kdmchgzcgn3ya2i19snzh8vpw4s3jlb-issue.drv'...
building '/nix/store/xvdflhczgmkkvhgnsdkzw6dii5dc2gp6-lessconfig.drv'...
building '/nix/store/skff2gjw4a0ly98zz4a61gdclapy805m-limits.conf.drv'...
building '/nix/store/wc985mwahsr4gjc5afpzw8p9fl6k5ml8-local-cmds.drv'...
copying path '/nix/store/rvfmcj6m5y6pfhzn29l3qz4ndrzv4hg3-gfortran-15.2.0-lib' from 'https://cache.nixos.org'...
copying path '/nix/store/578hg40df89239rl4921nb3gdfjnm82c-gcc-wrapper-15.2.0-man' from 'https://cache.nixos.org'...
copying path '/nix/store/r9szsdy8d4nlqgfrkvvj0f11iw7hypfb-glog-0.7.1' from 'https://cache.nixos.org'...
copying path '/nix/store/cgk1j37lw5vw7lxdlzhdhji3fii5b5id-gnugrep-3.12-info' from 'https://cache.nixos.org'...
copying path '/nix/store/kachqlzpp4nkjjq4pf90r9abymkc18zq-gnum4-1.4.20' from 'https://cache.nixos.org'...
copying path '/nix/store/5lyy21zm97pj8l67r2xapdkxpxb6v6y0-gnumake-4.4.1' from 'https://cache.nixos.org'...
copying path '/nix/store/j2vz6gm38023yfg359cnawzvabqc0w9v-gnumake-4.4.1-doc' from 'https://cache.nixos.org'...
copying path '/nix/store/2pqq9mdchp0s0cgl1qqql38v502kbdi1-gnumake-4.4.1-info' from 'https://cache.nixos.org'...
copying path '/nix/store/an38a5jy0ivp1504yjbzgl4prvhjnix7-gnumake-4.4.1-man' from 'https://cache.nixos.org'...
building '/nix/store/s6p6zbi3z1sc2rr1rq16hcf2mwvj5z5q-check-link-targets.sh.drv'...
building '/nix/store/k706k1fd21g4nwmjsr5mpp084kjgc1d9-cleanup.drv'...
building '/nix/store/29swkrc91g6mmn9g1bvlp30y5aykmpsc-firewall-reload.drv'...
building '/nix/store/zfvj41cs8294f8c6bcqc5s86wy8lf36r-link.drv'...
building '/nix/store/y9rdsmvrs95mmzasircsm691vcgcydr3-locale.conf.drv'...
building '/nix/store/vgmm4k7ibyq9y5acxkmxx9dnm3x4kwj6-locales-setup-hook.sh.drv'...
building '/nix/store/cajrqql7zb40vdiq5i6znnimjcln2z96-localhost-hosts.drv'...
copying path '/nix/store/mi9xdbg7vwhmbcwrynpasx2fm3sh42z4-coreutils-full-9.9' from 'https://cache.nixos.org'...
copying path '/nix/store/rr44gnjkn0j0h67blxaf7c69w6y5xv03-gnused-4.9-info' from 'https://cache.nixos.org'...
copying path '/nix/store/m1x7c684wrcyic4jbijyadapnm7zj33q-gcc-wrapper-15.2.0-info' from 'https://cache.nixos.org'...
copying path '/nix/store/fy6kfb982l4aalzlj00fzdmy1i481pjj-gmp-with-cxx-6.3.0-dev' from 'https://cache.nixos.org'...
copying path '/nix/store/zzvsjgylnphvhms3lgr2qlwdxmc68z66-go-1.25.5' from 'https://cache.nixos.org'...
copying path '/nix/store/bs6y5ycz8hx29pvdplgfhy67vfa403dr-getent-glibc-2.42-47' from 'https://cache.nixos.org'...
copying path '/nix/store/ax6j94gib9m7ni9pfv3qmm5l8fi1hlz2-gnutar-1.35-info' from 'https://cache.nixos.org'...
copying path '/nix/store/3bfgzysvkjwf4rdpbnn4jb4ly21m1khd-gopls-0.21.0' from 'https://cache.nixos.org'...
copying path '/nix/store/v6d9ag8hs0sfl3q0ikxdpp8k26csl0am-graphite2-1.3.14' from 'https://cache.nixos.org'...
copying path '/nix/store/qwv6qv1jpi9xhq2py8aqgfdzrc9r03ny-gpm-unstable-2020-06-17' from 'https://cache.nixos.org'...
copying path '/nix/store/92jwzc69lwmlzr80vv3ssd50i0b19cbk-groff-1.23.0' from 'https://cache.nixos.org'...
building '/nix/store/wr21nalcakb86dgsm6bm8ph1wvzs520s-login.defs.drv'...
building '/nix/store/sakm44s0a4i9ic973jzma59a50pa8vbm-main.conf.drv'...
building '/nix/store/3a40313lamfi7a1qfmyaizvw9p5safrf-mounts.sh.drv'...
building '/nix/store/763g5jgpl0k3dgqii84pmg6lfbp1pq83-nameservers.drv'...
building '/nix/store/s3lq4q2qayqpsi3k00xcbx9jla5aj7wh-network.conf.drv'...
building '/nix/store/8z7dnfkpw6wzv839bs7f3jjmpq89hsfg-nix.conf.drv'...
copying path '/nix/store/y2sqcj64zklnz88d2lh6h26f9anrd1wx-gsm-1.0.23' from 'https://cache.nixos.org'...
copying path '/nix/store/ardc48431c6fl1wjqcvjdngp2wd7aqpq-gsettings-desktop-schemas-49.1' from 'https://cache.nixos.org'...
copying path '/nix/store/2f728vasd29dnc2ys09mn45058mkzvc2-bison-3.8.2' from 'https://cache.nixos.org'...
copying path '/nix/store/3cixprf3f3bbr6ggjs2lrrlm8nmz24wb-gtest-1.17.0' from 'https://cache.nixos.org'...
building '/nix/store/bhvgskrs2myd082304qiw2gd41dfxhx9-nixos.conf.drv'...
building '/nix/store/l8rivbxfr8dbjs13g6qp6yhyxpkpikhh-nixos.conf.drv'...
building '/nix/store/qb370llbm5b1ayz3f7wr0p795sqs6j3j-options.json.drv'...
building '/nix/store/kzg80c8q6cpbfn6rh8ar3xihnc6b382q-other.pam.drv'...
building '/nix/store/g3bgxvbzdv0fy0915p140ws73gg6qv5b-policies.json.drv'...
building '/nix/store/isjipapkrzczvnv1lxns6xznam12wc12-string-hosts.drv'...
building '/nix/store/ph5132a132iz8l6gw0s1h1fkx7pyviwz-tray.target.drv'...
copying path '/nix/store/wjxggaqw2rdj40hans33adclw8khmk2c-gumbo-0.13.2' from 'https://cache.nixos.org'...
copying path '/nix/store/l0ii81i4vm0ilvfzcgq42fn0vmbxn4hi-gyre-fonts-2.005' from 'https://cache.nixos.org'...
copying path '/nix/store/jnpd0lp73hwmcd9r158v9y219g3kpcln-hdf5-cpp-1.14.6' from 'https://cache.nixos.org'...
copying path '/nix/store/yvr2g6kdsllvvrk1jl92g3sg7ijxh70m-gzip-1.14-info' from 'https://cache.nixos.org'...
copying path '/nix/store/8ls7hp23hx5j80mihq4q2vdh7rhfa21b-gzip-1.14-man' from 'https://cache.nixos.org'...
copying path '/nix/store/fydlfcrafmcs9mway2rld6v6knyzl2k1-hicolor-icon-theme-0.18' from 'https://cache.nixos.org'...
building '/nix/store/9fyc37h0g5gky1jjwr2gj7qslb65z2fy-02overridedns.drv'...
building '/nix/store/ljx3gip3crwgijdsf1452xy292lcx7mn-udisks2.conf.drv'...
building '/nix/store/kc7xrpwyj0ssiy4prm3pvf5h73q9qfvs-unit--.slice.drv'...
building '/nix/store/7x8764lj33af65gdzp22iyzjnsw3a3cg-unit-avahi-daemon.socket.drv'...
building '/nix/store/agh4ysxz9dg1fskn9qp5cjzn2ac46yx6-unit-console-getty.service-disabled.drv'...
copying path '/nix/store/k7dbhkrl9gvc27zlqndhva342ny96bq2-abseil-cpp-20250814.1' from 'https://cache.nixos.org'...
copying path '/nix/store/8z6kaw24ppa5nb6gc20cwbkfzzk7kk9h-hostname-debian-3.25' from 'https://cache.nixos.org'...
copying path '/nix/store/8sgn80pg1aw6ywpijm2s5g3vlfy8al2v-hostname-debian-3.25-man' from 'https://cache.nixos.org'...
copying path '/nix/store/iwxsh5cnkipy9g0gjyd8i182srh89xfx-graphite2-1.3.14-dev' from 'https://cache.nixos.org'...
copying path '/nix/store/n5yg9d1gnf5ff2rplibd6pfacycb27hd-hunspell-1.7.2' from 'https://cache.nixos.org'...
copying path '/nix/store/5xxd25vx2wz2q3sqrnkqi11x7csrb08i-hwdata-0.403' from 'https://cache.nixos.org'...
copying path '/nix/store/bkj7lbq9hapq437pgqw5g5xsx4z02ib2-hwdata-0.403' from 'https://cache.nixos.org'...
copying path '/nix/store/y3b549nnjrn2apah7mfwzz6zwnidpflq-icu4c-76.1-dev' from 'https://cache.nixos.org'...
copying path '/nix/store/w5ykv61icipf0bywbnpyyf1982rybnf1-ijs-10.06.0' from 'https://cache.nixos.org'...
building '/nix/store/664gdcrpcs4jhgk32whhgaah0ncv48pa-X-Restart-Triggers-systemd-modules-load.drv'...
building '/nix/store/xdjgzgak29ha9a850rahvlxvr7k4dlnj-hosts.drv'...
building '/nix/store/c45rvs0jpkpkd7xf2krna3rz63gqaax7-unit-cosmic-session.target.drv'...
building '/nix/store/n43lns4dg059ykgp35qqbpvbvxsix3cd-unit-dbus.socket.drv'...
building '/nix/store/hmc3raf9lgxc9ijzrnyfs55mp6ydqwp2-unit-fs.target.drv'...
building '/nix/store/l4sa5cripfz4xkz6dpl97d40cx28003a-unit-fstrim.timer.drv'...
building '/nix/store/br4f8qgp8vis0xfjg07dx191pyh328n8-unit-gcr-ssh-agent.socket.drv'...
copying path '/nix/store/l6aj8q1jq3yw3j7lkwv3knmjgvcmn8v1-adwaita-icon-theme-49.0' from 'https://cache.nixos.org'...
building '/nix/store/r3rz31kpv1z70bqf6pnm2gi6gnarm7p1-X-Restart-Triggers-NetworkManager-dispatcher.drv'...
building '/nix/store/mwsm3gvkzd2y4c6bn5clxagagazly3mx-X-Restart-Triggers-nix-daemon.drv'...
building '/nix/store/2gwhxp061fxgd2jvdk5rx8vabdky954q-unit-getty.target.drv'...
building '/nix/store/caclqy5hx17bxlw8ic47rd6abbcxkn9k-unit-keys.target.drv'...
building '/nix/store/xa53sq76zldgw365ymvaklsjhnqsb6qn-unit-local-fs.target.drv'...
building '/nix/store/8a3ylg2jagbg02fr92hs7fxk75445sa6-unit-logrotate.timer.drv'...
building '/nix/store/qxgbic5q2xab7fbji5clxg7bkl6bslwq-unit-multi-user.target.drv'...
copying path '/nix/store/b79mxhr867xfydvymd6b53nyzckmri88-imath-3.2.1' from 'https://cache.nixos.org'...
copying path '/nix/store/2j6m6073bp19g7jcwd02ffjqdwm1pc45-inih-62' from 'https://cache.nixos.org'...
copying path '/nix/store/r3a2c1d1w9inlys5rr8klkxqjgqfifgb-iniparser-4.2.6' from 'https://cache.nixos.org'...
copying path '/nix/store/s3ds4smhj3s2kwwbazz4qz6lrhv7zqvn-imagemagick-7.1.2-12-doc' from 'https://cache.nixos.org'...
copying path '/nix/store/73ik8cqs2x7m18y8zaf84vq8x49gxp6h-install-shell-files' from 'https://cache.nixos.org'...
copying path '/nix/store/yyzd9bya1mvjw02f4yr1j1lpkyq92khb-intel2200BGFirmware-3.1-zstd' from 'https://cache.nixos.org'...
copying path '/nix/store/880r1ky6b4xy2xyxwxgxipaqvy8lmdm1-iptables-1.8.11-man' from 'https://cache.nixos.org'...
copying path '/nix/store/2s0waz202zclnxcbdnn8mvkqy75db6r8-iso-codes-4.19.0' from 'https://cache.nixos.org'...
copying path '/nix/store/9amc8kfx72l3f1xmhzgdcxad71sppq83-jansson-2.14.1' from 'https://cache.nixos.org'...
copying path '/nix/store/j5pc282dpmy8b8qw17fjvsxwjl5xlksh-iso-codes-4.19.0' from 'https://cache.nixos.org'...
building '/nix/store/pjn0bhfr59d897911iwiq9y3wrynsl7z-unit-network-local-commands.service-disabled.drv'...
building '/nix/store/vmmaynwrg1hqvvb21h6ayvp9fk642lnm-unit-nix-daemon.socket.drv'...
building '/nix/store/06v30zdgzqi75bmhgr4x36p3zd4c8f8k-unit-nix-gc.timer.drv'...
building '/nix/store/ijak1dl1vg8mimah7idkb11bahhvkvcv-unit-nix-optimise.timer.drv'...
building '/nix/store/9xfxag12xx6xv90m1nydzx8gackyc7d2-unit-nixos-fake-graphical-session.target.drv'...
building '/nix/store/dsb91zj119x7fp5xmrhz8y3m1simxzjl-unit-pipewire-pulse.service-disabled.drv'...
building '/nix/store/bd8wafl9i2807fp1rnhfc833ahn3fbc3-unit-pipewire-pulse.socket-disabled.drv'...
copying path '/nix/store/cs1xyqcpnk5rfqiggz2lcj3cxpw89772-abseil-cpp-20250814.1-dev' from 'https://cache.nixos.org'...
copying path '/nix/store/4fjlsps7jywb0b8cy8yz7zjqbq23b3y0-hostname-hostname-debian-3.25' from 'https://cache.nixos.org'...
copying path '/nix/store/lq69vbd75kmys3j68a2nqkr0dfs7vdn6-jbig2dec-0.20' from 'https://cache.nixos.org'...
copying path '/nix/store/9xwxqjs7jz2n9k2vfi879wvi0v4ncj7p-jemalloc-5.3.0-unstable-2025-09-12' from 'https://cache.nixos.org'...
copying path '/nix/store/sfi00amda8np23k4r3jp0iw5lf5fbkri-jemalloc-5.3.0-unstable-2025-09-12' from 'https://cache.nixos.org'...
copying path '/nix/store/kn9jqbdnq8ngp0375r7nvlvn40gxlqfd-json-c-0.18' from 'https://cache.nixos.org'...
copying path '/nix/store/bmv2llayynqvllh25qjpqp50hnav56iy-kbd-2.9.0' from 'https://cache.nixos.org'...
copying path '/nix/store/3z0g1zkx4ijy8rlvzkv0bvq4m2b5z7jm-jsoncpp-1.9.6' from 'https://cache.nixos.org'...
copying path '/nix/store/ck79l120r3nnaa3sd8aws1dgbdl93miw-kbd-2.9.0-man' from 'https://cache.nixos.org'...
building '/nix/store/j4v4jjwnnrzqkqdp9qwpkgj3s0ffx3mc-unit-pipewire-pulse.socket.drv'...
building '/nix/store/j0j6fkckw695sdp6vg6gqxd6a18v6i7r-unit-pipewire.service-disabled.drv'...
building '/nix/store/lbnqc47iaxvjis4v4c0jdw5ksdxy94cl-unit-pipewire.socket-disabled.drv'...
building '/nix/store/l1hnkm8pcl4my0cc00p0fiqz83px1g4l-unit-pipewire.socket.drv'...
building '/nix/store/ahli0zm32a2b6q50pxy1aig9rz5hy7b4-unit-polkit-agent-helper.socket.drv'...
building '/nix/store/lx260270yvpfzy9vwmk46q3ikndk0xw9-unit-post-resume.target.drv'...
building '/nix/store/8navn5cz55mp11w2x4svj1vsm205vll4-unit-remote-fs.target.drv'...
copying path '/nix/store/jm0zvqs9jwj184wyq2wckbv1a86g4l10-keymap' from 'https://cache.nixos.org'...
copying path '/nix/store/mcvwjpmjrljz4lmc4akn1jiwk5fla5nv-exiv2-0.28.7-lib' from 'https://cache.nixos.org'...
copying path '/nix/store/zr1kd9y542s72plb00c8469xk6xaggia-kexec-tools-2.0.32' from 'https://cache.nixos.org'...
copying path '/nix/store/wbz1bdnmbddm5z5cs92jnhbswknna017-kdenlive-25.12.1.tar.xz' from 'https://cache.nixos.org'...
copying path '/nix/store/52k9wiwrj30z0ydk3czkjgj966m8afnv-kmod-31' from 'https://cache.nixos.org'...
copying path '/nix/store/nd1w5j1vdj2zmjpsj2iy075377whhzxk-kmod-31-lib' from 'https://cache.nixos.org'...
copying path '/nix/store/rx0xhgmbpxal9jz2c2xyqf3insi3pgnr-kf6-move-outputs-hook' from 'https://cache.nixos.org'...
copying path '/nix/store/7fgsadflc8v80swdhz1w78kixw4h7b3x-kmod-blacklist-31+20240202-2ubuntu8' from 'https://cache.nixos.org'...
copying path '/nix/store/hdvw7k5rwkaiipayvzp7i99c1knh42rv-kvazaar-2.3.2-lib' from 'https://cache.nixos.org'...
copying path '/nix/store/88dcjia5rb7h96shhfxcda3f4wv96i79-lame-3.100-lib' from 'https://cache.nixos.org'...
copying path '/nix/store/iiqzvp147324lvy8h1gf3dfakrmp08cm-kmod-debian-aliases.conf-30+20230601-2' from 'https://cache.nixos.org'...
copying path '/nix/store/l55q05b9lfb5f8rrk8dhd3n51b9rwbq6-lazygit-0.58.1' from 'https://cache.nixos.org'...
building '/nix/store/37jqli6nbkjzw1cmw4kdn7nmnxw6vwqp-nixos-build-vms.drv'...
building '/nix/store/8v2hnbqmqqqn9zkilixa8jk7sr6whya9-nixos-version.drv'...
building '/nix/store/chjrp1dxvds8ipsqcj7a1smqxl83fy01-unit-run-initramfs.mount.drv'...
building '/nix/store/6yhhzmlmrv03dzv9z4882kra97a97sgn-unit-run-wrappers.mount.drv'...
building '/nix/store/8ikppyxq5dynim2jijrcgxpa456c2bpj-unit-script-display-manager-pre-start.drv'...
building '/nix/store/gb6wqh830jmar96mrqam53srcl26v9f4-unit-script-display-manager-start.drv'...
building '/nix/store/cdy2ass9hjqkax1k44r38gagih3ikgjb-unit-script-nix-gc-start.drv'...
copying path '/nix/store/yazhl9gb5lpdgm220nm4202imc2k2cz1-fd-10.3.0' from 'https://cache.nixos.org'...
copying path '/nix/store/s1w6x4mq7k3q4pvka8z2m4adkvn77p1y-lcevcdec-4.0.4-lib' from 'https://cache.nixos.org'...
copying path '/nix/store/wf2yfa70lv7n5mg839h7i84ci73v9n37-elfutils-0.194' from 'https://cache.nixos.org'...
copying path '/nix/store/kr12bdq3w69bazi2bapl5bgq3cylmxcn-lcms2-2.17' from 'https://cache.nixos.org'...
copying path '/nix/store/78mq2vwcigic9qh8pkq2r130w7zgcvmx-ldns-1.8.4' from 'https://cache.nixos.org'...
copying path '/nix/store/xr94ln20i0lg01p1nv393cpiry1w1vhh-lerc-4.0.0' from 'https://cache.nixos.org'...
copying path '/nix/store/fj562qimlq49hdwa0w16kpmkqvji6k2l-ldacBT-2.0.2.3' from 'https://cache.nixos.org'...
copying path '/nix/store/i5j85ypqr1lhyap7llyjrhm5sbvz0sas-libaio-0.3.113' from 'https://cache.nixos.org'...
copying path '/nix/store/kdflqjpq9rmiq64x3ilqw1rfgk0302n0-less-685-man' from 'https://cache.nixos.org'...
copying path '/nix/store/1dqsnmn91dp58hvm788i93x90f8qjhs2-libapparmor-4.1.3' from 'https://cache.nixos.org'...
copying path '/nix/store/klaanrwvi0lzxcihy3hw66mf49gq8yz5-less-685' from 'https://cache.nixos.org'...
building '/nix/store/94s0bw9dgqjfmfp5qwjibspnyifzb1pw-unit-script-post-resume-start.drv'...
building '/nix/store/9idsd8ajj639irfgyrb8w0npmjkiysjl-unit-script-pre-sleep-start.drv'...
building '/nix/store/w9mlan590yg7frlkgwddylllxv4yz4vb-unit-script-prepare-kexec-start.drv'...
building '/nix/store/qx8f2nyan1wr9ymf65c4x5j48y4681kx-unit-speech-dispatcher.socket.drv'...
building '/nix/store/mzpj046pv4qwy2xwkn3cjgjspavdcjkc-unit-sway-session.target.drv'...
copying path '/nix/store/wl44y9kgwgyyvmaaixkc01s4f8dnqrjg-alsa-ucm-conf-1.2.15.1' from 'https://cache.nixos.org'...
copying path '/nix/store/rlzc4qjmjvfdnimbvw7by8k5196rq77v-libasyncns-0.8' from 'https://cache.nixos.org'...
copying path '/nix/store/x8gpw5smgdyc4m8l8xxnr05bdwamr236-kmod-31-dev' from 'https://cache.nixos.org'...
copying path '/nix/store/m8qvzsybaxgibwvfqxcyb8k2yhyc8v4a-libb2-0.98.1' from 'https://cache.nixos.org'...
building '/nix/store/rd31crkh0fd80wk6k4zsp0ansdk9s019-unit-sysinit-reactivation.target.drv'...
building '/nix/store/l9zbjgs0s07q3bl5shjq2bixxnhcgjni-unit-system.slice.drv'...
building '/nix/store/s9y2yfawrra46ix4fpbj8k0nygrgvlx9-unit-systemd-journald-audit.socket.drv'...
building '/nix/store/klkarwn58z141wndna04hd96iig3a75b-unit-systemd-tmpfiles-clean.timer.drv'...
building '/nix/store/qi9kqypp74wllkywyq8a21crn8ygy9f6-unit-user.slice.drv'...
building '/nix/store/r3k4ij8f2m103ifshik4mk3g6xr7v595-unit-wireplumber.service-disabled.drv'...
building '/nix/store/ks5k9l77v4cx9kci6y1bhp27h26pwvkl-unit-xdg-autostart-if-no-desktop-manager.target.drv'...
copying path '/nix/store/i4k7xyvvp1p3jnpqy2lysfzla81a2aiv-exiv2-0.28.7' from 'https://cache.nixos.org'...
copying path '/nix/store/f8nvf7p00dw86sd3h2z7fp7xqhmrvf4p-libcap-2.77-lib' from 'https://cache.nixos.org'...
copying path '/nix/store/dlv50v62v4zm9ssjpl76q1s20rdv1wa9-libcap-2.77-lib' from 'https://cache.nixos.org'...
copying path '/nix/store/kp1lgixl1cfpgkxq6h0ir34qsjrpfb4j-libcap-2.77-doc' from 'https://cache.nixos.org'...
copying path '/nix/store/i2bkysfqsz63m2g1jr3l6d7rw8229zc4-libcap-2.77-man' from 'https://cache.nixos.org'...
copying path '/nix/store/79x341sy9nhg8g7901dcqdm3z32k4mra-libcap-ng-0.8.5' from 'https://cache.nixos.org'...
copying path '/nix/store/ybbn5x16dv4fl3axxjkvvizsy0p9glgy-libcbor-0.13.0' from 'https://cache.nixos.org'...
copying path '/nix/store/jppq1l9r8m01a0nj1v1a2yhm4jlphpr8-libcddb-1.3.2' from 'https://cache.nixos.org'...
copying path '/nix/store/3crq6g2srpq7gd02cjq601n1cb5im9gk-libcerf-3.2' from 'https://cache.nixos.org'...
copying path '/nix/store/cga3jlwjy2ly2vm1hk3f43lfy6pxik77-libcdio-2.3.0-lib' from 'https://cache.nixos.org'...
building '/nix/store/q9w0y7gcsml7biapi23icypq2958nciq-useradd.drv'...
building '/nix/store/bs5ksi7s0nlzvmmvy89in0675f174h9s-users-groups.json.drv'...
building '/nix/store/vx26p1mwbik0arban8qar9s7ihfvpzc6-vconsole.conf.drv'...
building '/nix/store/32w7sclssx30wrpinfc369q6srhpdpmi-xdg-desktop-portal-wlr.ini.drv'...
copying path '/nix/store/fz2gayy3kwjyzp66a3cxl826fqbzd5xz-bat-0.26.1' from 'https://cache.nixos.org'...
copying path '/nix/store/0sqzgrx46b70cdcivn4n9axhmbiq1whi-libbpf-1.6.2' from 'https://cache.nixos.org'...
copying path '/nix/store/ij05c25c11dissklsp3fiysb8kah7iq5-alsa-lib-1.2.15.1' from 'https://cache.nixos.org'...
copying path '/nix/store/gbsirn60531g8wnp3082s22aq11n5is3-libconfig-1.8' from 'https://cache.nixos.org'...
copying path '/nix/store/spn3a15bvk73rwj5h6p15db2qhamla7y-libdaemon-0.14' from 'https://cache.nixos.org'...
copying path '/nix/store/qn6dqvfh5ryw61ibv41v14p0dny24y3h-libdatrie-2019-12-20' from 'https://cache.nixos.org'...
copying path '/nix/store/lwihy5wz798cagh9yxxw9lydfbfa1ihw-libdatrie-2019-12-20-lib' from 'https://cache.nixos.org'...
copying path '/nix/store/shffjahwdwyl9g2n5j3d4fb7vhb3hnxg-libde265-1.0.16' from 'https://cache.nixos.org'...
copying path '/nix/store/slgxjm6vc103ddsywpnfr9ss2zzpm5ks-libdeflate-1.25' from 'https://cache.nixos.org'...
copying path '/nix/store/nm2pclpqv80c8628lvli9pmzjlqczhxs-libdisplay-info-0.2.0' from 'https://cache.nixos.org'...
copying path '/nix/store/cx3mp71jzyvqk1mfxghcsdycrhzfj8v1-audit-4.1.2-unstable-2025-09-06-lib' from 'https://cache.nixos.org'...
copying path '/nix/store/53d0082aizgwqvv3zf7qqh0gfzkzhy4k-iputils-20250605' from 'https://cache.nixos.org'...
copying path '/nix/store/w99nraa9jcw7wsbmmii7d79yz5229izp-libcap-2.77' from 'https://cache.nixos.org'...
copying path '/nix/store/49267ns3la0c1w1aybidbsmd7xlapq27-libcdio-paranoia-2.0.2' from 'https://cache.nixos.org'...
copying path '/nix/store/ljr6cxlr0r64diq75r0zny058iycv66r-libdisplay-info-0.3.0' from 'https://cache.nixos.org'...
copying path '/nix/store/gvwpldsaq9p76phf8lbfdmzkml147qwj-libdatrie-2019-12-20-bin' from 'https://cache.nixos.org'...
copying path '/nix/store/pzzhpr6srgmakw1jy8hn92zxjasx0jqz-libdmtx-0.7.8' from 'https://cache.nixos.org'...
copying path '/nix/store/7cwal9sajjhvw133ai8p65r1w2dipa7i-libdovi-3.3.1' from 'https://cache.nixos.org'...
copying path '/nix/store/zxg155bn1dfxwy7glbxdbrmdgdl56j18-libdvbpsi-1.3.3' from 'https://cache.nixos.org'...
copying path '/nix/store/qj09whmcl005kykfv030x2d9y40sz9ww-libdvdcss-1.4.3' from 'https://cache.nixos.org'...
copying path '/nix/store/pd8wyckyqvvlpdxplqi9pq1hvr4lazhw-libebml-1.4.5' from 'https://cache.nixos.org'...
copying path '/nix/store/3hdvz1r6a25bl7ims062ykqyx7p2c0mk-libebur128-1.2.6' from 'https://cache.nixos.org'...
copying path '/nix/store/47crwj8zckj6l1d4rgz3dk1mwqpym9is-alsa-lib-1.2.15.1-dev' from 'https://cache.nixos.org'...
copying path '/nix/store/liby248i9gyr1f67k5iy4mah22kd5fwc-libdatrie-2019-12-20-dev' from 'https://cache.nixos.org'...
copying path '/nix/store/dwl69lprim813i4v6dasi582ab4gznm4-libedit-20251016-3.1' from 'https://cache.nixos.org'...
copying path '/nix/store/irsw8ydv5gspkh9z94r38csx83ch23a4-libelf-0.8.13' from 'https://cache.nixos.org'...
copying path '/nix/store/ja17clqnyynfnapibily82i8xsnqkb2f-liberation-fonts-2.1.5' from 'https://cache.nixos.org'...
copying path '/nix/store/9dxykk10ci82p4rbalcj1plqm9cgc3yh-libev-4.33' from 'https://cache.nixos.org'...
copying path '/nix/store/78lxkmbl7kpayg0vy75y74khqnbyr6gn-libevdev-1.13.4' from 'https://cache.nixos.org'...
copying path '/nix/store/19qjr4mc27lkmkwhngab5icpbs70lqqp-libdvdread-7.0.1' from 'https://cache.nixos.org'...
copying path '/nix/store/1b05z3z1siix4zagbbjkx4dph5sfm9il-libevent-2.1.12' from 'https://cache.nixos.org'...
copying path '/nix/store/9na6lafa655yqxrbbrygkb9zy54swcr9-libexif-0.6.25' from 'https://cache.nixos.org'...
copying path '/nix/store/kp4j3zz6n72s20v636c3w85agj7c24s6-libffi-3.5.2-dev' from 'https://cache.nixos.org'...
copying path '/nix/store/7kr73jvamkcrl842qbv3p92mpq9fsr0r-libfontenc-1.1.8' from 'https://cache.nixos.org'...
copying path '/nix/store/1243w6swbdglf03xarz0rhwypa40a7gc-libfreeaptx-0.2.2' from 'https://cache.nixos.org'...
copying path '/nix/store/0zbvrgm89fq94c0y3f7vc461dqkv436d-libgcrypt-1.11.2' from 'https://cache.nixos.org'...
copying path '/nix/store/x9jqa2afhx1bwd8p32idimvpyvhcphiw-libgpg-error-1.55' from 'https://cache.nixos.org'...
copying path '/nix/store/99h5aqpq7i1wnrlpclja0l39i90wi65x-dash-0.5.13.1' from 'https://cache.nixos.org'...
copying path '/nix/store/91837gb92djfh64dp9jbwk8nv9jgnjlq-krb5-1.22.1' from 'https://cache.nixos.org'...
copying path '/nix/store/fz7n8s14kv5zbxqa31s8mq2w196y92ry-libhwy-1.0.7' from 'https://cache.nixos.org'...
copying path '/nix/store/zhbp6ijywh9knjz94l1w61f6k9wp9hnh-libice-1.1.2' from 'https://cache.nixos.org'...
copying path '/nix/store/x1c3dvg23hcfxs8r4283p95x4sqxr8as-libid3tag-0.16.3' from 'https://cache.nixos.org'...
copying path '/nix/store/qaw7almwmvvshwicbwyxldyhc7am82qp-libidn-1.43' from 'https://cache.nixos.org'...
copying path '/nix/store/2aja1ss2xyxavvax5d80clig8g2syhny-libdvdnav-6.1.1' from 'https://cache.nixos.org'...
copying path '/nix/store/mxh2pzpr35qy2zcdzj9pclp9kjhwprk5-libidn2-2.3.8-bin' from 'https://cache.nixos.org'...
copying path '/nix/store/qfz7c3xg0ps8h29a3414s80hsr8zf9h0-libilbc-3.0.4' from 'https://cache.nixos.org'...
copying path '/nix/store/dgsnwq1vpc5axqmh7w52ikmd79vy5bhd-libimagequant-4.4.1' from 'https://cache.nixos.org'...
copying path '/nix/store/0cdfypplpvbsqll2kp2kl418bjyfhjcz-libjpeg-turbo-3.1.3' from 'https://cache.nixos.org'...
copying path '/nix/store/hhcv40xa2rdi41dqgppb15gc5vgk3m7b-iceauth-1.0.10' from 'https://cache.nixos.org'...
copying path '/nix/store/zfr5gh7nk1jfdj11sxyxscqpk5i54qyg-libice-1.1.2-dev' from 'https://cache.nixos.org'...
copying path '/nix/store/43mckpy8zvgn2q6saf93r4hpykpaxzqz-liblc3-1.1.3' from 'https://cache.nixos.org'...
copying path '/nix/store/glijgp8kviglnbvk3zhrskzn7rqp4x92-libmad-0.15.1b' from 'https://cache.nixos.org'...
copying path '/nix/store/n2nrc6mijjlmw2kn966z11rgdlcq47y4-libidn2-2.3.8-dev' from 'https://cache.nixos.org'...
copying path '/nix/store/xxkq4krwgdzanqd9gihc4wkq7hv11ads-libassuan-3.0.2' from 'https://cache.nixos.org'...
copying path '/nix/store/36q2camlpkqkwcxm1r8dfxz7whavs5az-libgcrypt-1.11.2-lib' from 'https://cache.nixos.org'...
copying path '/nix/store/yy7mbbf9r39r4dp7kr0j2qkhnjl3hkm5-libgpg-error-1.55-dev' from 'https://cache.nixos.org'...
copying path '/nix/store/9iadf2abrkmj2x8whcwf9jif8w9a6pmx-krb5-1.22.1-dev' from 'https://cache.nixos.org'...
copying path '/nix/store/gjmp97xiqvb8ah7s8fgvcpvx65l40qid-libksba-1.6.7' from 'https://cache.nixos.org'...
copying path '/nix/store/arcnkfc0zzl0khyy7zil00i96sjb46sy-libmatroska-1.7.1' from 'https://cache.nixos.org'...
copying path '/nix/store/zr2sfyid2dgkq20zfpghz8kj5q2l42cj-libmd-1.1.0' from 'https://cache.nixos.org'...
copying path '/nix/store/hb6r20g9jzwgbrvzgf2lz52d7w5vh678-libmicrodns-0.2.0' from 'https://cache.nixos.org'...
copying path '/nix/store/04ilgqiky48barrmbkkwl12slv7mhjxf-libmnl-1.0.5' from 'https://cache.nixos.org'...
copying path '/nix/store/wsfd50fzk6h5kjqnabghbva86vaa87dy-libmodplug-0.8.9.0' from 'https://cache.nixos.org'...
copying path '/nix/store/x8dbnxqsy7nc1fhfmr5kpfqxpkwsc5gp-libmpdclient-2.24' from 'https://cache.nixos.org'...
copying path '/nix/store/9p6mb7zfw66a1rm61fw25a3qsgpmg08i-libmpg123-1.33.4' from 'https://cache.nixos.org'...
copying path '/nix/store/5qmmh2c12qn0s3njw0djj96f5ndd0242-libmysofa-1.3.3' from 'https://cache.nixos.org'...
copying path '/nix/store/hczxnyck6mcgkd1xx92lws4bfy6y2lp9-libbsd-0.12.2' from 'https://cache.nixos.org'...
copying path '/nix/store/qfhi1xm8yv6kgh5gxdyz4i9zxcmzysff-djvulibre-3.5.29-lib' from 'https://cache.nixos.org'...
copying path '/nix/store/w30wm0xg90zi78k8j3kqyaxp1qcp1g9d-libjpeg-turbo-3.1.3-bin' from 'https://cache.nixos.org'...
copying path '/nix/store/yydkc8mps3xfj3s1pw22cb7a1aql3614-libndctl-83-man' from 'https://cache.nixos.org'...
copying path '/nix/store/h0b5m4isps7v3bpyh3n9lqpgbl2glz3f-ethtool-6.15' from 'https://cache.nixos.org'...
copying path '/nix/store/yh23db0yp71ynz9cbmaw24k0jy095fb9-libndp-1.9' from 'https://cache.nixos.org'...
copying path '/nix/store/n5myds3wak82whgw435wy66sxzzfjb4a-libnfnetlink-1.0.2' from 'https://cache.nixos.org'...
copying path '/nix/store/azjj6f59171vahjcdl115bi0jzxj7b7d-libnfs-5.0.2' from 'https://cache.nixos.org'...
copying path '/nix/store/rb78vy0371nvwdycslz947vgffa926b4-libnftnl-1.3.1' from 'https://cache.nixos.org'...
copying path '/nix/store/vxb5wx3h7x3d89gy7s399p4dgjgmink8-libaacs-0.11.1' from 'https://cache.nixos.org'...
copying path '/nix/store/mhxjg7j57gdnhfix828saj08ypxhh9ji-libbdplus-0.2.0' from 'https://cache.nixos.org'...
copying path '/nix/store/2p5chc2gl9z0i3bwdc1qrnzpa7p839fg-libgcrypt-1.11.2-bin' from 'https://cache.nixos.org'...
copying path '/nix/store/jiil67cnb7hmhnx7l63z4y6kd6ka5hhg-libnetfilter_conntrack-1.1.0' from 'https://cache.nixos.org'...
copying path '/nix/store/nd8rvh0y0a9vhsjv34qc5zn8fixq562d-libnl-3.12.0' from 'https://cache.nixos.org'...
copying path '/nix/store/zvgzs9fz5bsc8qlxpnw4q4d3c0lb5ibh-libjpeg-turbo-3.1.3-dev' from 'https://cache.nixos.org'...
copying path '/nix/store/nri9ggicb8ffkhyayvqv22m0gvyk9yr7-libnvme-1.15' from 'https://cache.nixos.org'...
copying path '/nix/store/y9vcf13g4dsnwkv0vf1pm4hlryzpnr3p-libogg-1.3.6' from 'https://cache.nixos.org'...
copying path '/nix/store/2nv593b676rfgbk0vqmpbwiw3xnm4qfw-libopus-1.5.2' from 'https://cache.nixos.org'...
copying path '/nix/store/g3gqz0256myc96b405q56q14l0897y61-libpaper-1.1.29' from 'https://cache.nixos.org'...
copying path '/nix/store/jq9x20k78mv0flq6czs3hvzsidzkd49q-libpciaccess-0.18.1' from 'https://cache.nixos.org'...
copying path '/nix/store/v9q1knsh2c7lkmx4kd7fjbk9wxwz1sny-libgcrypt-1.11.2-dev' from 'https://cache.nixos.org'...
copying path '/nix/store/phka4ql2wvbwby77xl4jwy22zy5laixm-libpipeline-1.5.8' from 'https://cache.nixos.org'...
copying path '/nix/store/h2pjps5frrcgcksgsjamxxq2ccfzwc8y-iptables-1.8.11-lib' from 'https://cache.nixos.org'...
copying path '/nix/store/ry25xhd8885rfkvwysrarkm9pq5zh2cj-libplist-2.7.0' from 'https://cache.nixos.org'...
copying path '/nix/store/0ii8r7hkb7gwinqpx3pgraaanrr34mc9-libpng-1.6.53' from 'https://cache.nixos.org'...
copying path '/nix/store/2sxzsi57ps8m5sz3119mqbjk40fdcxk9-libpng-apng-1.6.53' from 'https://cache.nixos.org'...
copying path '/nix/store/7haj2hrhmaby5nhi9hza78h2syn44jhi-libpq-18.1' from 'https://cache.nixos.org'...
copying path '/nix/store/kr3xk9kcq6b72c892yhy0p0m257fqz22-celt-0.11.3' from 'https://cache.nixos.org'...
copying path '/nix/store/aiq4flp4ip4kby245wl0shi6c1mim9xa-flac-1.5.0' from 'https://cache.nixos.org'...
copying path '/nix/store/m8dr5j7m0qnvrgw3vgx9nrvbk5f7hmcw-libpsl-0.21.5-dev' from 'https://cache.nixos.org'...
copying path '/nix/store/idy0rpm8ap161vc9ipmmdrsqmgr0krsp-libraw-0.21.5b-lib' from 'https://cache.nixos.org'...
copying path '/nix/store/ibmksxcskm802fk7dj03m90y4mx385hq-libdrm-2.4.131' from 'https://cache.nixos.org'...
copying path '/nix/store/y8m4sr6gn5alx87wgkrxkmyq7q39zpi8-libraw1394-2.1.2' from 'https://cache.nixos.org'...
copying path '/nix/store/j6qjpvi5r6jc6b8r6nnj4785npxyvcd7-libreelec-dvb-firmware-1.5.0-zstd' from 'https://cache.nixos.org'...
copying path '/nix/store/j0bn0lp3dlhsa6gsbfmny4waj4g63hjc-libpcap-1.10.6-lib' from 'https://cache.nixos.org'...
copying path '/nix/store/x03afgp2cbxb6xmxs3i716wfq7zbgfdn-libressl-4.2.1' from 'https://cache.nixos.org'...
copying path '/nix/store/a4slaj05ph1m0vdb9vsw16mc24za8n4d-libressl-4.2.1-man' from 'https://cache.nixos.org'...
copying path '/nix/store/37k61j6v4r76fp8wqiilf36dlsrfvhp4-libsamplerate-0.2.2' from 'https://cache.nixos.org'...
copying path '/nix/store/mhp8ygbzzvsp1a9z3r1i1dw0gkyys86z-libavc1394-0.5.4' from 'https://cache.nixos.org'...
copying path '/nix/store/2244pw87p31ripnl80wmad5li6fws6a6-libdc1394-2.2.7' from 'https://cache.nixos.org'...
copying path '/nix/store/03zhyyfwhc4c6nqglk73xvjm7n1qk46a-libiec61883-1.2.0' from 'https://cache.nixos.org'...
copying path '/nix/store/q9cay43vy7dna53jsf2mqr1ylb8pa25k-iproute2-6.18.0' from 'https://cache.nixos.org'...
copying path '/nix/store/plyw8ppzic9pwdjsviadh72vly2clmf7-aribb24-1.0.4' from 'https://cache.nixos.org'...
copying path '/nix/store/mjj7524kagv013g0kh0wbw0da62yfr1i-freetype-2.13.3' from 'https://cache.nixos.org'...
copying path '/nix/store/1514q2pw6fxdsgvvvl7zq6l2wxzd6r3b-libimobiledevice-glue-1.3.2' from 'https://cache.nixos.org'...
copying path '/nix/store/a0hhxn9dx6bv1b2g9w15xw0s5bl19nny-libkate-0.4.3' from 'https://cache.nixos.org'...
copying path '/nix/store/hn6qyh7khbs3ms7fsqzq3d4zk6h69p0w-libdrm-2.4.131-bin' from 'https://cache.nixos.org'...
copying path '/nix/store/j2vc7wc1d36vg70x56ifmm27s4zx2m86-libliftoff-0.5.0' from 'https://cache.nixos.org'...
copying path '/nix/store/a24z63wmyf47zsmwym3jvpg3p6namz1c-libraw-0.21.5b' from 'https://cache.nixos.org'...
copying path '/nix/store/h4qwa74a377wj4xgglkg6wjiwf72ab9z-libselinux-3.8.1' from 'https://cache.nixos.org'...
copying path '/nix/store/vppbigc2v7ly82zascy99h912khrmgqi-iptables-1.8.11' from 'https://cache.nixos.org'...
copying path '/nix/store/33b3bi8wys6p4rk1bwl3adap03v1c0zi-libpcap-1.10.6' from 'https://cache.nixos.org'...
copying path '/nix/store/79bfs8nd21s9wri8n85k0j91rjzb79a8-libsepol-3.8.1' from 'https://cache.nixos.org'...
copying path '/nix/store/xmmk0w433rqriyhi9vgjy0hhgb80n5zl-libsigc++-2.12.1' from 'https://cache.nixos.org'...
copying path '/nix/store/6d2vp3lyl57axahrjraq0b6rn4if03hy-libsixel-1.10.5' from 'https://cache.nixos.org'...
copying path '/nix/store/vn9s6c5x1glcsf7mc6jyigbv1yyc18hw-libsm-1.2.6' from 'https://cache.nixos.org'...
copying path '/nix/store/1hj17j5wchcgybd0654xk32806f7188p-libdrm-2.4.131-dev' from 'https://cache.nixos.org'...
copying path '/nix/store/d4sv05bzc3shw7wzsajia2a5aw27a2wk-libsrtp-2.7.0' from 'https://cache.nixos.org'...
copying path '/nix/store/174jczsnkq2hyjy330chzpy519pis4jw-libssh-0.11.3' from 'https://cache.nixos.org'...
copying path '/nix/store/cmpddlfv1l4g1y77z7g8pxmdhsqjz0w1-fontconfig-2.17.1-lib' from 'https://cache.nixos.org'...
copying path '/nix/store/n17al8mklxgzp888406yyfi2wqf49bam-libressl-4.2.1-nc' from 'https://cache.nixos.org'...
copying path '/nix/store/dqzmpjz70l4lzg7lmc3x8wih74nh5bpc-bubblewrap-0.11.0' from 'https://cache.nixos.org'...
copying path '/nix/store/fgzpllmvbk3l258j0f3ib7k44lksbqnp-glib-2.86.3' from 'https://cache.nixos.org'...
copying path '/nix/store/d2xd3ppj6prrcq7smpwvgiv4g569wgrz-libsysprof-capture-49.0' from 'https://cache.nixos.org'...
copying path '/nix/store/f61qjpshnnf19zm9k7kakjwbrxzbswfn-libtasn1-4.21.0' from 'https://cache.nixos.org'...
copying path '/nix/store/i8cr8xqxk9cn5fiwqp35qskbpnraic16-libsm-1.2.6-dev' from 'https://cache.nixos.org'...
copying path '/nix/store/rgfp8807flkid4ra2fwbhiyqrmcj88jd-libtatsu-1.0.5' from 'https://cache.nixos.org'...
copying path '/nix/store/7phx3gnhhj8cy74n90m43h2wnj7hydj4-libthai-0.1.30' from 'https://cache.nixos.org'...
copying path '/nix/store/7zv7wj22cbp995svj88kjgjg1ydml448-libtheora-1.2.0' from 'https://cache.nixos.org'...
copying path '/nix/store/84ldxjk8a0q6fbwsdhxn1wr65v4qkxxj-libtirpc-1.3.7' from 'https://cache.nixos.org'...
copying path '/nix/store/0nc1q44gyj78xphy17g10wblypjdr95j-libselinux-3.8.1-bin' from 'https://cache.nixos.org'...
copying path '/nix/store/rx01fgaq23nhh1fvc0ja418ijy527k0r-libsepol-3.8.1-bin' from 'https://cache.nixos.org'...
copying path '/nix/store/qi8iv9hawjpnjm2fdpa79lpbqiz6y82x-libtool-2.5.4-lib' from 'https://cache.nixos.org'...
copying path '/nix/store/pg31dfg86flb66k0qk0a5wf0wwhqznnb-libtpms-0.10.2' from 'https://cache.nixos.org'...
copying path '/nix/store/x8s54s8s3d2cyhrixjwa1qbwd2nlq1v3-libtraceevent-1.8.7' from 'https://cache.nixos.org'...
copying path '/nix/store/0qyz90f56q4djqlarn2wmxx723giyirl-libunistring-1.4.1' from 'https://cache.nixos.org'...
copying path '/nix/store/dgj92a5lpx6hgv70wgiz3zhhnrq4fajy-libunwind-1.8.3' from 'https://cache.nixos.org'...
copying path '/nix/store/0pxcisqlic5cqivy0ysx37v73x957wl7-libupnp-1.14.25' from 'https://cache.nixos.org'...
copying path '/nix/store/y20r6hlgfv26dpm016k6rmf6c8rnmzfl-fontconfig-2.17.1-bin' from 'https://cache.nixos.org'...
copying path '/nix/store/8vxhhz6p33yiywx129q1hj0h5wzlrp9m-libaribcaption-1.1.1' from 'https://cache.nixos.org'...
copying path '/nix/store/hbgjdq9bcfs4ndwfwa5239lqy8b2hbg5-libbluray-1.4.0' from 'https://cache.nixos.org'...
copying path '/nix/store/mdq40zvpzki3nvcbgvwh8b3jxb45li77-libsepol-3.8.1-dev' from 'https://cache.nixos.org'...
copying path '/nix/store/rihir0rqhzsbafhmc3v429s5ipqf46wd-liburcu-0.15.5' from 'https://cache.nixos.org'...
copying path '/nix/store/jygryfi2mp7n9bkk0jmgsldi1awi60nc-libthai-0.1.30-dev' from 'https://cache.nixos.org'...
copying path '/nix/store/1si9k0gyf537hk13i1b4pdv11h0agzkr-gperftools-2.17.2' from 'https://cache.nixos.org'...
copying path '/nix/store/vqz7nxgmq6lgninmcpa9wddhdsgjixdj-liburing-2.13' from 'https://cache.nixos.org'...
copying path '/nix/store/phccqjzmp239zpcq9dvw59sb8vyd773w-libselinux-3.8.1-dev' from 'https://cache.nixos.org'...
copying path '/nix/store/8bn4v1ga7adj7fl44flnsq2qmz3hh024-libtirpc-1.3.7-dev' from 'https://cache.nixos.org'...
copying path '/nix/store/yq1xkggqmlww11rwh4dk3ghvsx0mr8sz-libusbmuxd-2.1.1' from 'https://cache.nixos.org'...
copying path '/nix/store/m137iy2jflqrwxagkbnzbidldvbawkdk-libtracefs-1.8.3' from 'https://cache.nixos.org'...
copying path '/nix/store/w3qfzg27787yh9cqw9yx2pqdrnxsw5lw-libutempter-1.2.1' from 'https://cache.nixos.org'...
copying path '/nix/store/qhkzdrcm0y2jpaxf8njgmw9nxb1fk32r-liburcu-0.15.5-dev' from 'https://cache.nixos.org'...
copying path '/nix/store/y890wk5v7h4dzfs69jycv3fj0fx5y9i5-libuv-1.51.0' from 'https://cache.nixos.org'...
copying path '/nix/store/c3lds6a8c0393w4s78fjayzj4c7yb766-libva-minimal-2.23.0' from 'https://cache.nixos.org'...
copying path '/nix/store/d2lx32d1w9b5x984zswcyxjck3cv0xzj-libvmaf-3.0.0' from 'https://cache.nixos.org'...
copying path '/nix/store/p33jg1fvhawp96jbl5v88cic721pbi94-libidn2-2.3.8' from 'https://cache.nixos.org'...
copying path '/nix/store/g5bggq1qshkrmni0vjjd4ihgd4hfm848-libvorbis-1.3.7' from 'https://cache.nixos.org'...
copying path '/nix/store/zl04wz0558z4x63kl0zvwcqgq427f6y1-libvpl-2.16.0' from 'https://cache.nixos.org'...
copying path '/nix/store/76hfvscyq4dywyh5xd2927svdm2vmbb1-libvpx-1.15.2' from 'https://cache.nixos.org'...
copying path '/nix/store/chqgdbzpa05cai3spap6l8iz948vnzf2-libwebp-1.6.0' from 'https://cache.nixos.org'...
copying path '/nix/store/za4789c4cm4nnjp26b0nnhxn3r59n2r8-libimobiledevice-1.4.0' from 'https://cache.nixos.org'...
copying path '/nix/store/lyzx1sjycvj94jni888r1hcywglz4g17-libxau-1.0.12' from 'https://cache.nixos.org'...
copying path '/nix/store/bjzcn2mi0vi0wpn5hpn213vfqhyd3yng-libxcrypt-4.5.2' from 'https://cache.nixos.org'...
copying path '/nix/store/q6x7h79p5dr3scj5ma7r8dqzqnsxdskd-bluez-tools-0-unstable-2020-10-24' from 'https://cache.nixos.org'...
copying path '/nix/store/7nz2p2qa1p0qaqfjzzw7yqnkif8pfdhd-chafa-1.18.0' from 'https://cache.nixos.org'...
copying path '/nix/store/y6g997yn1jkg03lb9j2y5gih7ljxkg5s-dconf-0.49.0-lib' from 'https://cache.nixos.org'...
copying path '/nix/store/d9hjfjlihn290npa1af451rhyaji982b-desktop-file-utils-0.28' from 'https://cache.nixos.org'...
copying path '/nix/store/flz261l810xa8w6narg9p9nggx4lrv3x-glib-2.86.3-bin' from 'https://cache.nixos.org'...
copying path '/nix/store/4cmy36557sddvvjbdqa7ynwl0jh4xs98-glibmm-2.66.8' from 'https://cache.nixos.org'...
copying path '/nix/store/shs7lb1n1d7d1jb9cdlqsgpjxdgr83av-graphene-1.10.8' from 'https://cache.nixos.org'...
copying path '/nix/store/mci7fmm4knhi78y79lhpd95sxdpqmiv4-gstreamer-1.26.5' from 'https://cache.nixos.org'...
copying path '/nix/store/vcxhs9a9ywm72vcxci2rfjgrmqw32mdl-harfbuzz-12.3.0' from 'https://cache.nixos.org'...
copying path '/nix/store/fpg44ywlmgfrq572v55ajp6x3nfw7phw-json-glib-1.10.8' from 'https://cache.nixos.org'...
copying path '/nix/store/i9sy9npsfpk9fh4qngkz01qhjjhdz7n6-dconf-0.49.0' from 'https://cache.nixos.org'...
copying path '/nix/store/rirdy58wjr9c6bc773sxa063fr6vyhw8-cyrus-sasl-2.1.28' from 'https://cache.nixos.org'...
building '/nix/store/n4ar7fjf0gc1v91kk3mp091nsjsffnsv-com.cloudflare.WarpCli.desktop.drv'...
building '/nix/store/hm8g2fn1hhra8zmp07g6m1dzd94g78x5-nixos-manual.desktop.drv'...
building '/nix/store/h2s4aqbn5yjxcmcvyyqrpcjkvzp2azwl-obsidian.desktop.drv'...
building '/nix/store/d0bx7r66mkh4p3m9vydscww8q6sq98rx-zen-twilight.desktop.drv'...
building '/nix/store/x9aibp35khywcp1ffdxnfna02s3lfybi-zen-twilight.desktop.drv'...
copying path '/nix/store/z3f2qnv04ps755y2nyqlhk3k9i9k068f-liblqr-1-0.4.2' from 'https://cache.nixos.org'...
copying path '/nix/store/lbqkpfdwlsa416grb3prnqnf6fvn8bsd-libaom-3.12.1' from 'https://cache.nixos.org'...
copying path '/nix/store/hhcflqka0v80c3m1vpa97zywvf9nl7gg-libical-3.0.20' from 'https://cache.nixos.org'...
copying path '/nix/store/vrkf12h9s9yhdrg52c5f9hng3nalbp9k-libaccounts-glib-1.27' from 'https://cache.nixos.org'...
copying path '/nix/store/p624vayy2b2cf6dfaj4v3fp7sf0dpiwc-libluv-1.51.0-1' from 'https://cache.nixos.org'...
copying path '/nix/store/5yjy4r3ckjlrjaxa1dsczrmnxzfn29bl-libproxy-0.5.11' from 'https://cache.nixos.org'...
copying path '/nix/store/k3qzcrc912aifmh04h151x5x99plmja1-libqrtr-glib-1.2.2' from 'https://cache.nixos.org'...
copying path '/nix/store/zrc3x0hnm1ncc7jxhy6i2xa4xm0mj15c-libsecret-0.21.7' from 'https://cache.nixos.org'...
copying path '/nix/store/57yhscmnjr9bc9w6fkk4ww1vsbzhbwld-libmbim-1.32.0' from 'https://cache.nixos.org'...
copying path '/nix/store/79sd39gd5avydc5hp0alvmi75g9wavbi-libsndfile-1.2.2' from 'https://cache.nixos.org'...
copying path '/nix/store/n682fxjlxs3a44w5lc1bphq2xk3zjhcz-libsoup-3.6.5' from 'https://cache.nixos.org'...
copying path '/nix/store/ygn5gy4adsyxqmbf0h2d9830p3jbfj5c-libtiff-4.7.1' from 'https://cache.nixos.org'...
copying path '/nix/store/0pxl3sgz8igwks4rmq3gnidi3hfwdcgs-libuv-1.51.0-dev' from 'https://cache.nixos.org'...
copying path '/nix/store/1084csjr0mv6as38slfk2k6cbnm062vp-gstreamer-1.26.5-bin' from 'https://cache.nixos.org'...
copying path '/nix/store/x5ydpx2a4pcgzl5y0qklvr3znkdc3ab2-harfbuzz-12.3.0-dev' from 'https://cache.nixos.org'...
copying path '/nix/store/b1rivq63ycvix89s4gk0zxkrmhw32405-libass-0.17.4' from 'https://cache.nixos.org'...
copying path '/nix/store/51h4spfn0w8gxkl65lf6r35dkqr2igzi-libproxy-0.5.11-dev' from 'https://cache.nixos.org'...
copying path '/nix/store/dx0dxfn5pp8wkgi5j8gd8kanlhs20072-libraqm-0.10.3' from 'https://cache.nixos.org'...
copying path '/nix/store/13lj4jack7wlvrfdzngj99ld1hx08rd7-libaccounts-glib-1.27-dev' from 'https://cache.nixos.org'...
copying path '/nix/store/sb6lymddlcm5m2wvcqjqpp3gcss7hvv5-libxcvt-0.1.3' from 'https://cache.nixos.org'...
copying path '/nix/store/zynxxzvp6pjbvhdyynj2my0c25djarpb-libxdmcp-1.1.5' from 'https://cache.nixos.org'...
copying path '/nix/store/djl7sz47g531x7vhwjppq7jhsggx7icn-libxfce4util-4.20.1' from 'https://cache.nixos.org'...
copying path '/nix/store/f88dc5lknwk49ax0sghh9yci6459cvxi-libxfont_2-2.0.7' from 'https://cache.nixos.org'...
copying path '/nix/store/ndcjm9pj9iaylf4i576jschqz7xc1406-libxml++-3.2.5' from 'https://cache.nixos.org'...
copying path '/nix/store/r40kqrp7ghjypfc0p9kjwgb14mxmjciw-libxml2-2.15.1-bin' from 'https://cache.nixos.org'...
copying path '/nix/store/rwmk7acryy7mlnbc9i6hcjzz6i7ifcva-libxmlb-0.3.24-lib' from 'https://cache.nixos.org'...
copying path '/nix/store/1568fvgk5p7399s09wahbskc23ncslyk-libbs2b-3.1.0' from 'https://cache.nixos.org'...
copying path '/nix/store/r3bwqglvb1419nfgb1h2r1q51zs85l28-libxshmfence-1.3.3' from 'https://cache.nixos.org'...
copying path '/nix/store/xalcq9nknyj05ylzg5xss54z825sbfv0-libxslt-1.1.45' from 'https://cache.nixos.org'...
copying path '/nix/store/0s3m1rr713h04x5spxs31qvp8ribkjv5-libyaml-0.2.5' from 'https://cache.nixos.org'...
copying path '/nix/store/j3yfahc9m55y2jvz8hy1smr5kl942mxn-gssdp-1.6.4' from 'https://cache.nixos.org'...
copying path '/nix/store/l6wgjlcknjl6zgrxmlfs2sibz14imy68-djvulibre-3.5.29-bin' from 'https://cache.nixos.org'...
copying path '/nix/store/izs6bs8fflbyg7djv7p1c753jyinxvx3-gdk-pixbuf-2.44.4' from 'https://cache.nixos.org'...
copying path '/nix/store/y6qyvk294snh08h83v07k2925idslzx0-lcms2-2.17-bin' from 'https://cache.nixos.org'...
copying path '/nix/store/bcs0pb3yys5s8m9n1adsiqnhqi0ykwns-librest-0.10.2' from 'https://cache.nixos.org'...
copying path '/nix/store/fb0ba2fzpmiyjhaqgqsg58mx969lsd9k-libtiff-4.7.1-bin' from 'https://cache.nixos.org'...
copying path '/nix/store/cqa5y7jmlaby9hz2khcpryv2z27n2wri-libwebp-1.6.0' from 'https://cache.nixos.org'...
copying path '/nix/store/wi2ryivmdlgfh7r2hmsj70r5dnrrw5bc-libxcb-1.17.0' from 'https://cache.nixos.org'...
copying path '/nix/store/9kbixh2s689yky3hzil5l1kni1gqdld9-libxdmcp-1.1.5-dev' from 'https://cache.nixos.org'...
copying path '/nix/store/34xny0dzfbjkyrq1wsmm1k35fqsxms0i-liblouis-3.33.0' from 'https://cache.nixos.org'...
copying path '/nix/store/v2hrg903qxggdzm9l62a9nxj0l8wismi-gupnp-1.6.9' from 'https://cache.nixos.org'...
copying path '/nix/store/yl9p47yg3qzw1xf9b3pnfav0mgy1qik9-libxml2-2.15.1-dev' from 'https://cache.nixos.org'...
copying path '/nix/store/w1ibaawl9nq9p5xra08sggrh8gk0wrmb-libyuv-1908' from 'https://cache.nixos.org'...
copying path '/nix/store/wv856kzc3scxrhyq6dablzmv010l6pmr-ffado-2.4.9' from 'https://cache.nixos.org'...
copying path '/nix/store/ds3jdw0wfch5jja194hszcmw3z60rfkj-libzip-1.11.4' from 'https://cache.nixos.org'...
copying path '/nix/store/74khgcfql3m2mpa6wyikma7b7idsaz0w-lcms2-2.17-dev' from 'https://cache.nixos.org'...
copying path '/nix/store/sivywi1q0m63mc8qbrhxm855acv6k52x-lidEvent.sh' from 'https://cache.nixos.org'...
copying path '/nix/store/b7873x4ixrc83ncwq6ib28byafx96yhn-link-units' from 'https://cache.nixos.org'...
copying path '/nix/store/a245z3cvf9x9sn0xlk6k8j9xhxbhda1z-gcc-wrapper-15.2.0' from 'https://cache.nixos.org'...
copying path '/nix/store/ap2hh8x4qm3cfvh2ain8ygl31w453pah-libxslt-1.1.45-bin' from 'https://cache.nixos.org'...
copying path '/nix/store/1r1a1qsm40dmlrj0zfv1lx8q0s65g3dz-djvulibre-3.5.29-dev' from 'https://cache.nixos.org'...
copying path '/nix/store/l0fkq0s0i5m9m2rcs88ap552w7ridzjv-linux-6.12.67-modules' from 'https://cache.nixos.org'...
copying path '/nix/store/va7aw688kh63rssi5xq7wkcy23m0vrrj-libtiff-4.7.1-dev' from 'https://cache.nixos.org'...
copying path '/nix/store/ds3ypimdvx33rbacx2xbjm05wivihmq6-libraw-0.21.5b-dev' from 'https://cache.nixos.org'...
copying path '/nix/store/xgdl4gzjzwj7ixs83f17sqppd08lfd03-libnotify-0.8.7' from 'https://cache.nixos.org'...
copying path '/nix/store/xdydyzp6w5jzgy1gmx80xx66yr0xwan0-linux-firmware-20260110-zstd' from 'https://cache.nixos.org'...
copying path '/nix/store/ygaww7hicgfih983g58bp1ad3j4j6xc9-cargo-build-hook.sh' from 'https://cache.nixos.org'...
copying path '/nix/store/1gi4iwlg313jn12ar7da3l3w4cv3v12v-cargo-check-hook.sh' from 'https://cache.nixos.org'...
copying path '/nix/store/30prgsx2yxvb8sdsgdjn6xjylcs1582d-cargo-setup-hook.sh' from 'https://cache.nixos.org'...
copying path '/nix/store/0iwk3dvbzgdhd05zxys60n0ba413kcxn-libx11-1.8.12' from 'https://cache.nixos.org'...
copying path '/nix/store/c0y43y3j2k567226zvqfg0wha3x7kfcr-gupnp-igd-1.6.0' from 'https://cache.nixos.org'...
copying path '/nix/store/p5njybaid5r8bzxg7h720icgf4jx105z-libxcb-1.17.0-dev' from 'https://cache.nixos.org'...
copying path '/nix/store/1cg2qw5xaffnfpjx5bx94d7g3wkbbxz5-libxcb-errors-1.0.1' from 'https://cache.nixos.org'...
copying path '/nix/store/04rr86jbw425afv9fv8xjq13x80rh2cl-libxcb-keysyms-0.4.1' from 'https://cache.nixos.org'...
copying path '/nix/store/0dn9zfdphz0xrj24dj0n600d0x4dwyq4-ebook-tools-0.2.2' from 'https://cache.nixos.org'...
copying path '/nix/store/akyk771cdl3vfmr1cmyzxv807xq71c21-libavif-1.3.0' from 'https://cache.nixos.org'...
copying path '/nix/store/qhg924g67i4mcw1b0whb9bbnb09scrbh-libxcb-render-util-0.3.10' from 'https://cache.nixos.org'...
copying path '/nix/store/kb2hbbfaj17lbzirbdx8h3hyd3iffaqn-libxcb-util-0.4.1' from 'https://cache.nixos.org'...
copying path '/nix/store/ka9r4xg91k3sqid596bw18zm68jhmm4r-libxcb-wm-0.4.2' from 'https://cache.nixos.org'...
copying path '/nix/store/bdbibvpvliswxvffbkjvzg9y4p7dmb7b-libxslt-1.1.45-dev' from 'https://cache.nixos.org'...
copying path '/nix/store/gjr38d6i6xijr7aqvf0d137zc98cyxnj-linux-headers-6.18' from 'https://cache.nixos.org'...
copying path '/nix/store/slsww592mlpw8vzf72q53xpdjms7vjbv-linux-headers-static-6.18' from 'https://cache.nixos.org'...
copying path '/nix/store/d0wazi2llm1yk53fi8il4yqxvyib6j4f-linux-pam-1.7.1-doc' from 'https://cache.nixos.org'...
copying path '/nix/store/v3k6hlxf03wwx4wqqv7c668g8qfvfiwk-linux-pam-1.7.1-man' from 'https://cache.nixos.org'...
copying path '/nix/store/5y9iqhgc79gjjnk2pw7yyrs8qwdm52bs-lksctp-tools-1.0.21' from 'https://cache.nixos.org'...
copying path '/nix/store/mfsjcsi2p23zkcd58g003binzmak18vx-llhttp-9.3.0-dev' from 'https://cache.nixos.org'...
copying path '/nix/store/apf2d7f948m7qch6vnk6i3rhrky0pd9v-llvm-21.1.8-lib' from 'https://cache.nixos.org'...
copying path '/nix/store/q53407k1jnj2w0x4xrpwlxs22g20z817-libxcb-image-0.4.1' from 'https://cache.nixos.org'...
copying path '/nix/store/wndcqsybcbfps5mmcvcaq8jc9c0csk6f-lm-sensors-3.6.2' from 'https://cache.nixos.org'...
copying path '/nix/store/rpzbrvasfx9wn9aj4jd2q7rdwwz7l8si-lmdb-0.9.33' from 'https://cache.nixos.org'...
copying path '/nix/store/fy66iykfip5jvwn05wx45lnam9qx9qna-lndir-1.0.5' from 'https://cache.nixos.org'...
copying path '/nix/store/9vk5ydnbimzxkkj76iins6a0clrkc3j1-libcaca-0.99.beta20' from 'https://cache.nixos.org'...
copying path '/nix/store/x4x464s9r06bd6x4lssj3cm6jncd2h3z-libstartup-notification-0.12' from 'https://cache.nixos.org'...
copying path '/nix/store/6pyn0mj85ymmvhaawriv53yfr4x8335n-libxcb-keysyms-0.4.1-dev' from 'https://cache.nixos.org'...
copying path '/nix/store/r1m0ciwx8dph3jb98kdcsxaqfr5c00d1-libxcb-render-util-0.3.10-dev' from 'https://cache.nixos.org'...
copying path '/nix/store/j4l5xx75f70y46ig824xr4qb947fc4fs-libxcb-cursor-0.1.6' from 'https://cache.nixos.org'...
copying path '/nix/store/21b4k3ljdi173l114iwlj5dzz7vgizfs-libxcb-image-0.4.1-dev' from 'https://cache.nixos.org'...
copying path '/nix/store/gyq4kbip480jrfz7pdjrhkd40wfkhmb1-libxcb-util-0.4.1-dev' from 'https://cache.nixos.org'...
copying path '/nix/store/n5n86vi5q9ibnd92hpd5gaym535xnsav-libxcb-wm-0.4.2-dev' from 'https://cache.nixos.org'...
building '/nix/store/wjs3ri2gw1kz71yjbzp1h2sb4ymdlh5i-fira-4.301.drv'...
copying path '/nix/store/56n8all0668rxns0pcszrdz44cx7wsgn-libxext-1.3.6' from 'https://cache.nixos.org'...
copying path '/nix/store/sk07aw3nnfhgh77cwk7824y99kpdhdik-libxfixes-6.0.2' from 'https://cache.nixos.org'...
copying path '/nix/store/brmdgxgr1j4l92smf07ay1af9x17pvvy-libxcomposite-0.4.6' from 'https://cache.nixos.org'...
copying path '/nix/store/f40d2s3spxhq8wdd8k5ykgxyy573n593-libxkbfile-1.1.3' from 'https://cache.nixos.org'...
copying path '/nix/store/4hm802941g9kl9w49wgf06yf504d8ja1-libxrender-0.9.12' from 'https://cache.nixos.org'...
copying path '/nix/store/x9k9pdq1z5bcysw0ljl9znis5y3i1vcn-libxt-1.3.1' from 'https://cache.nixos.org'...
copying path '/nix/store/f37kxq0m4jql2cdg9473h32q9aqhp7b5-libxcb-cursor-0.1.6-dev' from 'https://cache.nixos.org'...
copying path '/nix/store/i06ja930wan5sh0z71zr9n1i2dgfxwpj-lsof-4.99.5' from 'https://cache.nixos.org'...
copying path '/nix/store/g9lk8qbkz4r41rsmq3lkikzi6m0sd3q3-lttng-ust-2.14.0-bin' from 'https://cache.nixos.org'...
copying path '/nix/store/fpr8wksh9mx77qmyp1dmhna1df5b0ipz-lua-5.2.4' from 'https://cache.nixos.org'...
copying path '/nix/store/zfhlib8ny0gi1b00ncw16d41jr88a5ps-lua-5.4.7' from 'https://cache.nixos.org'...
copying path '/nix/store/nv3ygzpkcpbq6dlbpvi6w1m3zpzp929q-lua-language-server-3.17.1' from 'https://cache.nixos.org'...
copying path '/nix/store/bafh2k71bs9ls9vjzkkvpzfzilqqis8c-libglvnd-1.7.0' from 'https://cache.nixos.org'...
copying path '/nix/store/r1jbsxmfyfj9d21qmgry2ckc7m15f8js-libvdpau-1.5' from 'https://cache.nixos.org'...
copying path '/nix/store/7li7v2a2ny1b84avw8wzcsbcgmabfnqr-libxcursor-1.2.3' from 'https://cache.nixos.org'...
copying path '/nix/store/szvs897gk3a6pvv02hbpf6ixx2c4lv5l-libxdamage-1.1.6' from 'https://cache.nixos.org'...
copying path '/nix/store/wqgqkakj6zz8z2xkqc546b5qj1nrhmjs-libxfixes-6.0.2-dev' from 'https://cache.nixos.org'...
copying path '/nix/store/5s2kpq5js76572jk0ccq7m4mvz5dmdcf-libxft-2.3.9' from 'https://cache.nixos.org'...
copying path '/nix/store/2jpi8ynpyjya1agxgc0d4bj1cy1q6gv5-libxi-1.8.2' from 'https://cache.nixos.org'...
copying path '/nix/store/dyvkanh9lqlxa6zr94w8z91yp5lsas2k-libxinerama-1.1.5' from 'https://cache.nixos.org'...
copying path '/nix/store/64c50fvn61nfnz21gjh81qq216nacbgr-libxrandr-1.5.4' from 'https://cache.nixos.org'...
copying path '/nix/store/026ikgdmawn5rm64s99b8jfaqrhd5i53-libxres-1.2.3' from 'https://cache.nixos.org'...
copying path '/nix/store/vbm53pq6cscfh01ivv19if6r3ccj9bvi-libxkbfile-1.1.3-dev' from 'https://cache.nixos.org'...
copying path '/nix/store/1zph9n1dgiv9i5xybz3yw8np29yzd05w-libxcursor-1.2.3-dev' from 'https://cache.nixos.org'...
copying path '/nix/store/r832klrwafydf79lhy4yzf4bpmlbpzk8-libxmu-1.2.1' from 'https://cache.nixos.org'...
copying path '/nix/store/gq21l10b7zwjfs7cx7dsp0s33izqzk5d-libxv-1.0.13' from 'https://cache.nixos.org'...
copying path '/nix/store/5rmzsbhn6dqlddjq598fj2zqpgxcqjm1-libxxf86vm-1.1.6' from 'https://cache.nixos.org'...
copying path '/nix/store/cwds3j1b8y6f6r9j7di5vwi52b2pm13q-lua5.2-luasocket-3.1.0-1' from 'https://cache.nixos.org'...
copying path '/nix/store/4qxq4arv32ly13kl3g0m5q80gm3a35xr-luajit-2.1.1741730670' from 'https://cache.nixos.org'...
copying path '/nix/store/fmya6bgbvvq2q22qf1v5s3hl9nic9x9l-luajit-2.1.1741730670' from 'https://cache.nixos.org'...
copying path '/nix/store/77i0jc5v378i1b6162rz7bc7yiv66xqh-lvm2-2.03.38-man' from 'https://cache.nixos.org'...
copying path '/nix/store/4h7ak3pg4y1bynhmdrxndx70ljxxgqyy-lz4-1.10.0-lib' from 'https://cache.nixos.org'...
copying path '/nix/store/lpfkcn51d1l7vvhgi2va7s5qxc8g66lj-lzo-2.10' from 'https://cache.nixos.org'...
copying path '/nix/store/fn1mml3gx70avmngk9yj014yaygw4j8i-libxtst-1.2.5' from 'https://cache.nixos.org'...
copying path '/nix/store/npf7yk8v5xfzfmi0amyx9a1r0d7xbxix-libxpresent-1.0.2' from 'https://cache.nixos.org'...
copying path '/nix/store/qjwbsxj6vl015jfiy58sblab02anhj48-glu-9.0.3' from 'https://cache.nixos.org'...
copying path '/nix/store/srj6n1a1b1fhaiishwk8ldxkygz0hs6g-libepoxy-1.5.10' from 'https://cache.nixos.org'...
copying path '/nix/store/q9fb1ps2fxa8p4n13mbsijz9w0svhsd4-libglvnd-1.7.0-dev' from 'https://cache.nixos.org'...
copying path '/nix/store/zrhfac077f19qx3zsxanvn6ryvwv82s0-mailcap-2.1.54' from 'https://cache.nixos.org'...
copying path '/nix/store/4vlbi84gav86y4mrs96y78wq71y3zpj2-make-binary-wrapper-hook' from 'https://cache.nixos.org'...
copying path '/nix/store/153zc6p1z5r3bnz6vwdy59zpby3hvc27-make-initrd-ng-0.1.0' from 'https://cache.nixos.org'...
copying path '/nix/store/cp7i54jrkql572jljv4nsymn3w9bpiz3-make-shell-wrapper-hook' from 'https://cache.nixos.org'...
copying path '/nix/store/j6w2952cdl6sbwx3sxqj0dhsc8dncl8n-malcontent-0.13.1-lib' from 'https://cache.nixos.org'...
copying path '/nix/store/7pib8cblc1nc8cxijgfx70vblfmqkb91-f2fs-tools-1.16.0' from 'https://cache.nixos.org'...
copying path '/nix/store/xx0w7khhckpdi7mn5l3sy2svqzg4ri4p-lua-5.2.4-env' from 'https://cache.nixos.org'...
copying path '/nix/store/99zgz8f86kf0apky4jh6nnmdixqqm0fl-man-db-2.13.1-doc' from 'https://cache.nixos.org'...
copying path '/nix/store/r1w25bapsgz05b2z47pwgd88i7x9db5h-mariadb-connector-c-3.3.5' from 'https://cache.nixos.org'...
copying path '/nix/store/0j8ydh92l9hdjibg5d24nasxzha9ibvr-mbedtls-3.6.5' from 'https://cache.nixos.org'...
copying path '/nix/store/ifrqj7d9c6mwy3y7sjscr1skq4qrs4zw-luajit2.1-lpeg-1.1.0-2' from 'https://cache.nixos.org'...
copying path '/nix/store/v0sp18xb8ljz0dfasm71qknmfsp3ra3z-luajit2.1-lpeg-1.1.0-2' from 'https://cache.nixos.org'...
copying path '/nix/store/g3jlccnqgmg4190gamaaqashjyz983q9-luajit2.1-luabitop-1.0.2-3' from 'https://cache.nixos.org'...
copying path '/nix/store/vrfv132mqnh44001g96iczc31n1rpgc8-glu-9.0.3-dev' from 'https://cache.nixos.org'...
copying path '/nix/store/2csfi9gshywqvnfv3hlhk4gw4693a1fm-luajit2.1-mpack-1.0.13-0' from 'https://cache.nixos.org'...
copying path '/nix/store/8friwkqi86carcs8f98r4fbhyaj7wanc-luajit2.1-mpack-1.0.13-0' from 'https://cache.nixos.org'...
copying path '/nix/store/61xj31lp1mfrmyy7nvh4vyamjcqx2j0i-mbrola-bin-3.3-unstable-2024-01-29' from 'https://cache.nixos.org'...
copying path '/nix/store/h4j1mshg1zhz0c0n0q5mrdj7nidnz13m-mcpp-2.7.2.3' from 'https://cache.nixos.org'...
copying path '/nix/store/hp6c1570p2bsipksgi7qp8azd7d76qbk-md4c-0.5.2-lib' from 'https://cache.nixos.org'...
copying path '/nix/store/d2n9jxq4786lf105knz4h1k6zsck1anh-mesa-gl-headers-25.1.0' from 'https://cache.nixos.org'...
copying path '/nix/store/cnp44ylrdkrnyiq28hk54k3vjwwdf25c-mesa-libgbm-25.1.0' from 'https://cache.nixos.org'...
copying path '/nix/store/k9dmwf87kz9s32h554j0gc88g4wn4bzs-meson-1.9.1' from 'https://cache.nixos.org'...
copying path '/nix/store/gvwjxa7fz97pcahpqk3v9s1bm0sx6jyr-microcode-intel-20251111' from 'https://cache.nixos.org'...
copying path '/nix/store/1mjmg64bj09mjplbvsaabh58l18p0xjq-mirrors-list' from 'https://cache.nixos.org'...
copying path '/nix/store/xz3xlqzcfb489qaw67p38k410kpk50b4-mkfontscale-1.2.3' from 'https://cache.nixos.org'...
copying path '/nix/store/4zik980xnvblgkswm6mlhhcyaj3ll5f6-mkpasswd-5.6.5' from 'https://cache.nixos.org'...
copying path '/nix/store/n2ksszm3gy6vd19c2ljqxv6di3jwd47g-mobile-broadband-provider-info-20240407' from 'https://cache.nixos.org'...
copying path '/nix/store/60i5dmnfvinkl6mlv61s92qax0k8zcca-mbrola-3.3-unstable-2024-01-29' from 'https://cache.nixos.org'...
copying path '/nix/store/nz73lv4l2j0ck2wmd32gp5ki82ggj7fr-md4c-0.5.2' from 'https://cache.nixos.org'...
copying path '/nix/store/a8kazsa342i0bn55kmr5chvwm2y1m031-movit-1.7.2' from 'https://cache.nixos.org'...
copying path '/nix/store/rx9c12rcc10273xrgb21kcpglddh1sry-mpfr-4.2.2' from 'https://cache.nixos.org'...
copying path '/nix/store/b8fximxjpsvm161d7n64z7v4yc3g6kk5-mpv-0.41.0-doc' from 'https://cache.nixos.org'...
copying path '/nix/store/vj3jvrf2js7fxspjnii294hm70x2jdk2-mpv-0.41.0-man' from 'https://cache.nixos.org'...
copying path '/nix/store/pbbcsg0rm4hjlmyxx99qf7r1xhcxksjr-mtdev-1.1.7' from 'https://cache.nixos.org'...
copying path '/nix/store/5p2lg9v22q4qvgvnzmlyywin0ljdmda4-mtools-4.0.49' from 'https://cache.nixos.org'...
copying path '/nix/store/61n8np8n85zdhs2fkbmdg5wrpada97a3-mtools-4.0.49-info' from 'https://cache.nixos.org'...
copying path '/nix/store/8x5vvki5y3rnn0ww1kf5spmc7cgqkv2x-mtools-4.0.49-man' from 'https://cache.nixos.org'...
copying path '/nix/store/0qs0n0bq16q24siq13yz9sz76xh1fhv6-md4c-0.5.2-dev' from 'https://cache.nixos.org'...
copying path '/nix/store/n0654sw6r4gjvpvhfh1d0k8mf6md9iqf-librist-0.2.11' from 'https://cache.nixos.org'...
copying path '/nix/store/1rbb9ajmdzcixzngw2a6pd2pnwkyil49-mujs-1.3.6' from 'https://cache.nixos.org'...
copying path '/nix/store/1br1hbjnsbiqhwza3xcv3hpahcn2xl0s-nano-8.7' from 'https://cache.nixos.org'...
copying path '/nix/store/4rvcdyjs3l7x5xg15yswahjwq3bmzci3-nano-8.7-doc' from 'https://cache.nixos.org'...
copying path '/nix/store/psi7c8nf0imc600k4fdmm1fmraawlcbp-nano-8.7-info' from 'https://cache.nixos.org'...
copying path '/nix/store/zqcmbxzcwgj9gv20j53ffhmbzvizzjhc-nano-8.7-man' from 'https://cache.nixos.org'...
copying path '/nix/store/x01y9c19gywllkmhw1n4ca2g4a6lx4pp-ncdu-2.9.2' from 'https://cache.nixos.org'...
copying path '/nix/store/rh9aygdm7yqjp3pzxc02ri61ij85s6i9-ncompress-5.0' from 'https://cache.nixos.org'...
copying path '/nix/store/qmqc18y38gfd8ld9s9hsvrlpi6v8h7mz-ncurses-6.6-man' from 'https://cache.nixos.org'...
copying path '/nix/store/dbq9dnskxalyaz3vl40mbs7lgjhv5z7z-libbytesize-2.12' from 'https://cache.nixos.org'...
copying path '/nix/store/rjhqj2rs2md1wk6k7fkp63v1h9r054hp-neon-0.36.0' from 'https://cache.nixos.org'...
copying path '/nix/store/qmj66290fjwk9ykyc87kinm9afc4rx00-nerd-fonts-caskaydia-cove-3.4.0+2407.24' from 'https://cache.nixos.org'...
copying path '/nix/store/nhpyszcx9i58dr93ny8020n4y31ni4lm-nettle-3.10.2' from 'https://cache.nixos.org'...
copying path '/nix/store/cmp84zyl64fdzmll9kpvb9ffwda2xn90-network-manager-applet-1.36.0-man' from 'https://cache.nixos.org'...
copying path '/nix/store/2slq5rz2cqi7rqkcyxq4vf8nxdlkcqxj-networkmanager-1.54.3-doc' from 'https://cache.nixos.org'...
copying path '/nix/store/0q0ric4gkjfjljffk6g2bihjrlzran1j-networkmanager-1.54.3-man' from 'https://cache.nixos.org'...
copying path '/nix/store/8vc3h46fniyxd7mxr5svffj3iylzds48-libxpm-3.5.17' from 'https://cache.nixos.org'...
copying path '/nix/store/ys3cxs8bsd3hlrvwqzcvwm8g2w6gi6k2-nftables-1.1.6' from 'https://cache.nixos.org'...
copying path '/nix/store/i90b5jvf5f8k1hfai9aj29268580078d-nghttp2-1.67.1' from 'https://cache.nixos.org'...
copying path '/nix/store/yy6515fdq151vp6mxdlskml5jm0lma02-nghttp2-1.67.1' from 'https://cache.nixos.org'...
copying path '/nix/store/j45rf4zx05ckp2d3fj6nb7js7zhs10dx-nghttp2-1.67.1-lib' from 'https://cache.nixos.org'...
copying path '/nix/store/jgmb7ck2zrf5sb1fglmxz8r8i8qyflyc-nghttp2-1.67.1-lib' from 'https://cache.nixos.org'...
building '/nix/store/7b00y7hrr35lwiwggm45rg87vaisly97-etc-nanorc.drv'...
copying path '/nix/store/99b682kgwcp3944rcq47f3whsfpij80c-ngtcp2-1.18.0-dev' from 'https://cache.nixos.org'...
copying path '/nix/store/lf3a8jxvhrs5fd0nbq3iy4j09hi57vib-nghttp3-1.13.1-dev' from 'https://cache.nixos.org'...
copying path '/nix/store/qr1xrmpcizc6cfs683vi4ldkfdijsfj7-gd-2.3.3' from 'https://cache.nixos.org'...
copying path '/nix/store/gl8shn9a6h1k3hbw2420pr394srpiq00-libxaw-1.0.16' from 'https://cache.nixos.org'...
copying path '/nix/store/0d8zcy1rwkii32nvqv5iw9m6brlkn8x8-libxpm-3.5.17-bin' from 'https://cache.nixos.org'...
copying path '/nix/store/hbd3ykm866gx3iqq2b9b8p3n1vhqjzsn-nilfs-utils-2.2.12' from 'https://cache.nixos.org'...
copying path '/nix/store/wm70ac6y92nwdqd3bsan0r964sgnq97f-nettle-3.10.2-dev' from 'https://cache.nixos.org'...
copying path '/nix/store/wc7a9w61k9bqvdnksx7mfj49x55nl8i8-ninja-1.13.2' from 'https://cache.nixos.org'...
copying path '/nix/store/dbgbaanql01vij3qw8wxz124x5xzicv0-nix-bash-completions-0.6.8' from 'https://cache.nixos.org'...
copying path '/nix/store/diaj27rd2nzms2jmznb6g2961h6mlhjn-nix-info' from 'https://cache.nixos.org'...
copying path '/nix/store/xvi39ds16r6nym6n4ygnz20grmw8zjap-nghttp2-1.67.1' from 'https://cache.nixos.org'...
copying path '/nix/store/r3f4zs56fzpahwnykhr3wbl1j33ksvxr-nghttp2-1.67.1-dev' from 'https://cache.nixos.org'...
copying path '/nix/store/rl7i1p21mp4g39j1qhlmzbc7smgwpx2i-nix-ld-2.0.6' from 'https://cache.nixos.org'...
copying path '/nix/store/avphywm16kygys5myrz1qwxdvq1jg25c-nix-manual-2.31.3' from 'https://cache.nixos.org'...
copying path '/nix/store/mnxh19vvynnpjda58wbmrn2wdpn7llbl-nix-manual-2.31.3-man' from 'https://cache.nixos.org'...
copying path '/nix/store/mvzq1h2cgc6rx9qrg2sh84k2bb1lpa3y-nix-prefetch-git' from 'https://cache.nixos.org'...
copying path '/nix/store/94iqqnx9wkxzx7mgidv1jgi7k906vh89-nghttp2-1.67.1-dev' from 'https://cache.nixos.org'...
copying path '/nix/store/qqpzlh19pcwgwqf7rcdpssdwdz2aj8sc-nix-search-0.4.0' from 'https://cache.nixos.org'...
copying path '/nix/store/cpg3xx0bwfazfzv6y115dv7hpwxy3s04-nix-zsh-completions-0.5.1' from 'https://cache.nixos.org'...
copying path '/nix/store/wh4wdpdj5cc483ck04f2i2qmzrq1zn4x-nixos-configuration-reference-manpage' from 'https://cache.nixos.org'...
copying path '/nix/store/a00v4s58n2zz6fjcya58b7q3q667w11l-nixos-firewall-tool' from 'https://cache.nixos.org'...
copying path '/nix/store/pnbydip03cl0cvg392b3mmdv312z4m2h-nixos-icons-0-unstable-2025-06-28' from 'https://cache.nixos.org'...
copying path '/nix/store/2bmrsgmdd8ik0bjj1hyw4ll44xawlcxx-nixos-manual-html' from 'https://cache.nixos.org'...
copying path '/nix/store/43smkkhy5dl9ss874v73vffgjk9akwci-noto-fonts-2026.01.01' from 'https://cache.nixos.org'...
copying path '/nix/store/g9a1vk710gjafdqmbzv0kky1ay5wmyid-noto-fonts-color-emoji-2.051' from 'https://cache.nixos.org'...
building '/nix/store/f17xkvli0w7kd1ajrr7i9ad7r7mq9lz0-nixos-tmpfiles.d.drv'...
copying path '/nix/store/vjr3vr7b6w0459h894kjspbhx74lmm6x-npth-1.8' from 'https://cache.nixos.org'...
copying path '/nix/store/wi6sx9fnb17y8kjnnxi64983jwsqywh8-nsncd-1.5.2' from 'https://cache.nixos.org'...
copying path '/nix/store/0jwmp61gj4gnl4xmynbcm7gsp14nr7jz-nspr-4.38.2' from 'https://cache.nixos.org'...
copying path '/nix/store/ijrb2qkj27mzy3b5gswxnr3mqir8sv0g-nghttp2-1.67.1-dev' from 'https://cache.nixos.org'...
copying path '/nix/store/sr2196jkk5qdh2vrhv8q8kcb8k83v3s8-nix-2.31.3-man' from 'https://cache.nixos.org'...
copying path '/nix/store/6z9rxl683q84w0igsfs8jdjam8zwyarp-gnupg-2.4.8' from 'https://cache.nixos.org'...
copying path '/nix/store/a2lr219dfyn771a1rsdygikfk1x156cp-nss-cacert-3.119.1-p11kit' from 'https://cache.nixos.org'...
copying path '/nix/store/x2bh10hfpj07bbfg0gnrncd1f4wg19l8-nsxiv-33-doc' from 'https://cache.nixos.org'...
copying path '/nix/store/lp1p640jmxrx2gwsmk44xiz8d8r57inl-nspr-4.38.2-dev' from 'https://cache.nixos.org'...
copying path '/nix/store/5nwllws3vpxlqq6m3lfk7bfzvjvzj509-nix-2.31.3-doc' from 'https://cache.nixos.org'...
copying path '/nix/store/vdjgr9ycav13c5ci0qv9kc6k00apy9j4-nsxiv-33-man' from 'https://cache.nixos.org'...
copying path '/nix/store/h0x0p1ikp9svk1ri7xxacaczqawyz4sm-numactl-2.0.18' from 'https://cache.nixos.org'...
copying path '/nix/store/67bdfc7yncy515gjb9jcmbbass0yjb2p-ocl-icd-2.3.4' from 'https://cache.nixos.org'...
copying path '/nix/store/4k5wayklhvnfqzqp3kcff0g8gfi9hw1c-oniguruma-6.9.10-lib' from 'https://cache.nixos.org'...
copying path '/nix/store/8ldswb4i3dkbprykkkxcgpz3qlxgwfpv-open-sans-1.11' from 'https://cache.nixos.org'...
copying path '/nix/store/w4ivl440m08r18mwf3qmvknzj2a3vz6p-openapv-0.2.0.4' from 'https://cache.nixos.org'...
copying path '/nix/store/55ym0bk182il3j7s6ffvsl6v47z35lp8-openblas-0.3.30' from 'https://cache.nixos.org'...
copying path '/nix/store/i8ypd7xyfgwlz0ja4g90f5xcj1m0415y-opencl-headers-2025.07.22' from 'https://cache.nixos.org'...
copying path '/nix/store/904d8hx632dvjrs7ij32knx1xrhlk70x-lttng-ust-2.12.2' from 'https://cache.nixos.org'...
copying path '/nix/store/pbc2vqqg0fmb8wi4y103xq93lx9vqfam-lttng-ust-2.14.0' from 'https://cache.nixos.org'...
copying path '/nix/store/b5m1h822ln0s493r30sgns77618ws59n-nixfmt-1.2.0' from 'https://cache.nixos.org'...
copying path '/nix/store/vn18955hf2lzrk11fhipdv3i1brvr3bn-opencore-amr-0.1.6' from 'https://cache.nixos.org'...
copying path '/nix/store/wmlzjkwwccpgcryn5xdmhhvv0am2nkyb-openexr-3.3.5' from 'https://cache.nixos.org'...
copying path '/nix/store/fgsvqffyvcpjqs093wwf2d6dzxnmnqnv-jq-1.8.1' from 'https://cache.nixos.org'...
copying path '/nix/store/4azmiwdhg0zj0s12w724xn20fw1shw1d-openfec-1.4.2.12' from 'https://cache.nixos.org'...
copying path '/nix/store/axwf4aj6szmv3f76yfjv1jbj0c0vvgqw-openh264-2.6.0' from 'https://cache.nixos.org'...
copying path '/nix/store/yzshan7hz1v8l0dsapwhivpas5c4x921-dotnet-runtime-9.0.12' from 'https://cache.nixos.org'...
copying path '/nix/store/d4q51pkj4xj72m51bf29bas4z9v4lm2l-openjpeg-2.5.4' from 'https://cache.nixos.org'...
copying path '/nix/store/ha0kfkrclmjigzkykzdgjdqfxsq60mdn-lttng-ust-2.14.0-dev' from 'https://cache.nixos.org'...
copying path '/nix/store/qnaw7i777j52fpgbl5pgmzkq85znp083-jq-1.8.1-bin' from 'https://cache.nixos.org'...
copying path '/nix/store/v3src90lir12m1kn3yz14pxkiik3c75a-openldap-2.6.9' from 'https://cache.nixos.org'...
copying path '/nix/store/r0pvipd45799xm6d38l3and0cqm7wrsd-openresolv-3.17.0' from 'https://cache.nixos.org'...
copying path '/nix/store/d73i1fvhrqms0sbfrvqaynsr8iva216v-jq-1.8.1-dev' from 'https://cache.nixos.org'...
copying path '/nix/store/942yj3apvf8r0xs8f6qh061cdry5dxwc-openssh-10.2p1-man' from 'https://cache.nixos.org'...
copying path '/nix/store/dj8d51fg2gq58n631yfsgk7yb152xb49-nil-2025-06-13' from 'https://cache.nixos.org'...
copying path '/nix/store/sd747vgjybvhi4z80l4n1z19yvlddb1h-libjxl-0.11.1' from 'https://cache.nixos.org'...
copying path '/nix/store/aa8mp07d9rff5ngj4xz5739svq5576wn-openexr-3.3.5-bin' from 'https://cache.nixos.org'...
building '/nix/store/mx711ix6i2wjj1ri029ywzj7hlffr85m-unit-script-network-setup-start.drv'...
building '/nix/store/y2lsghq5kaqzi6gk6z46vbz5praflfbz-unit-script-resolvconf-start.drv'...
copying path '/nix/store/j7368sjzibfyzh6kkr6b70zblw17i602-openssl-3.6.0' from 'https://cache.nixos.org'...
copying path '/nix/store/1p8kvf8pyqb8h85f81vhahyj04wjzv5d-openssl-3.6.0-bin' from 'https://cache.nixos.org'...
copying path '/nix/store/rhqmh0pvq4pzx5g0p0nmam84jvhc6a8z-leptonica-1.85.0' from 'https://cache.nixos.org'...
copying path '/nix/store/ycmc5yca0vwsrw8s5zn2nqxwp31i22lc-mupdf-1.26.10' from 'https://cache.nixos.org'...
copying path '/nix/store/x9xzj486kb72k10xqxcbs4pk3mljqzp6-openjpeg-2.5.4-dev' from 'https://cache.nixos.org'...
copying path '/nix/store/jjawhx01msvlypj456ki1nn25gv1djfb-openexr-3.3.5-dev' from 'https://cache.nixos.org'...
copying path '/nix/store/zq8nh0gm2z7dz08k5xc603rz9pbzvjfy-openssl-3.6.0-doc' from 'https://cache.nixos.org'...
copying path '/nix/store/fgm3pz8486ksh3f94629lpb7xjr2wjp7-openssl-3.6.0-dev' from 'https://cache.nixos.org'...
copying path '/nix/store/qv8n1mrdrn8f9i1fd8jqkdklr454qpnv-openssl-3.6.0-man' from 'https://cache.nixos.org'...
copying path '/nix/store/ain31mfk3p75gijd45mzayb7qv7qc46h-opentimelineio-0.18.1' from 'https://cache.nixos.org'...
copying path '/nix/store/s42wjlhq35xd2yxksiwy2zwj9a4km8nm-libssh2-1.11.1-dev' from 'https://cache.nixos.org'...
copying path '/nix/store/66ngy4r1a0j9p9i00d47vp9w9x9hs8px-libjxl-0.11.1-dev' from 'https://cache.nixos.org'...
copying path '/nix/store/6hwzl3ikihj12gv7rmcigy2awbz507ps-opusfile-0.12' from 'https://cache.nixos.org'...
copying path '/nix/store/xqc8n6w746by3h5c251g2wj3mlmqsysz-orc-0.4.41' from 'https://cache.nixos.org'...
copying path '/nix/store/kif1ka2gbmazfdhvcj8n2wgmi87k99fl-p11-kit-0.25.10' from 'https://cache.nixos.org'...
copying path '/nix/store/wy7nx1iawswqzf17pxdq64yfq32d6phf-patchelf-0.18.0-unstable-2025-08-13' from 'https://cache.nixos.org'...
copying path '/nix/store/sxffphd8apxrladk3i8fl0g366001vx8-pciutils-3.14.0' from 'https://cache.nixos.org'...
copying path '/nix/store/4bbwfbl1dz9md08m5jdf1hxbzlibibpw-pcre2-10.46-bin' from 'https://cache.nixos.org'...
copying path '/nix/store/wcg216wypmjpybvhr11vyj8zf5s12kmf-pcsclite-2.3.0-lib' from 'https://cache.nixos.org'...
copying path '/nix/store/0m9dv7ml6vddmxj79s98l102d03sf9f1-perl-5.42.0' from 'https://cache.nixos.org'...
copying path '/nix/store/c5s39ylnnyjxcw5k5kihmr8gzcliw8n5-perl-5.42.0-man' from 'https://cache.nixos.org'...
copying path '/nix/store/psvbc8fpgh9qgqfp5ymnr7h0jla36f7p-krb5-1.22.1-lib' from 'https://cache.nixos.org'...
copying path '/nix/store/vbsr171scsnz906q7v0ivi6vj4zk8pf1-libssh2-1.11.1' from 'https://cache.nixos.org'...
copying path '/nix/store/mi2gmmmhmyjlcjd7gq0jq7nkx599m6lc-openssl-3.6.0-bin' from 'https://cache.nixos.org'...
copying path '/nix/store/blmnas2gb4j00471fq494gc6lr10rafp-perl5.42.0-Clone-0.46' from 'https://cache.nixos.org'...
copying path '/nix/store/40b7k4xwy1w8wy1rsamd9rasqpwsb3p5-pcre2-10.46-dev' from 'https://cache.nixos.org'...
copying path '/nix/store/d33pccb6kzhra878d71xiwm44274zmhi-perl5.42.0-Crypt-URandom-0.54' from 'https://cache.nixos.org'...
copying path '/nix/store/s1zdrkhrcv9k7i6s1vj195k5wwvlnc99-nss-3.112.2' from 'https://cache.nixos.org'...
copying path '/nix/store/cgrmd2c0zil8rjbzb8b0r5lmbyz5lghd-p11-kit-0.25.10-bin' from 'https://cache.nixos.org'...
copying path '/nix/store/hr7asb01ihjx7d1ilgqknl6nvb4cnshh-perl5.42.0-Digest-HMAC-1.05' from 'https://cache.nixos.org'...
copying path '/nix/store/lbl7p052h1gvbqphdvwxxman94bz7mhc-perl5.42.0-Encode-Locale-1.05' from 'https://cache.nixos.org'...
copying path '/nix/store/qsgxw3cq1wc3bf5bpfr6anfa7xcg1358-perl5.42.0-FCGI-0.82' from 'https://cache.nixos.org'...
copying path '/nix/store/q6zwrig7ymwbn5hi44py5ai1ixh847s3-openssl-3.6.0-dev' from 'https://cache.nixos.org'...
copying path '/nix/store/v1qj5val6m0pavn6pvd88l16vs7vhf8w-perl5.42.0-Authen-SASL-2.1900' from 'https://cache.nixos.org'...
copying path '/nix/store/p32hghrmdww891fwwcwy8m32c5qlklc9-perl5.42.0-FCGI-ProcManager-0.28' from 'https://cache.nixos.org'...
copying path '/nix/store/z2p2fghmmlz811h4m5gf8dvv831n7pd1-curl-8.17.0' from 'https://cache.nixos.org'...
copying path '/nix/store/kxfavk87jb5rwhi05qbyk8anlwvw1jk8-krb5-1.22.1' from 'https://cache.nixos.org'...
copying path '/nix/store/47lhzm4cmq8ww5mykykik3h6l8wq5zc3-perl5.42.0-File-Slurp-9999.32' from 'https://cache.nixos.org'...
copying path '/nix/store/lq4dsddkbqdr6da0r3vnnm1ncd9n1rba-perl5.42.0-HTML-TagCloud-0.38' from 'https://cache.nixos.org'...
copying path '/nix/store/cnd7bcjxyq3mkim35p3cz8dp4mx8lray-perl5.42.0-HTML-Tagset-3.20' from 'https://cache.nixos.org'...
copying path '/nix/store/8rjp0cj4asx2zzpkm4lpya2cyicy8a5p-perl5.42.0-IO-HTML-1.004' from 'https://cache.nixos.org'...
copying path '/nix/store/02bc57minq2f99k07wxyd7v5rd7h4gs5-perl5.42.0-IO-Stringy-2.113' from 'https://cache.nixos.org'...
copying path '/nix/store/afl5c86kw3l1ph6h0s069ghnbl209z32-perl5.42.0-IPC-System-Simple-1.30' from 'https://cache.nixos.org'...
copying path '/nix/store/1h5a32233n8gqgvx8100z0zbfhw6127z-perl5.42.0-JSON-4.10' from 'https://cache.nixos.org'...
copying path '/nix/store/84lsi0ixsc5jvms03v6x2dyq8kyy2k0z-libssh2-1.11.1-dev' from 'https://cache.nixos.org'...
copying path '/nix/store/xkcmcixv3hdww5x9yqqnvh9k6sy3yqp9-perl5.42.0-LWP-MediaTypes-6.04' from 'https://cache.nixos.org'...
copying path '/nix/store/bg4xrcp3jpjsh8a0xqx6d2niqhdal9pg-perl5.42.0-Mozilla-CA-20230821' from 'https://cache.nixos.org'...
copying path '/nix/store/f08scwpixvkywqv4z0m80k9jcg6qs867-perl5.42.0-Config-IniFiles-3.000003' from 'https://cache.nixos.org'...
copying path '/nix/store/192cdv2kic38byp2bxcs1xs5fwg6cn5g-perl5.42.0-File-BaseDir-0.09' from 'https://cache.nixos.org'...
copying path '/nix/store/33avy155kh13axsprx8dv3jn1hgrlxj0-nss-3.112.2-dev' from 'https://cache.nixos.org'...
copying path '/nix/store/72f3lbsj0szyadqbrqidjs52kdl3k4ik-perl5.42.0-Net-SSLeay-1.92' from 'https://cache.nixos.org'...
copying path '/nix/store/z7wnnjh9ql68zrfr4m9dz9mkr784dkp2-perl5.42.0-TermReadKey-2.38' from 'https://cache.nixos.org'...
copying path '/nix/store/nkcdnynzmpivn89lqqz3iby95w36vbfi-curl-8.17.0-bin' from 'https://cache.nixos.org'...
copying path '/nix/store/gi64nay165p6423nbzncp4xiq1sryx9m-krb5-1.22.1-dev' from 'https://cache.nixos.org'...
copying path '/nix/store/4iqsaypxn63fbbrsfih044ns4ljxijcf-perl5.42.0-Test-Needs-0.002010' from 'https://cache.nixos.org'...
copying path '/nix/store/3hqjmimz9l0821gg3s0c2f45ix5dlnxh-perl5.42.0-Test-RequiresInternet-0.05' from 'https://cache.nixos.org'...
copying path '/nix/store/ymg5c4sm915p76lab2wrfkhzhy7lhcbm-perl5.42.0-TimeDate-2.33' from 'https://cache.nixos.org'...
copying path '/nix/store/209048nij35mn980llay0dk5l9zd7rd7-perl5.42.0-Try-Tiny-0.31' from 'https://cache.nixos.org'...
copying path '/nix/store/2jqg49kx50za5qxq3v0fyj82jhv14i6n-perl5.42.0-URI-5.21' from 'https://cache.nixos.org'...
copying path '/nix/store/0cqrh2z4jznc5nzrvfsk6m5smq77gz7r-perl5.42.0-libnet-3.15' from 'https://cache.nixos.org'...
copying path '/nix/store/zbkr5zr6h11akq6frgxsc0d0fag59v00-pipewire-1.4.9-man' from 'https://cache.nixos.org'...
copying path '/nix/store/p2986m9vb36kw5qayzkmczncviamyy9i-pipewire-extra-config' from 'https://cache.nixos.org'...
copying path '/nix/store/q5zpk39z2jq0ardi1g6mz7k43hnps2lf-perl5.42.0-HTTP-Date-6.06' from 'https://cache.nixos.org'...
copying path '/nix/store/9z0650vi7qs19aqwwl2b350gfwdz04kr-perl5.42.0-IO-Socket-SSL-2.083' from 'https://cache.nixos.org'...
copying path '/nix/store/fzlg63ychmmpwvb71asyp7x2n83kllv3-pixman-0.46.4' from 'https://cache.nixos.org'...
copying path '/nix/store/g3kc0p65g67798kkl58k3knrz5xzfqzv-pkg-config-0.29.2' from 'https://cache.nixos.org'...
copying path '/nix/store/c7iniinll51q40xfrxrjj6kf2ggzgiy9-perl5.42.0-Test-Fatal-0.017' from 'https://cache.nixos.org'...
copying path '/nix/store/4cqmyz2yfjw86s4dq040mxhvbxz5pazi-perl5.42.0-File-DesktopEntry-0.22' from 'https://cache.nixos.org'...
copying path '/nix/store/bmhyg1a3szh94p8lc0arcbh5k8m5pigh-perl5.42.0-Net-HTTP-6.23' from 'https://cache.nixos.org'...
copying path '/nix/store/kpg3xarm646mwaknqjzqd5i1q55qjgxh-perl5.42.0-WWW-RobotRules-6.02' from 'https://cache.nixos.org'...
copying path '/nix/store/6ibw5irnlxyvfm4d2fblb57w5hlmxiy5-perl5.42.0-File-Listing-6.16' from 'https://cache.nixos.org'...
copying path '/nix/store/ffx1qbg2658nklqpjri3d4d71jxrnxgm-perl5.42.0-HTTP-CookieJar-0.014' from 'https://cache.nixos.org'...
copying path '/nix/store/xps75qp8na3zd39ppaqvxf42g2jqmgbr-perl5.42.0-HTTP-Message-6.45' from 'https://cache.nixos.org'...
copying path '/nix/store/ggpyx52w359pzz64gjnjzmagv0ajq2p7-plasma-wayland-protocols-1.20.0' from 'https://cache.nixos.org'...
copying path '/nix/store/q1vmx08s4xwh4djivpvhhkg1wvxc5qnm-playerctl-2.4.1' from 'https://cache.nixos.org'...
copying path '/nix/store/l405rllbfmhx7nmyvv1lk6g74j8wq62v-pop-icon-theme-3.5.0' from 'https://cache.nixos.org'...
copying path '/nix/store/9vniqyrns3kampkvv23kygkvmi9h8l2a-poppler-data-0.4.12' from 'https://cache.nixos.org'...
copying path '/nix/store/3fziqvk0v05y5fy9mimflsbwp7n9n6qf-perl5.42.0-Net-SMTP-SSL-1.04' from 'https://cache.nixos.org'...
copying path '/nix/store/yywbzjm7yy89y5z23jazngbv4585rqbr-popt-1.19' from 'https://cache.nixos.org'...
copying path '/nix/store/n05q1qhnpa197x0nilsyn8ywrq1wjmdd-potrace-1.16' from 'https://cache.nixos.org'...
copying path '/nix/store/5nbvsm40g4pdl8dyjil3zi426czf39qv-cairo-1.18.4' from 'https://cache.nixos.org'...
copying path '/nix/store/hm0ajvpwz1007ych9vz6qkhs06rm9xfx-perl5.42.0-HTML-Parser-3.81' from 'https://cache.nixos.org'...
copying path '/nix/store/s32a727k1cxwqz0zzq2fk28jzlnaskkw-perl5.42.0-HTTP-Cookies-6.10' from 'https://cache.nixos.org'...
copying path '/nix/store/379bgshl922v3zjx64ljsnnfc3wrl16w-perl5.42.0-HTTP-Daemon-6.16' from 'https://cache.nixos.org'...
copying path '/nix/store/pyw98sp2272jr7d1klb0x2xfws3dz7z2-perl5.42.0-HTTP-Negotiate-6.01' from 'https://cache.nixos.org'...
copying path '/nix/store/8wn4x665s8anc0mvg7fg1yy5fh66gyrp-libdv-1.0.0' from 'https://cache.nixos.org'...
copying path '/nix/store/qg1p330wnvdhs3zsbd18fk44d0r71h67-logrotate-3.22.0' from 'https://cache.nixos.org'...
copying path '/nix/store/kyg4nm1mgivfgsmf91449kccgg80x4as-perl5.42.0-CGI-4.59' from 'https://cache.nixos.org'...
copying path '/nix/store/rvp7qlpf5jqvdckjy1afjb6aha6j8dxg-pkg-config-wrapper-0.29.2' from 'https://cache.nixos.org'...
copying path '/nix/store/f4sh0n59qc5snfj8459nkid4nyfw4ag1-powerEvent.sh' from 'https://cache.nixos.org'...
copying path '/nix/store/mw58cpgski3kxwf2mks5xy98pj0fych9-pre-switch-checks' from 'https://cache.nixos.org'...
copying path '/nix/store/m5whrrag2zpzm57l9mn6vvy0aqk8ja0b-presenterm-0.15.1' from 'https://cache.nixos.org'...
building '/nix/store/5xwfln558l2k5ak7aypa4l4igp3kzf7y-logrotate.conf.drv'...
copying path '/nix/store/kiqarh0s4z2kcd7p3sq049kcc85syww8-protobuf-32.1' from 'https://cache.nixos.org'...
copying path '/nix/store/hi8rj02fc0bwfivhixm3wgabnzn63qxj-protobuf-c-1.5.2-lib' from 'https://cache.nixos.org'...
copying path '/nix/store/2w68p19fkxwjvpiqhs47l7wc5d04nkjx-mjpegtools-2.2.1-lib' from 'https://cache.nixos.org'...
copying path '/nix/store/00vnyis59als42ka0l5x6whvfhdwv1hc-psmisc-23.7' from 'https://cache.nixos.org'...
copying path '/nix/store/wb6qhxgxwcy2b5ik965qvcxkz0di85z8-perl5.42.0-CGI-Fast-2.16' from 'https://cache.nixos.org'...
copying path '/nix/store/fni6dgm5ng28fd951c4x71p1bsmaipj0-cairomm-1.14.5' from 'https://cache.nixos.org'...
copying path '/nix/store/y8a57m2ax3j65wqa4izd3ngd5k6bfxrq-acpi-events' from 'https://cache.nixos.org'...
copying path '/nix/store/0zvs7cvz44kl0w5mkxr9v72vhn3xyghn-bind-9.20.17-lib' from 'https://cache.nixos.org'...
copying path '/nix/store/1rpz7d45m98k1hdrxjy7p9ip0yqfzklv-gobject-introspection-1.86.0' from 'https://cache.nixos.org'...
copying path '/nix/store/pv79l02aklsd6sjh9wxrs9ip3k0a5rln-pango-1.57.0' from 'https://cache.nixos.org'...
copying path '/nix/store/z75xzywm09aa1lnpnp6df9cba0xgfxq2-poppler-utils-25.10.0' from 'https://cache.nixos.org'...
copying path '/nix/store/v9pxfm6cmf1wqljjny88pp22cbl8j9ch-killall-psmisc-23.7' from 'https://cache.nixos.org'...
copying path '/nix/store/i6n3n6pygbisb0zb5y1214v36hwq4p74-publicsuffix-list-0-unstable-2025-12-28' from 'https://cache.nixos.org'...
copying path '/nix/store/hkj0w7x3hrgrrpbs1772j7gnv7s90jda-python3-minimal-3.13.11' from 'https://cache.nixos.org'...
copying path '/nix/store/mb1zryzz48jy45q3xzzmw72m7mp2507v-python3.13-annotated-types-0.7.0' from 'https://cache.nixos.org'...
copying path '/nix/store/mzamkswqv7dwd17hcgbws25c266dyjb0-gobject-introspection-wrapped-1.86.0' from 'https://cache.nixos.org'...
copying path '/nix/store/flpgz5k53r20qifkw9cchjsz69j094lm-gnuplot-6.0.4' from 'https://cache.nixos.org'...
copying path '/nix/store/cpfmyd7q4v4vz3b02x1c8ym2303xw6ll-librsvg-2.61.3' from 'https://cache.nixos.org'...
copying path '/nix/store/jx922jzzc38y8013z8xqf4p9x4pbmlh8-libtiger-0.3.4' from 'https://cache.nixos.org'...
copying path '/nix/store/pxyjx7ilqh2gnpdhj6856phzjycjsxr3-pango-1.57.0-bin' from 'https://cache.nixos.org'...
copying path '/nix/store/k5vn1135krd3zlxi26m9a2k9wrnp1wlm-pangomm-2.46.4' from 'https://cache.nixos.org'...
copying path '/nix/store/kksc78dvp8aibb7z5n03vsszyy54i3vm-bind-9.20.17-host' from 'https://cache.nixos.org'...
copying path '/nix/store/g902f8399503wq89fmlfzzg6z6ib5w3j-python3.13-autocommand-2.2.2' from 'https://cache.nixos.org'...
copying path '/nix/store/i13ggv5wycs7q3y22mfl6cryfp96gl10-cosmic-icons-1.0.3' from 'https://cache.nixos.org'...
copying path '/nix/store/ijjjfc5zk9d6ap3lyfl23md6my820gy4-python3.13-brotli-1.2.0' from 'https://cache.nixos.org'...
copying path '/nix/store/xxdp6hzw4w2chgx3xmshai71387qb5p6-python3.13-certifi-2025.07.14' from 'https://cache.nixos.org'...
copying path '/nix/store/0gywh1dcavpd0f04v2jm1qkrmhp3hk5x-python3.13-charset-normalizer-3.4.4' from 'https://cache.nixos.org'...
copying path '/nix/store/bzj72mzd7wb18f03qfk54i1n01gz966z-python3.13-click-8.3.1' from 'https://cache.nixos.org'...
building '/nix/store/qhwx40hr11iw2bfspwdyd5sjssg1jbmi-console-env.drv'...
building '/nix/store/mznfwjs8nmg1ylx0piy8ymsi29v9k01m-luajit-2.1.1741730670-env.drv'...
building '/nix/store/nb1bbh0jnk8vlm5zwyv985jq2scvy1pk-luajit-2.1.1741730670-env.drv'...
building '/nix/store/6xwjcflng7nz3ck5y3k3rhi38lrgjs9b-perl-5.42.0-env.drv'...
building '/nix/store/76dvirk3x8kbxhk6kqp5x92y5ki2wyni-perl-5.42.0-env.drv'...
building '/nix/store/kd1iybj5bc97zb3y289k97p3mywkn4mf-perl-5.42.0-env.drv'...
building '/nix/store/nymwrmvw7qhc58z6ji43c5cc84m998xb-perl-5.42.0-env.drv'...
building '/nix/store/k9p6r887z9apa3ndx6wpi7f9j1p99pbn-pipewire-configs.drv'...
copying path '/nix/store/88fp95r3jzqs9q641sljw0zm737m2zfx-perl5.42.0-libwww-perl-6.72' from 'https://cache.nixos.org'...
copying path '/nix/store/422jpfhrcg3aqa77qjng9rrwi6azw1hm-python3.13-dnspython-2.8.0' from 'https://cache.nixos.org'...
copying path '/nix/store/88n6xhgwpz0hdqbj6cggfrnhvygw2qzm-aspell-0.60.8.1' from 'https://cache.nixos.org'...
copying path '/nix/store/kls9dgmmdrvnxm07zyshxm4ppw0jg2h7-dpkg-1.22.21' from 'https://cache.nixos.org'...
copying path '/nix/store/dq46ikvlayd1m2i32gcisk2wk5zc3fd9-nuke-references' from 'https://cache.nixos.org'...
copying path '/nix/store/d740456ckdkwhhh7dpc7n7lncj812rd5-perl5.42.0-X11-Protocol-0.56' from 'https://cache.nixos.org'...
copying path '/nix/store/rbwf3ggjzxf2rph3snpa2mdgyybi6s3h-perl5.42.0-File-MimeInfo-0.33' from 'https://cache.nixos.org'...
copying path '/nix/store/24m5k56m4jpp71nln8q5lpza3l43iv5k-libqalculate-5.9.0' from 'https://cache.nixos.org'...
building '/nix/store/63rbmrhbqy8ja83nkwpih151irsn1a7v-pipewire-lv2-plugins.drv'...
building '/nix/store/4n7hxbdg2zbi9dyrppzi7jm42kjbmixz-X-Restart-Triggers-reload-systemd-vconsole-setup.drv'...
copying path '/nix/store/qk2ky4sfgls1xdgdds7ssxbs6lpdwqlw-python3.13-click-default-group-1.2.4' from 'https://cache.nixos.org'...
copying path '/nix/store/7ldi2a332ik0r31sfwvwxvjj5wa0nh89-python3.13-h11-0.16.0' from 'https://cache.nixos.org'...
building '/nix/store/3kss4aslgp5bmx7jpxr3gv0xsbxcxz9j-wireplumber-extra-config.drv'...
building '/nix/store/bwmsdni3gv8xqq122kqhf3xvh7s1dl3a-wireplumber-extra-scrips.drv'...
copying path '/nix/store/nkrzgavh162yq77qz97ic61y7pqag806-python3.13-idna-3.11' from 'https://cache.nixos.org'...
copying path '/nix/store/p6jd1dr2r6305r7s0jps0miq428sx7qw-python3.13-jaraco-context-6.0.1' from 'https://cache.nixos.org'...
building '/nix/store/xcrdw6akw0473lgphcaypcip9b9fwb4l-wireplumber-lv2-plugins.drv'...
copying path '/nix/store/ipwndaag56mm8g8gn8j98z0jvn8x4mk1-git-2.52.0' from 'https://cache.nixos.org'...
building '/nix/store/xp9v0rgvgkvmm2w1d9d24ia53ncdc143-wireplumber-configs.drv'...
copying path '/nix/store/1jmqj8j4hwmx56sa0ir0bs2nxxayikv5-perl5.42.0-XML-Parser-2.46' from 'https://cache.nixos.org'...
copying path '/nix/store/lb3zi93ps41cyq95iwi589cn9siij7rw-python3.13-httpcore-1.0.9' from 'https://cache.nixos.org'...
copying path '/nix/store/hy55bxq38v5811p81yhbn9vmxr52pwbf-python3.13-jeepney-0.9' from 'https://cache.nixos.org'...
copying path '/nix/store/5ivxdhmg5nczifagm7aalsgby2a3hcm3-python3.13-markdown-3.10.0' from 'https://cache.nixos.org'...
copying path '/nix/store/qqazbxl7wnin60zh8d3mdbavr1kh22cl-python3.13-markupsafe-3.0.3' from 'https://cache.nixos.org'...
copying path '/nix/store/vqkg8klna9hk199hv14mzjmrr30i7pcn-python3.13-mccabe-0.7.0' from 'https://cache.nixos.org'...
copying path '/nix/store/x5dn7clqxia2b9nx07gq8pil6lg3pfs0-chafa-1.18.0-bin' from 'https://cache.nixos.org'...
copying path '/nix/store/9mjhz8b6r4k1ckyh03f2z8v0hlxdd3h6-intltool-0.51.0' from 'https://cache.nixos.org'...
copying path '/nix/store/2y2nyavwvhhd6kz5ihgv4g7md8arbkby-perl5.42.0-XML-Twig-3.52' from 'https://cache.nixos.org'...
copying path '/nix/store/14jl66kh5vgz49g22lln8zzq69slzbka-python3.13-mako-1.3.10' from 'https://cache.nixos.org'...
copying path '/nix/store/yrkmv8172hp0s1yr10pxyjcd84044asx-python3.13-mdurl-0.1.2' from 'https://cache.nixos.org'...
copying path '/nix/store/7ip8y3znavhvzg2prql8ifxylr63w1li-python3.13-mutagen-1.47.0' from 'https://cache.nixos.org'...
copying path '/nix/store/x2dkg4mpd56gq1yg2kfq37pryh27xs9w-python3.13-packaging-25.0' from 'https://cache.nixos.org'...
copying path '/nix/store/73h0dc0ffgiv7vabxhf0lyr417hv9zqx-python3.13-markdown-it-py-4.0.0' from 'https://cache.nixos.org'...
copying path '/nix/store/r4lyn54hymhmvccawlx78pqdczawzmyg-python3.13-markdown-it-py-4.0.0' from 'https://cache.nixos.org'...
copying path '/nix/store/k5hjvcdk83wpvpg3zzi8i449k0wzgywm-python3.13-pillow-12.1.0' from 'https://cache.nixos.org'...
copying path '/nix/store/dhmi3yw5v5gvb8kfh6x3623g1mq09092-python3.13-platformdirs-4.5.0' from 'https://cache.nixos.org'...
copying path '/nix/store/4f53dzkqzxy4w1fbd8y7nxp6xmykl7km-python3.13-psutil-7.1.3' from 'https://cache.nixos.org'...
copying path '/nix/store/p751v89sp37qnfmb2nxn2l9xapq5f1h9-python3.13-pycairo-1.28.0' from 'https://cache.nixos.org'...
copying path '/nix/store/y4mh2gjffxm1y7q86p4099m28mcshfr5-python3.13-pycodestyle-2.14.0' from 'https://cache.nixos.org'...
copying path '/nix/store/1d15swjzzvvdc48gcvvyncc812zqg1rh-python3.13-pycparser-2.23' from 'https://cache.nixos.org'...
copying path '/nix/store/7dvdasm9mjinbn6y5gnbrlnij899h67z-pop-launcher-1.2.7' from 'https://cache.nixos.org'...
copying path '/nix/store/hp7jks61xnksxy8pnbniva27svkhjrx5-python3.13-pycryptodomex-3.23.0' from 'https://cache.nixos.org'...
copying path '/nix/store/ni06cs6yyj2fzhbk6qyhjgn9q3pmfwkz-python3.13-mdit-py-plugins-0.5.0' from 'https://cache.nixos.org'...
copying path '/nix/store/b291ziaa7pbyfbw0w4j0lwx2lxxpmf9f-python3.13-mdit-py-plugins-0.5.0' from 'https://cache.nixos.org'...
copying path '/nix/store/z7bk696jam492hs9v270wd5hd1wr009x-python3.13-pyelftools-0.32' from 'https://cache.nixos.org'...
copying path '/nix/store/7kramlhm4r2gyyrqhsryl9vsgw675i8y-python3.13-pyflakes-3.4.0' from 'https://cache.nixos.org'...
copying path '/nix/store/wmlvs9fd81d6fw0shyapmp473iqyllp5-python3.13-cffi-2.0.0' from 'https://cache.nixos.org'...
copying path '/nix/store/cxm8b6jd9qaizii20iv10d6694wkdmpk-python3.13-pygments-2.19.2' from 'https://cache.nixos.org'...
copying path '/nix/store/ajzsm8ywyi1yf78n4qaciy1vj54j4php-python3.13-pygobject-3.54.5' from 'https://cache.nixos.org'...
copying path '/nix/store/74b4as7l5w5mfm870gs8cnfqgqhn7qlf-python3.13-pyperclip-1.11.0' from 'https://cache.nixos.org'...
copying path '/nix/store/7kad3pafp11khw3capr8nnxmpl0dvp0h-python3.13-pyserial-3.5' from 'https://cache.nixos.org'...
copying path '/nix/store/jrj6bfw2pn41hcz231dbscwnrx666hji-nixos-render-docs-0.0' from 'https://cache.nixos.org'...
copying path '/nix/store/y2lfhigqgb00i5wzi26y0dirwb1qmxqg-python3.13-pysocks-1.7.1' from 'https://cache.nixos.org'...
copying path '/nix/store/sxyir85k5zifkss58lq0nr6wy8hlc1qc-python3-3.13.11-env' from 'https://cache.nixos.org'...
copying path '/nix/store/mar420y99ccg7cmgi0nvz83fg79xw170-python3.13-python-dotenv-1.2.1' from 'https://cache.nixos.org'...
copying path '/nix/store/dwlrph5ws5dysp85b2jlphr3gam8v037-python3.13-flake8-7.3.0' from 'https://cache.nixos.org'...
copying path '/nix/store/g3gf57sjm8s9zrpmipq71lvzv2rspj71-python3.13-pyxdg-0.28' from 'https://cache.nixos.org'...
copying path '/nix/store/8z6ap8amdlqlxp8djjmbp0w3j069ilc8-auto-patchelf-0-unstable-2024-08-14' from 'https://cache.nixos.org'...
copying path '/nix/store/a4ymic38f9dx9n62pfakriy9hlgmmgzm-python3.13-cryptography-46.0.3' from 'https://cache.nixos.org'...
building '/nix/store/kpp9q1lfpi7h7fvfhfl3c9wmp6gpai5k-home-configuration-reference-manpage.drv'...
copying path '/nix/store/sllz7rig5bacwgv59a3bgfqngv691cwk-python3.13-curl-cffi-0.14.0' from 'https://cache.nixos.org'...
copying path '/nix/store/bdyka6dsdzj58r53a7pbmkzbss08b402-python3.13-pyyaml-6.0.3' from 'https://cache.nixos.org'...
copying path '/nix/store/j2a7dphqj8i64pm1sj7mj82zlx69js9m-python3-3.13.11-env' from 'https://cache.nixos.org'...
copying path '/nix/store/rwv3i2kfgyk40kwha4ylv7jf633v4apv-python3.13-ruamel-base-1.0.0' from 'https://cache.nixos.org'...
copying path '/nix/store/0h2zkqcaiaqn5nmcrs0lya5jps78a5xg-python3.13-ruamel-yaml-clib-0.2.14' from 'https://cache.nixos.org'...
copying path '/nix/store/pwcf8y9riimspna7lyhjqf98p6rfl02n-auto-patchelf-hook' from 'https://cache.nixos.org'...
building '/nix/store/i75jdj3aimspvxj0kf6657gpb02357z4-pythoncheck.sh.drv'...
building '/nix/store/mdb79r8mxa51gbsaf449sjpaz2c61bh0-pythoncheck.sh.drv'...
copying path '/nix/store/51p82br8mnh8m67whjijn160jnh8gvbq-python3.13-setproctitle-1.3.7' from 'https://cache.nixos.org'...
copying path '/nix/store/mfx6d4xq18jlpbi0cwnfhmk9hr0gb8i3-python3.13-setuptools-80.9.0' from 'https://cache.nixos.org'...
building '/nix/store/m2abrhsjjny8547xy02rxsr841v4cdd2-pythoncheck.sh.drv'...
copying path '/nix/store/ffi9qjcpcgdarfkdx48ywivmxavb5iy3-python3.13-tomli-2.2.1' from 'https://cache.nixos.org'...
copying path '/nix/store/c89gfm9i6wsdc14imvf04xrr118scn6s-python3.13-sniffio-1.3.1' from 'https://cache.nixos.org'...
copying path '/nix/store/1rp137lfxq5cir74bv5k1sdb93pkvcym-python3.13-tomli-w-1.2.0' from 'https://cache.nixos.org'...
copying path '/nix/store/wjkqrcpij0npxk3i0rn7ki2abn90mxk8-python3.13-six-1.17.0' from 'https://cache.nixos.org'...
building '/nix/store/qymwfixrdpyq31sg76qqv77vwyhapsac-pythoncheck.sh.drv'...
copying path '/nix/store/c8yiqcfm87z8krrjcqqapv9zf51vn9dy-python3.13-tree-sitter-0.25.2' from 'https://cache.nixos.org'...
copying path '/nix/store/j61lbvvrl0cqqdg0gxk789kcvjsvj77g-python3.13-ruamel-yaml-0.18.16' from 'https://cache.nixos.org'...
copying path '/nix/store/yla92b2ga25pk47grkdvfiizv2zhla1n-python3.13-tree-sitter-c-sharp-0.23.1' from 'https://cache.nixos.org'...
copying path '/nix/store/mdmmdcd15jv0dg2n73r50zwh2v1ndf14-python3.13-rich-14.2.0' from 'https://cache.nixos.org'...
copying path '/nix/store/zmaxna9c7wkq80ciqpzb06k33v3qwwrf-python3.13-anyio-4.12.1' from 'https://cache.nixos.org'...
copying path '/nix/store/lf449ra3jis3kq41rhhg70k50m4s14nr-python3.13-tree-sitter-html-0.23.2' from 'https://cache.nixos.org'...
copying path '/nix/store/95988w6mfyb6jh005abgha0k2gfysn4x-python3.13-more-itertools-10.7.0' from 'https://cache.nixos.org'...
building '/nix/store/gldb3d4i93dzg98lwcn707fcwf7p9q9j-python3-3.13.11-env.drv'...
copying path '/nix/store/b5vnfbz6sgwhnrd0561jd4m7qyw4pfdk-python3.13-tree-sitter-javascript-0.25.0' from 'https://cache.nixos.org'...
copying path '/nix/store/njlsjp3bv6m3kdx42f9lrnzg7k9yp3gz-python3.13-secretstorage-3.3.3' from 'https://cache.nixos.org'...
copying path '/nix/store/f17hbg2hdwvy5lmb62fvb3qwihl20rqb-python3.13-tree-sitter-json-0.24.8' from 'https://cache.nixos.org'...
copying path '/nix/store/2djl6c8gs9mf320r6x4h0mwl7nls2fbc-python3.13-tree-sitter-make-1.1.1' from 'https://cache.nixos.org'...
copying path '/nix/store/vbxlr21pi2jky2sq42sv4kh6c1vfff9m-python3.13-tree-sitter-markdown-0.5.1' from 'https://cache.nixos.org'...
copying path '/nix/store/xmxm18s3drdd5cyqwdal4nvh64csmx1y-python3.13-tree-sitter-python-0.25.0' from 'https://cache.nixos.org'...
copying path '/nix/store/q0nr4j08pwy3pzg1j0gn3q397ym7xhvi-python3.13-jaraco-classes-3.4.0' from 'https://cache.nixos.org'...
copying path '/nix/store/3hjcfzm0yz5ggpm6khc6plb99hv379n4-python3.13-httpx-0.28.1' from 'https://cache.nixos.org'...
copying path '/nix/store/mrxvmcrl7alrlv87xhdasc4lzg56pby3-python3.13-jaraco-functools-4.2.1' from 'https://cache.nixos.org'...
copying path '/nix/store/awxhhn25q1b7zdwyskw4y3x23lqfwh6a-python3.13-tree-sitter-rust-0.24.0' from 'https://cache.nixos.org'...
copying path '/nix/store/w4rlhdhf7s60y1a345vlwkb8vh3zfw3z-python3.13-tree-sitter-sql-0.3.11' from 'https://cache.nixos.org'...
copying path '/nix/store/pmh83l2q2vg14n8y36ppm9l34fvpscp4-python3.13-tree-sitter-yaml-0.7.2' from 'https://cache.nixos.org'...
copying path '/nix/store/fwcdrcl09zvy1zdac5plrbz3vgyj63c4-python3.13-tree-sitter-zeek-0.2.11' from 'https://cache.nixos.org'...
copying path '/nix/store/2f19j1xd1r0f0jc0qfm8x8zyi7r2xl1x-python3.13-typing-extensions-4.15.0' from 'https://cache.nixos.org'...
copying path '/nix/store/da1ls25n9hlm5568rrivscf3mlm0z9m5-python3.13-uc-micro-py-1.0.3' from 'https://cache.nixos.org'...
copying path '/nix/store/2bqjpg1vq962bxn493jlwi4p3rnx5sbi-dotnet-runtime-wrapped-9.0.12' from 'https://cache.nixos.org'...
copying path '/nix/store/smz6ypxwsszlmraxqd65g0gq3xs924r4-python3.13-urllib3-2.6.0' from 'https://cache.nixos.org'...
building '/nix/store/pdaq1sljxzgahmkbzqc7ndp5j8bvv6sg-replace-workspace-values.drv'...
copying path '/nix/store/ayghim14r5bxxs5gq5sja5hygj3m49fz-python3.13-websockets-15.0.1' from 'https://cache.nixos.org'...
copying path '/nix/store/0bzi0kqfjhnpfaqkpdiqlccwkbvsgpk9-python3.13-watchfiles-1.1.1' from 'https://cache.nixos.org'...
copying path '/nix/store/q13jb0wyvkb0ry63z8w0k1h7zmm3y4qc-python3-3.13.11-env' from 'https://cache.nixos.org'...
copying path '/nix/store/192m912xb9wr26nfb8cw9ih6wmidrlil-python3.13-xdg-base-dirs-6.0.2' from 'https://cache.nixos.org'...
copying path '/nix/store/n3k770acrnc8v5yajk7878185kz1dpr9-marksman-2025-12-13' from 'https://cache.nixos.org'...
copying path '/nix/store/y0r5i7g03xdx62msh1b9dnm07nzz6w2i-python3.13-xlib-0.33' from 'https://cache.nixos.org'...
copying path '/nix/store/zj4z3ya9l5jcpa57cm5rgrhnnwqhf6ix-python3.13-xmltodict-1.0.2' from 'https://cache.nixos.org'...
copying path '/nix/store/09d2cxany5l94dk5xi84xdbpj4qyyshk-python3.13-yt-dlp-ejs-0.3.2' from 'https://cache.nixos.org'...
copying path '/nix/store/v6a620g5byaf5m35qlv8flhz0k8s0h0f-python3.13-pydantic-core-2.41.5' from 'https://cache.nixos.org'...
copying path '/nix/store/b2cdx18m02nw05wb6aibky63bclzih9g-python3.13-linkify-it-py-2.0.3' from 'https://cache.nixos.org'...
copying path '/nix/store/x6bnxvn358dahzi1h1vz6g5312drskj1-python3.13-typeguard-4.4.4' from 'https://cache.nixos.org'...
copying path '/nix/store/5w8qh54cbhdifhv3fxrjp83zr6ygav9q-python3.13-typing-inspection-0.4.2' from 'https://cache.nixos.org'...
copying path '/nix/store/7y4kwfy5la7zpv8m36r1klcgv4rm0h0v-python3.13-requests-2.32.5' from 'https://cache.nixos.org'...
copying path '/nix/store/xgk389yplhyiqx1l51b3vvfa5mr1zxsp-python3.13-jc-1.25.6' from 'https://cache.nixos.org'...
copying path '/nix/store/z589wnnmsz2b2y74x131f27dcscg1qga-qcoro-0.12.0' from 'https://cache.nixos.org'...
copying path '/nix/store/wqxnzm1jam669wfqnhjmgqc99xckh9nn-qrencode-4.1.1' from 'https://cache.nixos.org'...
copying path '/nix/store/9ghc0apbdzcsyyavjdj3lhysy3hv86a2-qtlanguageserver-6.10.1' from 'https://cache.nixos.org'...
copying path '/nix/store/4vd3hlz43w2hm59mvwhv057pfxqid75d-qttranslations-6.10.1' from 'https://cache.nixos.org'...
copying path '/nix/store/8km92yvyzimc6apr74wjrmbnk4k1igsh-quirc-1.2' from 'https://cache.nixos.org'...
copying path '/nix/store/9xckxp4552mccc5vqy0r4p510k0czx1a-keyd-application-mapper-2.6.0' from 'https://cache.nixos.org'...
copying path '/nix/store/3m5r28af37f9ni2a1mhajbzwxf9i160l-python3.13-textual-7.4.0' from 'https://cache.nixos.org'...
copying path '/nix/store/vyibm9q797nay1a9s83rb6js6pnzpvjw-raptor2-2.0.16' from 'https://cache.nixos.org'...
copying path '/nix/store/393dx1h4q48vcjgspp77hfkz2bnp33is-python3.13-inflect-7.5.0' from 'https://cache.nixos.org'...
copying path '/nix/store/rsr5rw43wbzsi2qsmcpw3wyz9r8a5hib-rav1e-0.8.1' from 'https://cache.nixos.org'...
building '/nix/store/lrwmq3ii7rwkra2k3q6szk1bg0vcjzw4-python3-3.13.11-env.drv'...
copying path '/nix/store/csji3wc8ab9d9xiflxdx2wvjw0q6i0zk-rhash-1.4.4' from 'https://cache.nixos.org'...
copying path '/nix/store/z65fkczcfzja0bcxrk17k2mqiyn82zi8-resvg-0.46.0' from 'https://cache.nixos.org'...
copying path '/nix/store/i5fkvmvxbk1vw8iz9avzv09zbm35zzcg-qcoro-0.12.0-dev' from 'https://cache.nixos.org'...
copying path '/nix/store/va0xi17g6jgqkhyf23dlxq5gy1nzldna-keyd-2.6.0' from 'https://cache.nixos.org'...
copying path '/nix/store/n3k8r7iibkikyqgiwalnr3f2xwz2g1w0-python3.13-jaraco-text-4.0.0' from 'https://cache.nixos.org'...
copying path '/nix/store/5ij40vzd46x6psvdv5yg5gr6igrpwyd4-ripgrep-15.1.0' from 'https://cache.nixos.org'...
copying path '/nix/store/mf0asds5wgwc3m4mab2bsxb6rpdlx4as-lrdf-0.6.1' from 'https://cache.nixos.org'...
copying path '/nix/store/x0mgigi58bk4cb4gld854dsjdvy102hc-rt5677-firmware-4.16-10-zstd' from 'https://cache.nixos.org'...
building '/nix/store/4kya279wqzzd6kwq5n0vwhkm4wrpy8cj-fetch-cargo-vendor-util.drv'...
copying path '/nix/store/iq13bz5f9g373gnbikp8grwns3q2acfp-rtl8192su-firmware-0-unstable-2016-10-05-zstd' from 'https://cache.nixos.org'...
copying path '/nix/store/rwrj30fyi13wq7mhy3nkmyhxcxfv3015-python3.13-pydantic-2.12.4' from 'https://cache.nixos.org'...
copying path '/nix/store/hfl9zzrxxbyr3624nsq4gp9r225f7zrl-python3.13-jaraco-collections-5.2.1' from 'https://cache.nixos.org'...
copying path '/nix/store/lswicxg953hk1ynsscb3bjfxys7np3m1-rtl8761b-firmware-rtk1395-zstd' from 'https://cache.nixos.org'...
copying path '/nix/store/lxkvigfj5xy6w2bs7h4xwr3d7wb7piqb-cmake-4.1.2' from 'https://cache.nixos.org'...
copying path '/nix/store/4gzify5dmmrrrdfj8i7gx9nppac6yrx7-rtmpdump-2.6' from 'https://cache.nixos.org'...
copying path '/nix/store/s68fgw1vhcmf3nd89yv6xcvf2b88ar2h-python3.13-distutils-80.9.0' from 'https://cache.nixos.org'...
copying path '/nix/store/5dday25jpw6wzskja72p3z40n7013lry-rust-analyzer-unwrapped-2026-01-19' from 'https://cache.nixos.org'...
copying path '/nix/store/jslljr5js1wnn7hqlmlbs6cx43n4az8g-rust-lib-src' from 'https://cache.nixos.org'...
copying path '/nix/store/n12vzsjfjf3csy3pz1zc8bl9lfcx7m9h-rustc-1.92.0-doc' from 'https://cache.nixos.org'...
copying path '/nix/store/kn7w36vv35csr72lxd3f2qz9vphill7v-python3.13-textual-autocomplete-4.0.6' from 'https://cache.nixos.org'...
copying path '/nix/store/dwcl2giqi3vb92c0i4ql51r39bg8qdxh-rustc-1.92.0-man' from 'https://cache.nixos.org'...
copying path '/nix/store/4lqzmgay20mph07r39abinq4vzmv0gsj-python3.13-lottie-0.7.2' from 'https://cache.nixos.org'...
copying path '/nix/store/sh1rd2rviba99nnl43x11gmwv9074laa-sbc-2.1' from 'https://cache.nixos.org'...
copying path '/nix/store/zph14alyvnxffgs0c7q0ybypmzfwq6g9-schroedinger-1.0.11' from 'https://cache.nixos.org'...
copying path '/nix/store/n1d4093lcx7ljgks1j352fbrf5w551v9-rustc-wrapper-1.92.0-man' from 'https://cache.nixos.org'...
copying path '/nix/store/z9kja0x30bg4s6zir9k7gifx4am1vd6j-python3.13-openapi-pydantic-0.5.1' from 'https://cache.nixos.org'...
copying path '/nix/store/c86llcgqxg7ayi78g90wjvcq71js6cm6-python3.13-pydantic-settings-2.10.1' from 'https://cache.nixos.org'...
copying path '/nix/store/zl2shmzgp4bgkybgfq2h7mlnwra6329y-sd-switch-0.6.2' from 'https://cache.nixos.org'...
copying path '/nix/store/789bicw8id82xg3v4g3sm6ssxs4gd7hh-serd-0.32.6' from 'https://cache.nixos.org'...
copying path '/nix/store/3kvy26h3i7vhmp0ins3m0bg5bjpqyd40-set-java-classpath-hook' from 'https://cache.nixos.org'...
copying path '/nix/store/5yvqacvwnfj576mpxxw6fv43lygb5ak8-shaderc-2025.5-lib' from 'https://cache.nixos.org'...
copying path '/nix/store/hbjmalaqvr2yzj9wg3c7pfl2ml9ybw2z-shadow-4.18.0-man' from 'https://cache.nixos.org'...
copying path '/nix/store/xnvvxy1zfgghr28x2iqx68brhadqiln6-shared-mime-info-2.4' from 'https://cache.nixos.org'...
copying path '/nix/store/f22mmmrg1an2zs25mjaphvxkqzagfwik-shine-3.1.1-unstable-2023-01-01' from 'https://cache.nixos.org'...
copying path '/nix/store/qh2hzs3skbhmc75h8ish5jcxha9fcwdf-simde-0.8.2' from 'https://cache.nixos.org'...
copying path '/nix/store/wixs67y7jw3lhnp6zaiab2f21idbsyh5-posting-2.9.2' from 'https://cache.nixos.org'...
copying path '/nix/store/3mg43r6bvdvf0zm3rxj1x9v2vwg6kwmn-simdjson-4.2.4' from 'https://cache.nixos.org'...
copying path '/nix/store/7h3jpcp1sl36kcnxjvdnwhcliv7a6lsz-simdutf-6.5.0' from 'https://cache.nixos.org'...
copying path '/nix/store/lzmwqivfbcmdbhhsf1bfrrf97d25pa8z-slang-2.3.3' from 'https://cache.nixos.org'...
copying path '/nix/store/c2kwf8mf5pbja5cb4m71dr0hmqdh9919-snappy-1.2.2' from 'https://cache.nixos.org'...
copying path '/nix/store/2b9sqx220g4kf3jqxym4wfs0gbn1ih6m-sndio-1.10.0' from 'https://cache.nixos.org'...
copying path '/nix/store/9s72l6pg2bssrsw443q2w5i6bhs6yw6r-sof-firmware-2025.05.1-zstd' from 'https://cache.nixos.org'...
copying path '/nix/store/vjfzk0s1jvbnj98z8v0y9ld1xzf7mwry-sonic-unstable-2020-12-27' from 'https://cache.nixos.org'...
copying path '/nix/store/xz0kazh7m0vf6bylbkn3qbkasmjvmih6-sound-theme-freedesktop-0.8' from 'https://cache.nixos.org'...
copying path '/nix/store/s02anw1qjjw7ajg94yi44sarsph8kj6l-soundtouch-2.4.0' from 'https://cache.nixos.org'...
copying path '/nix/store/0p2yfx7bn72icqr5iwsmihxda4r4b830-soxr-0.1.3' from 'https://cache.nixos.org'...
copying path '/nix/store/5rz1mfj1jvgi0zd6vxbzm6pf8lrh3h6a-shared-mime-info-2.4-dev' from 'https://cache.nixos.org'...
copying path '/nix/store/qn31rbzbap092dpd4cg9ng6vjvwjz8zn-spandsp-0.0.6' from 'https://cache.nixos.org'...
copying path '/nix/store/1l0n6kfgh05n3bl9ks0b70lhwfy9ks8w-newt-0.52.24' from 'https://cache.nixos.org'...
copying path '/nix/store/sjwzl60ni5j22vilasx3h1v6ri5q6473-spdlog-1.16.0' from 'https://cache.nixos.org'...
copying path '/nix/store/r3s7gb1df6zls568i3q3as4yjrlpzaqi-speech-dispatcher-0.12.1' from 'https://cache.nixos.org'...
copying path '/nix/store/9dgx1wxh60pb97ak454cgsj0w6k87gwc-speex-1.2.1' from 'https://cache.nixos.org'...
copying path '/nix/store/dcqb9z2gv27vnl620jskcq8x0w2rgmz5-speexdsp-1.2.1' from 'https://cache.nixos.org'...
copying path '/nix/store/ryc68h6m05msqkf2wqm306cwrvx2fqr2-sqlite-3.51.2-bin' from 'https://cache.nixos.org'...
copying path '/nix/store/xraq78rp35dlicn34pslwzq5njd329yv-srt-1.5.4' from 'https://cache.nixos.org'...
copying path '/nix/store/gidygr7l2i5kckd3zv9kfjcymxcycw6y-stdenv-linux' from 'https://cache.nixos.org'...
copying path '/nix/store/bm096sl4nlrr2wff7z87h79c5k2zifi1-libshout-2.4.6' from 'https://cache.nixos.org'...
copying path '/nix/store/aigd5ai8d4a0frr73b7f9lrph3s2hpv0-stow-2.4.1' from 'https://cache.nixos.org'...
copying path '/nix/store/6m2m94y7w3zwna8vyw94mpv6sr2nsnjg-strace-6.18' from 'https://cache.nixos.org'...
copying path '/nix/store/g7sc43lh88zjmmid48g6l2plcw5hqbsw-strace-6.18-man' from 'https://cache.nixos.org'...
building '/nix/store/84c0f4k6vgg0fl7ilkkk1xwalfagrdk0-blueboy-0.1.0-go-modules.drv'...
building '/nix/store/m392azaxprksgiiq498yp51mrpksjshh-glibc-locales-2.42-47.drv'...
building '/nix/store/1mjqssayfz4xpkkbg12inn02skil15q7-onepdfplease-0.1.0-go-modules.drv'...
copying path '/nix/store/zqifamz35b98fjckkbf7dmnyrbzxnhb0-stylua-2.3.1' from 'https://cache.nixos.org'...
copying path '/nix/store/2mahn8x53dlhlcnv1zbhlpv158bp9d5y-svox-0-unstable-2021-05-06' from 'https://cache.nixos.org'...
copying path '/nix/store/q2lhm9sz0kvndyk579waip2ayqizdh27-sudoers' from 'https://cache.nixos.org'...
copying path '/nix/store/jhbnffl371gn93k3h3yxpgj0xngpxkq8-swh-plugins-0.4.17' from 'https://cache.nixos.org'...
copying path '/nix/store/m6yqxcfw86mfjdjvvccg8jw6arxaff3a-svt-av1-3.1.2' from 'https://cache.nixos.org'...
copying path '/nix/store/l11ky001qdz76xgbr8a4m9cpjygn5gnj-system-sendmail-1.0' from 'https://cache.nixos.org'...
copying path '/nix/store/6k6dpcdv1bxcipcgdbi89g9fxws0vhvc-sqlite-3.51.2-dev' from 'https://cache.nixos.org'...
copying path '/nix/store/ysd9bb97g578apk9llzl9599wznpvnq0-systemd-258.3-man' from 'https://cache.nixos.org'...
copying path '/nix/store/6cv84xayj88a17fl8hm63jhsbd0kdvlz-systemd-boot' from 'https://cache.nixos.org'...
copying path '/nix/store/q78qnd7kpp6s7lp0r24bkyvy291vy5l7-taglib-1.13.1' from 'https://cache.nixos.org'...
copying path '/nix/store/7y4bwnx1fr3csya7wr2lcwfhjpqsbgvb-taglib-2.1.1' from 'https://cache.nixos.org'...
copying path '/nix/store/6s5hyig6k9izj822cdx92g8h8nwwvgcg-talloc-2.4.3' from 'https://cache.nixos.org'...
copying path '/nix/store/bm9kfmhbvxyr7axhn8qsianz38ck9gkf-tcl-8.6.16' from 'https://cache.nixos.org'...
copying path '/nix/store/ybhgrii58zw7c05q3vh6i93vf703dpf2-tdb-1.4.14' from 'https://cache.nixos.org'...
copying path '/nix/store/7gr5py257hmra9fab0x03s1k7sb1vswg-tealdeer-1.8.1' from 'https://cache.nixos.org'...
copying path '/nix/store/5zlxj84j4a232626k3az9gyplcv3hwb1-tesseract-5.5.2' from 'https://cache.nixos.org'...
copying path '/nix/store/17m96swysr55crjfrx31dmsbwskhp4pb-tevent-0.17.1' from 'https://cache.nixos.org'...
copying path '/nix/store/b83g1lz2y7jcagng2dpxv94af3hllx02-texinfo-7.2' from 'https://cache.nixos.org'...
copying path '/nix/store/im56z2m6cwh3r592vhzv0l2amxzq774v-texinfo-interactive-7.2' from 'https://cache.nixos.org'...
copying path '/nix/store/wkzpgxx0sn2migm39wqz98izcgnydy4l-texlive-bin-2025' from 'https://cache.nixos.org'...
copying path '/nix/store/h7h4h2k0zdmawqgl9g2nhzvdav3r6h8j-time-1.9' from 'https://cache.nixos.org'...
copying path '/nix/store/0qqmq2w515bl5z8yxyjwlm2lr7v7k26a-tinymist-0.14.10' from 'https://cache.nixos.org'...
copying path '/nix/store/mi4lvkvcrw9ffjyqly6abh79hnl0r3h9-tmux-3.6a-man' from 'https://cache.nixos.org'...
copying path '/nix/store/wk3izl03hbljjcflxi9y1zji6i3wzn4n-tpm2-tss-4.1.3' from 'https://cache.nixos.org'...
copying path '/nix/store/r14xhqqnj9nfb7wg2by24kd70dmlxnyk-tree-2.2.1' from 'https://cache.nixos.org'...
copying path '/nix/store/d6flrrill2ww9yc8qk2rpal0wg7ji1sr-tremor-unstable-2018-03-16' from 'https://cache.nixos.org'...
copying path '/nix/store/v15785zy7a44xhxb27lw1sd229hi248b-twolame-2017-09-27' from 'https://cache.nixos.org'...
copying path '/nix/store/valczaas6h66jf4pzwylva0c50bisaa8-tesseract-5.5.2' from 'https://cache.nixos.org'...
copying path '/nix/store/5fpxp6c5vqkmdp8azrm47qyc53wj8jv3-typst-0.14.2' from 'https://cache.nixos.org'...
copying path '/nix/store/swsc83a74xl49f3azbdi5bxhfgf4g3lb-tzdata-2025c' from 'https://cache.nixos.org'...
copying path '/nix/store/n4mhm556ggzhs3v0lzj4zccvlhr77vqv-uavs3d-1.1-unstable-2023-02-23' from 'https://cache.nixos.org'...
copying path '/nix/store/d8z6jlvm4mlg5jp6m79y8ra2jkxrbs23-uchardet-0.0.8' from 'https://cache.nixos.org'...
copying path '/nix/store/7850dqpykb7kjak5854p4k7fsmjyidkh-udev-rules' from 'https://cache.nixos.org'...
copying path '/nix/store/922f6z3227s11xz1w9dfsl6n5q31jbs5-udisks-2.11.0-man' from 'https://cache.nixos.org'...
copying path '/nix/store/s2p0n1g69x4wrdzf96lw0dvy5i7aq6d3-unbound-1.24.2-lib' from 'https://cache.nixos.org'...
copying path '/nix/store/0w4pcajyl4nhqg7q39p1lwc4g6b0s235-unibilium-2.1.2' from 'https://cache.nixos.org'...
building '/nix/store/aawkfblssyhdpx0306jp53xszyfpdkpy-stage-1-init.sh.drv'...
copying path '/nix/store/p51jnkahpl0aviv1il84qmvrhzjhfgrw-unifont-16.0.03' from 'https://cache.nixos.org'...
copying path '/nix/store/rxflwz8jyf5j6klbmhw66xmm28r053vs-unit-script-wpa_supplicant-start' from 'https://cache.nixos.org'...
copying path '/nix/store/25xxyxf4q907qqrxmqwwgvdvijh855d3-unixODBC-2.3.12' from 'https://cache.nixos.org'...
copying path '/nix/store/d8dikfh0z22zmqxjgj0sw6v8sfnfv0nv-unzip-6.0' from 'https://cache.nixos.org'...
copying path '/nix/store/5dnsp9p15r3l57y76p9fa223mi1p7c7g-utf8proc-2.11.3' from 'https://cache.nixos.org'...
copying path '/nix/store/7bm74wixn7irsqh8ni2bybnypgx0217y-util-linux-2.41.3' from 'https://cache.nixos.org'...
copying path '/nix/store/ckrbhdawy0idb4pcp4xv5lhz43szc4ma-util-linux-2.41.3-lib' from 'https://cache.nixos.org'...
copying path '/nix/store/2khj875jky1n750ywcy7l0av9sz7fxyg-util-linux-2.41.3-man' from 'https://cache.nixos.org'...
copying path '/nix/store/gvh74ry77q456n8i1sdd8d3s9zqv8wm7-fcft-3.3.3' from 'https://cache.nixos.org'...
copying path '/nix/store/hr16jj6ll2c5j9b81y47cm05zyb6pbqb-gnutls-3.8.11' from 'https://cache.nixos.org'...
copying path '/nix/store/c2mdl65f2jq8qngj4smb7f8y15zm3s7d-util-linux-minimal-2.41.3-login' from 'https://cache.nixos.org'...
copying path '/nix/store/dxhnr961lw608ghvq8xf29qxl4v2wx1k-mariadb-connector-odbc-3.2.6' from 'https://cache.nixos.org'...
copying path '/nix/store/ljxhsg7k1dxlh1ya69j6ykls4jd5qyqh-psqlodbc-17.00.0007' from 'https://cache.nixos.org'...
copying path '/nix/store/nbw1xyvv0h8aaxw8d7vlsqg0fvf2f5l3-sqlite-connector-odbc-0.99991' from 'https://cache.nixos.org'...
copying path '/nix/store/h4i7isda5kz7r8m2zjxy1lla5aw7m6bx-util-linux-minimal-2.41.3-mount' from 'https://cache.nixos.org'...
copying path '/nix/store/j03k2ixa399jyadfkgcjvsl1sid6yli6-systemd-minimal-libs-258.3' from 'https://cache.nixos.org'...
copying path '/nix/store/40hw42yqxg3ppycayx9lqm24icl1z82z-util-linux-minimal-2.41.3-swap' from 'https://cache.nixos.org'...
copying path '/nix/store/x0bq7h936cp5dz83wq0wdhnimzcy85fd-uvwasi-0.0.23' from 'https://cache.nixos.org'...
copying path '/nix/store/pr9hfnlclc1ypddqy8rnapx1gn37jia9-v0.24.1.tar.gz' from 'https://cache.nixos.org'...
copying path '/nix/store/w1jc99v7dab837rqc85ikjx2rwb93xzl-vamp-plugin-sdk-2.10' from 'https://cache.nixos.org'...
copying path '/nix/store/yckv4qajylxm06wv4xsd7zbiq731l2gn-rust-analyzer-2026-01-19' from 'https://cache.nixos.org'...
copying path '/nix/store/kna7cma80icar3xwbznwp63fx4602fqq-systemd-minimal-258.3' from 'https://cache.nixos.org'...
copying path '/nix/store/99212qy5fiz2kwlsfhm4xav727brhsf2-util-linux-minimal-2.41.3-bin' from 'https://cache.nixos.org'...
copying path '/nix/store/rmbkkb3ianj8k9n5lwzyyal07a7cag13-version-check-hook' from 'https://cache.nixos.org'...
copying path '/nix/store/x1kw7kh9mfyiyib08zi2vai78j720fgq-glib-networking-2.80.1' from 'https://cache.nixos.org'...
copying path '/nix/store/vpcr67np8mn3p5vqpg5acynryngd3k09-gnutls-3.8.11-bin' from 'https://cache.nixos.org'...
copying path '/nix/store/s2v839549s7aaas4cmg2nza65xm30phc-libmicrohttpd-1.0.2' from 'https://cache.nixos.org'...
copying path '/nix/store/g069h9w0xwcp32draava9vh5l9g8l7i1-libnice-0.1.22' from 'https://cache.nixos.org'...
building '/nix/store/5sjxi8as283qfk3a2njqr9ggi8q5b4kb-tree-sitter-c-neovim-270c7b4.drv'...
copying path '/nix/store/7858vbf0lpysg3yvkb383cd7iygknl0m-rubberband-4.0.0' from 'https://cache.nixos.org'...
copying path '/nix/store/5a6r6pm6ghp6mfd1d025fcivpr850f5h-btrfs-progs-6.17.1' from 'https://cache.nixos.org'...
copying path '/nix/store/il5csdjf695hg2njszcajnrf5i5rwzbj-bcache-tools-1.1' from 'https://cache.nixos.org'...
copying path '/nix/store/5pccx3axvlvwkphsgr7kx0k147j3q7xf-dhcpcd-10.2.4' from 'https://cache.nixos.org'...
copying path '/nix/store/l3zh4dhfpk3a62c6kk23p3jdsdjq7hlp-libajantv2-17.5.0' from 'https://cache.nixos.org'...
copying path '/nix/store/j71zy851m3z1g1y8krnz0pgmfgj2jpzc-gnutls-3.8.11-dev' from 'https://cache.nixos.org'...
copying path '/nix/store/yrrdb215dfafb98pj53rl0g497cvivkq-libatasmart-0.19' from 'https://cache.nixos.org'...
copying path '/nix/store/pgyxzqx82bb0031iqqrbv49rlipyrb48-libdatachannel-0.23.2' from 'https://cache.nixos.org'...
building '/nix/store/x8l311w3s0fmyi9yp4x60gfs3rfc1vm6-X11-fonts.drv'...
building '/nix/store/w9i6fr4swxwjs7zcnlapc63zqmr8a727-font-dirs.drv'...
copying path '/nix/store/a08waqaaz4yffn7ra1rdwrymn98v094a-libfido2-1.16.0' from 'https://cache.nixos.org'...
copying path '/nix/store/ygqik3h8w30i49idvbqax94blb4p9ywx-libgudev-238' from 'https://cache.nixos.org'...
building '/nix/store/fafh4wp825yd8j8ks6538x08xd6pq546-check-mountpoints.drv'...
building '/nix/store/5sa5s01x72lqn99y05hqfks9zl6qc11d-etc-systemd-system.conf.drv'...
building '/nix/store/3416vz5grs9njn3l95zc39db7843zwqp-nixos-enter.drv'...
copying path '/nix/store/v0sl3gi2d2dbk3gp7mr3cxrxk75fh96x-fuse-2.9.9' from 'https://cache.nixos.org'...
copying path '/nix/store/n498ipacrkjsxbdg69blsvmjkagy4cmm-fuse-3.17.4' from 'https://cache.nixos.org'...
copying path '/nix/store/b0w1ax3vbhmac9pklfpacxh265p7anrx-libndctl-83' from 'https://cache.nixos.org'...
building '/nix/store/hsmrdiy68r7dg5pqxfka0ky6ky72kb3f-fc-cache.drv'...
copying path '/nix/store/4v4ns2sw2qffrfaqz0zmqmz778ijzy7v-libusb-1.0.29' from 'https://cache.nixos.org'...
copying path '/nix/store/3ccwp233h2cxk472x9si9vavhbbdngmf-linux-pam-1.7.1' from 'https://cache.nixos.org'...
building '/nix/store/69ms5dkw670nzzsp3q4blmmbp4hqidsa-nixos-install.drv'...
copying path '/nix/store/gcn9bambi02jzm35vdzjl20z9j7z4vhh-libqmi-1.36.0' from 'https://cache.nixos.org'...
copying path '/nix/store/vfyfjb64gvjfrf5g6y67q3cjrs65x3nm-libwacom-2.17.0' from 'https://cache.nixos.org'...
building '/nix/store/mjrpg415a8jryg14zqv9hq9hkcswq8xm-fc-00-nixos-cache.conf.drv'...
copying path '/nix/store/lpkviwdhal4xszrzqpm0g5qkgwa9ai3z-lvm2-2.03.38-lib' from 'https://cache.nixos.org'...
copying path '/nix/store/qrxy1rq5bj4lm9i1qy08mackjpg0r4j2-ddcutil-2.2.3' from 'https://cache.nixos.org'...
copying path '/nix/store/hj10rv2ccs1qwrnfyafh418n34l4bnf5-exfat-1.4.0' from 'https://cache.nixos.org'...
building '/nix/store/ddmf5jpc81xr8j6h8qs6gi7k564qijaz-fontconfig-conf.drv'...
copying path '/nix/store/hafxwi09djh8aknfm7lkii9qdnslv4hn-gnupg-2.4.8' from 'https://cache.nixos.org'...
copying path '/nix/store/5bqbxc7r9bpjkqy01gmq49js84x89rp8-fuse-3.17.4-bin' from 'https://cache.nixos.org'...
copying path '/nix/store/jd0nh16xxi3f7p0aqzfyk0f7f031ajcz-libgphoto2-2.5.33' from 'https://cache.nixos.org'...
building '/nix/store/xcagjdx8g7lda18fyx42h8ic6cn11pqs-chfn.pam.drv'...
building '/nix/store/i8w8nkx2biqma2z4grvajq4509xclrnp-chpasswd.pam.drv'...
building '/nix/store/slhkxf4aj9kk2r7zb5jlp1siwdqsxjir-chsh.pam.drv'...
building '/nix/store/fff0waspjjhm6wpdx5g64ywz4gs0hzdq-cosmic-greeter.pam.drv'...
building '/nix/store/a4zvsf3w95zp7wr94vrqnawr19zbmqgp-groupadd.pam.drv'...
copying path '/nix/store/pqicz6w4632ryrbxcslxcb4i735y0h2f-libmtp-1.1.22' from 'https://cache.nixos.org'...
copying path '/nix/store/b1v8ljz1w2psqv8ji11p94f4sas6qbql-ly-1.3.1' from 'https://cache.nixos.org'...
copying path '/nix/store/b2wzx26vk2y2lcnwwqyv0yjhahxszxf7-libpwquality-1.4.5-lib' from 'https://cache.nixos.org'...
copying path '/nix/store/5lnmxpyq3bdhdfh64d7ciakqcpjkm0y5-ntfs3g-2022.10.3' from 'https://cache.nixos.org'...
building '/nix/store/vg85rc3xcgmbxp2fj6wc45d8qrfh5dbv-groupdel.pam.drv'...
building '/nix/store/mp9dyxdsc14p9j2x7g3jlmq19r4q9akm-groupmems.pam.drv'...
building '/nix/store/2igbfp5x1acfilv7krisj63hnq7zv2xc-groupmod.pam.drv'...
building '/nix/store/46hjbh0m909q44vmrbg1vh4q2k3x8qxd-passwd.pam.drv'...
building '/nix/store/hjp7y90qp7w2xa2xblnrbkvism49lcry-polkit-1.pam.drv'...
copying path '/nix/store/hh9qjv7q59hgvkm1qxg2ggs824ccv74r-cryptsetup-2.8.3' from 'https://cache.nixos.org'...
copying path '/nix/store/j33k88lnhyb3p0ga5gy2vpkqg91rf2k0-parted-3.6' from 'https://cache.nixos.org'...
copying path '/nix/store/34n1ia894inllkwissv5msc1676q7zsh-libinput-1.29.2' from 'https://cache.nixos.org'...
copying path '/nix/store/sh2qlacbs0bszyy7dkxckl1l9qqw9gpq-lvm2-2.03.38-bin' from 'https://cache.nixos.org'...
copying path '/nix/store/50jp3q2sjgw4shh0sgx9il1h005fpp8s-openssh-10.2p1' from 'https://cache.nixos.org'...
building '/nix/store/ip7sbx72x048cqgk43y8qi1py22idwy5-fontconfig-etc.drv'...
building '/nix/store/6vmqwylsxjh04gv9n9pvsnpqsil7m6lq-runuser-l.pam.drv'...
building '/nix/store/bvn32m4ls5vnyx7bf1wazvpznsv0gjp5-runuser.pam.drv'...
building '/nix/store/hb79hxichadmc1c21bq1dsss28j1hd2h-sudo.pam.drv'...
building '/nix/store/72kgm0wfwnxs5rg3wydxcf7mcxml4c84-swaylock.pam.drv'...
copying path '/nix/store/jh07azrfyi3x24x4cwm3q8abxnj6m9wd-dbus-1.14.10-lib' from 'https://cache.nixos.org'...
copying path '/nix/store/j43m1hd4drq0p5k3hfq05hhm64kn9x5i-polkit-127' from 'https://cache.nixos.org'...
copying path '/nix/store/rcjdvwflrcs7f3482lhrn2msnvl0pjb0-ppp-2.5.2' from 'https://cache.nixos.org'...
copying path '/nix/store/lsr86qpxgwisc7wapnrybzqwsafhb2wl-procps-4.0.4' from 'https://cache.nixos.org'...
building '/nix/store/8bfgzwcgjmis71m1f6im9pr2gnk2pac0-systemd-run0.pam.drv'...
building '/nix/store/pnvpxvqv14yqm5n9yl530pqwsqggdwn4-useradd.pam.drv'...
building '/nix/store/z2v3wgj3b62gaifjichyfz6zqm6jaazz-userdel.pam.drv'...
building '/nix/store/gqh4hcxyqzqpyh830ic643d7ka1c0ph2-usermod.pam.drv'...
building '/nix/store/il3vjk2v2yxk2fik7j5pc3nlj6m4dc8j-vlock.pam.drv'...
building '/nix/store/alyfjv88ndigyw0954dbc78fdf4kv3vv-xlock.pam.drv'...
building '/nix/store/2wx2dbafm27gwrkmlhivfavmaic9kwsw-hm-session-vars.sh.drv'...
building '/nix/store/6w23dcwmib7426pdl1v0swbgp8lmpk4y-hm_environment.d10homemanager.conf.drv'...
copying path '/nix/store/nw80v4wm8zdil9igxnn43ybc6rrna9gc-security-wrapper-fusermount3-x86_64-unknown-linux-musl' from 'https://cache.nixos.org'...
copying path '/nix/store/x854767dbpyd5wczhpjdqa8ac4y3gymv-security-wrapper-unix_chkpwd-x86_64-unknown-linux-musl' from 'https://cache.nixos.org'...
copying path '/nix/store/0b1lqwfcp7m2q4cll1i6ypjpa49r4mzi-gpgme-2.0.1' from 'https://cache.nixos.org'...
copying path '/nix/store/1jw8dpyl0xmwqx7gjb4xy4pbs7jd7k45-squashfuse-0.6.1' from 'https://cache.nixos.org'...
copying path '/nix/store/179ki8s4mhn5k75n546f93xancwjsa8f-sudo-1.9.17p2' from 'https://cache.nixos.org'...
copying path '/nix/store/cng89q8kszbzrw0r5hs8ky46gyr90xn8-polkit-127-bin' from 'https://cache.nixos.org'...
copying path '/nix/store/5j9cg6adv3d2l403fcfklz4lmf9fd0l8-systemd-258.3' from 'https://cache.nixos.org'...
copying path '/nix/store/njkxckivma0x8j25pkm990z0vi0v4wdc-at-spi2-core-2.58.2' from 'https://cache.nixos.org'...
copying path '/nix/store/d878n04hb47ab8ilx30zrd2xh2mii32v-avahi-0.8' from 'https://cache.nixos.org'...
copying path '/nix/store/dswj8hkz3kv7dh2nkakhhgz5a7k39s35-bluetui-0.8.0' from 'https://cache.nixos.org'...
copying path '/nix/store/41365c5p7kbrpqya8nlqli6impn87jk4-bluez-5.84' from 'https://cache.nixos.org'...
copying path '/nix/store/pb9dhpk6qxjybb8p7prvs18ls2vxk51a-dbus-1.14.10' from 'https://cache.nixos.org'...
copying path '/nix/store/d38gqb8dryp7qn33dvjk41hiwi3bl7kk-dbus-glib-0.114' from 'https://cache.nixos.org'...
copying path '/nix/store/q246fmk322y0qn3df890pdmpy7kq5769-dnsmasq-2.92' from 'https://cache.nixos.org'...
copying path '/nix/store/1x66zlgj44xaki6iy1py6cy0824nhxjd-libjack2-1.9.22' from 'https://cache.nixos.org'...
copying path '/nix/store/cfmbxsnjz9zvp1rl0h84hp93lxi6bp2f-libpulseaudio-17.0' from 'https://cache.nixos.org'...
copying path '/nix/store/r6c8xabdi1a4pgw74p33w9p7z2irz6md-atkmm-2.28.4' from 'https://cache.nixos.org'...
copying path '/nix/store/frqm4yzpibs3l07whgyxzv24i3g997s3-cosmic-session-1.0.3' from 'https://cache.nixos.org'...
copying path '/nix/store/rcp235j37hm37z95gbycan2l1afp2fbg-cups-2.4.16-lib' from 'https://cache.nixos.org'...
copying path '/nix/store/ay9nra38p5qqh19mznh2ksv31cvhrc1y-dbus-1.14.10-dev' from 'https://cache.nixos.org'...
copying path '/nix/store/2z0zy3n9l5hzkllnfp5xb5zhbwldw0n9-lvm2-2.03.38' from 'https://cache.nixos.org'...
copying path '/nix/store/12ch2ck7v5a1cm02jg3wi1y1a0wvdxlk-perl5.42.0-Net-DBus-1.2.0' from 'https://cache.nixos.org'...
building '/nix/store/47jk9000cf1xqb45bcp7f79nmmx34k65-onepdfplease-0.1.0.drv'...
copying path '/nix/store/1r06rvxxyvwkl0i47was7r6frmw2lq6l-portaudio-190700_20210406' from 'https://cache.nixos.org'...
copying path '/nix/store/5hvsjch5879riidq325dn1g54b2fs934-python3.13-dbus-python-1.4.0' from 'https://cache.nixos.org'...
copying path '/nix/store/9kfbdkl3rhr1lwz6fy86srzfjrm8523y-security-wrapper-dbus-daemon-launch-helper-x86_64-unknown-linux-musl' from 'https://cache.nixos.org'...
copying path '/nix/store/gzmvpfp1vxv7rb2x7l0f3a25ckn0ymk2-security-wrapper-pkexec-x86_64-unknown-linux-musl' from 'https://cache.nixos.org'...
copying path '/nix/store/gsm56gvynsm4kmc16hhwqpaail0vp67b-security-wrapper-sudo-x86_64-unknown-linux-musl' from 'https://cache.nixos.org'...
copying path '/nix/store/yhhhk527nyp344xj1jgg9x8k64dnqn2g-security-wrapper-sudoedit-x86_64-unknown-linux-musl' from 'https://cache.nixos.org'...
copying path '/nix/store/47bvlqrx8yqw4fi9j4j4f599s9zc6q2w-cups-2.4.16' from 'https://cache.nixos.org'...
copying path '/nix/store/vzbc6x37n732v174wnkm2i06kp4vqjw0-gtk+-2.24.33' from 'https://cache.nixos.org'...
copying path '/nix/store/np8da6gnksbsgbh1ynm9yqk20zbijf81-switch-to-configuration-0.1.0' from 'https://cache.nixos.org'...
copying path '/nix/store/1kw1drg8bbv97lpp7z6fsl7k78v0pnxs-systemd-minimal-libs-258.3-dev' from 'https://cache.nixos.org'...
copying path '/nix/store/4khc8pywqjb221zfa94jbr2wl9b25dv1-python3-3.13.11-env' from 'https://cache.nixos.org'...
copying path '/nix/store/ib7wn44z4q8h8krcf2s2jlvbs17ixwmv-tcb-1.2' from 'https://cache.nixos.org'...
copying path '/nix/store/ygr5i7nrfinvkmg75grak6pyyjx7rrvq-flite-2.2-lib' from 'https://cache.nixos.org'...
copying path '/nix/store/348nb1q4my325xygms146iila0l1wkp8-fluidsynth-2.5.2' from 'https://cache.nixos.org'...
copying path '/nix/store/r9kwx0vg9x8hlj6c22qdaysgpzjq3sfc-libao-1.2.2' from 'https://cache.nixos.org'...
copying path '/nix/store/6z770mq8xsdsar9xzw5w0gff0aiqx2bd-mpg123-1.33.4' from 'https://cache.nixos.org'...
copying path '/nix/store/5gbmg48j0zz9i5yczivp1j4zsfxk37bi-pcaudiolib-1.3' from 'https://cache.nixos.org'...
copying path '/nix/store/2i5z42x7prhjss3iz3gkwyd4q5v226l4-rtaudio-5.2.0' from 'https://cache.nixos.org'...
copying path '/nix/store/86fly2n8c31ws3lqs9wrx4vzpg2fpazk-shadow-4.18.0' from 'https://cache.nixos.org'...
building '/nix/store/vfakkpbggypk4jjk88idlbiviw8a29f7-dconf-system-config.drv'...
copying path '/nix/store/p37s6c02lx6qv490sjl53iirzkxnj43n-thin-provisioning-tools-1.3.0' from 'https://cache.nixos.org'...
copying path '/nix/store/r1asizw5apls1wrir18aqikvn9l0bj29-tinysparql-3.10.1' from 'https://cache.nixos.org'...
copying path '/nix/store/0qk9jc89bl5dj5vhbkgnmga7vwarpfai-tmux-3.6a' from 'https://cache.nixos.org'...
copying path '/nix/store/9cdvi7dc7xii60qamjf41qhbn23ashs6-umockdev-0.19.3' from 'https://cache.nixos.org'...
copying path '/nix/store/bhl122zznwnwwfz8wh7yc4xhax0gq2kh-upower-1.91.0' from 'https://cache.nixos.org'...
copying path '/nix/store/s0a99acz4sncjd5lzma31l3nqyin6lci-libopenmpt-0.8.4' from 'https://cache.nixos.org'...
copying path '/nix/store/pif2i9qdxg7l5g6s0wpnmb5fqzxfxryx-util-linux-2.41.3-lastlog' from 'https://cache.nixos.org'...
copying path '/nix/store/pccjaj2dw57h89h09ianasvp979hfkyn-power-profiles-daemon-0.30' from 'https://cache.nixos.org'...
copying path '/nix/store/n74ibk9vnyxjv37vw1ha5l795094jg8a-security-wrapper-chsh-x86_64-unknown-linux-musl' from 'https://cache.nixos.org'...
copying path '/nix/store/r58saj52aab8bmg6164mv3xiqsjdbhfv-security-wrapper-newgidmap-x86_64-unknown-linux-musl' from 'https://cache.nixos.org'...
copying path '/nix/store/al9narxyxf3336jxj9mna3mkd1p13fli-security-wrapper-newgrp-x86_64-unknown-linux-musl' from 'https://cache.nixos.org'...
copying path '/nix/store/hgnn2yl3hj7w0iab6hz84xnv9jri6afw-security-wrapper-newuidmap-x86_64-unknown-linux-musl' from 'https://cache.nixos.org'...
copying path '/nix/store/9lps3icq5sxbk1j7sd9xbj87iq4jwc34-security-wrapper-passwd-x86_64-unknown-linux-musl' from 'https://cache.nixos.org'...
copying path '/nix/store/ylxd0irlmslpss1dlkgpk1bdyfi950qy-security-wrapper-sg-x86_64-unknown-linux-musl' from 'https://cache.nixos.org'...
copying path '/nix/store/hhaailhpvf9rmfx5l7wiwjbrrm9b6k4d-shadow-4.18.0-su' from 'https://cache.nixos.org'...
copying path '/nix/store/ifrjmss47x3fxsnnm2nlj3k9jgd66gp8-util-linux-2.41.3-login' from 'https://cache.nixos.org'...
copying path '/nix/store/hfm2x56rps6brn8c0r2daj3bsz28dib5-util-linux-2.41.3-mount' from 'https://cache.nixos.org'...
copying path '/nix/store/w4pd3wnv01g7hlj7sjmsq1nj9rybi5p8-util-linux-2.41.3-swap' from 'https://cache.nixos.org'...
copying path '/nix/store/hxqh9181s1flbg6mfafsh8np4aqw6f7d-v4l-utils-1.32.0' from 'https://cache.nixos.org'...
copying path '/nix/store/9lwbkmlzi4flkb6lrlzlhwx6pii4snys-vid.stab-1.1.1-unstable-2025-08-21' from 'https://cache.nixos.org'...
copying path '/nix/store/mgsn7qi41f3lq4ip8mk3kga5x48p43w0-vo-aacenc-0.1.3' from 'https://cache.nixos.org'...
copying path '/nix/store/canm2w1wgn0y539whwbbcjlkbwl8sbz9-fuse-2.9.9-bin' from 'https://cache.nixos.org'...
copying path '/nix/store/8sd34pa01gjp10nb16mh0jlimbjwsq33-security-wrapper-su-x86_64-unknown-linux-musl' from 'https://cache.nixos.org'...
copying path '/nix/store/mfj583fb831l4gkf7sflyapp2dq9lys5-vo-amrwbenc-0.1.3' from 'https://cache.nixos.org'...
copying path '/nix/store/ayal0bmcqnxjvx2bdf5i0p28zbm8n93p-util-linux-2.41.3-bin' from 'https://cache.nixos.org'...
copying path '/nix/store/c7pv49qbkfqsdn39cwlxnw0k150xq1xw-volume_key-0.3.11' from 'https://cache.nixos.org'...
copying path '/nix/store/pl25kj7ikc5an4wifinfgy32rlnkmnbb-security-wrapper-fusermount-x86_64-unknown-linux-musl' from 'https://cache.nixos.org'...
copying path '/nix/store/lhzl3zl3mfl46grkmxda6j5921bki81j-vulkan-headers-1.4.335.0' from 'https://cache.nixos.org'...
copying path '/nix/store/p571ddsdkd75dilqibr5ly79yb6v88n3-vulkan-loader-1.4.335.0' from 'https://cache.nixos.org'...
copying path '/nix/store/d5s1b48ps5ywkwjhmrcq45nsz13s4534-vvenc-1.13.1-lib' from 'https://cache.nixos.org'...
copying path '/nix/store/xj8sb0z4163mxrhkfklvj1jx24c2ingy-v4l-utils-1.32.0-dev' from 'https://cache.nixos.org'...
copying path '/nix/store/9b82sv30sn44v7r4w4s4w14rwcnqxyih-wavpack-5.8.1' from 'https://cache.nixos.org'...
copying path '/nix/store/v252clrvl9pxhq7f7iway7m9r3i1z0vq-wayland-1.24.0' from 'https://cache.nixos.org'...
copying path '/nix/store/q5brlbbrjpxsjiwwz3b87j0iwqasr1ha-libblockdev-3.4.0' from 'https://cache.nixos.org'...
copying path '/nix/store/kry53h705nfni3nv71sv579iszbv25bw-wayland-protocols-1.47' from 'https://cache.nixos.org'...
copying path '/nix/store/pqxda2m60yp2446x7akjq17mclg4dwwy-libplacebo-5.264.1' from 'https://cache.nixos.org'...
copying path '/nix/store/51y3qxdacjl5j5nxz2gnsx5jq81p9ipa-egl-wayland-1.1.21' from 'https://cache.nixos.org'...
copying path '/nix/store/z99hma7bh38a2r1lzs71rlv1xny4vrkq-grim-1.5.0' from 'https://cache.nixos.org'...
copying path '/nix/store/42bjj6vp4q6wj4gbs0v6kzjxl82v1rqk-cups-2.4.16-dev' from 'https://cache.nixos.org'...
copying path '/nix/store/54lk459zri7qf3r87skj1w3qanxk9zc9-ghostscript-with-X-10.06.0' from 'https://cache.nixos.org'...
copying path '/nix/store/k98dlpanhvcr17yg71rllrx0fmmaxfb4-gst-plugins-base-1.26.5' from 'https://cache.nixos.org'...
copying path '/nix/store/ffgql3kkn7r7vyv6j2qm4fmfl2c3nhvk-gtk-engine-murrine-0.98.2' from 'https://cache.nixos.org'...
copying path '/nix/store/dicvl29h2y2fsk9vj6f4cjxblrsisfz0-egl-wayland-1.1.21-dev' from 'https://cache.nixos.org'...
copying path '/nix/store/dpn8jdn87qdgbydbsmcq0jcmw0c1rbny-libplacebo-7.351.0' from 'https://cache.nixos.org'...
building '/nix/store/fjj5i2la38kw2g3bh1w8nrrk0rb1vi0x-dry-activate.drv'...
building '/nix/store/0nmcdcaa0nfw5smyy7rdz8kgiphpqwxj-getty.drv'...
building '/nix/store/sq8cnnz9jx89i72fyxfr85iav6kkqy2c-stage-2-init.sh.drv'...
copying path '/nix/store/xw8adsxqwapghi9q97yizryxg0hs0jx6-brltty-6.8' from 'https://cache.nixos.org'...
building '/nix/store/9p5bl07gpj9f7bch7v07cri5nrihk86p-getty.drv'...
copying path '/nix/store/rjyak3l6chznxl24fkycsf3bckzzyp0l-libva-2.23.0' from 'https://cache.nixos.org'...
copying path '/nix/store/3m559z3m9374mrx0kpfpr28lr9zridwg-mdadm-4.4' from 'https://cache.nixos.org'...
copying path '/nix/store/sybmvwzc4z407zp78k2yhirvjhn6nk58-security-wrapper-mount-x86_64-unknown-linux-musl' from 'https://cache.nixos.org'...
copying path '/nix/store/hc297dfkljwhsa8kz1hg08mxl7bj5nb5-pop-gtk-theme-2021-08-19' from 'https://cache.nixos.org'...
copying path '/nix/store/yz0y3wy17g8nikmsdh0ivid9m3nili74-security-wrapper-umount-x86_64-unknown-linux-musl' from 'https://cache.nixos.org'...
copying path '/nix/store/9mwwc7lgn23xmfw5zvf05qzsksn8wsyq-sox-unstable-2021-05-09-lib' from 'https://cache.nixos.org'...
copying path '/nix/store/jmkc5fkl8q1g354m9jn33mln58prwn1g-swayidle-1.9.0' from 'https://cache.nixos.org'...
copying path '/nix/store/11ilxig15yrbcvycacqpb0w6f72ikyyj-util-linux-2.41.3-dev' from 'https://cache.nixos.org'...
copying path '/nix/store/4il80m1svmkzlyn1k6c8vsd7iwypih79-vulkan-loader-1.4.335.0-dev' from 'https://cache.nixos.org'...
copying path '/nix/store/di22f1zaizcrwqf6dnlrn32w32jk4s42-vvenc-1.13.1' from 'https://cache.nixos.org'...
copying path '/nix/store/py742dlf2lknyw7p25xh6jc2vkappw5f-wayland-1.24.0-dev' from 'https://cache.nixos.org'...
copying path '/nix/store/cjj5cj0bm4p2p8mxfsjakz6qbl2vkk5d-wayland-scanner-1.24.0' from 'https://cache.nixos.org'...
copying path '/nix/store/9x30z6c8j0vqnz2yxfiiisqzgr24ayr1-wayland-scanner-1.24.0-bin' from 'https://cache.nixos.org'...
copying path '/nix/store/gpj1y6zc2jf8s6gvy665dcyrjzljxf3p-webp-pixbuf-loader-0.2.7' from 'https://cache.nixos.org'...
copying path '/nix/store/y3i2n7c4ldqzr90spr7spfdsqm8h0v42-plasma-wayland-protocols-1.20.0-dev' from 'https://cache.nixos.org'...
copying path '/nix/store/b1hash5bjliqbqdbwjv39dl3mdj2ddz3-cosmic-settings-daemon-1.0.3' from 'https://cache.nixos.org'...
copying path '/nix/store/20szyfl368cay6fl42mqaz9v8lr63spj-webrtc-audio-processing-1.3' from 'https://cache.nixos.org'...
copying path '/nix/store/nj059xqgxa4fccli9zmqsp6ig14qa3qp-roc-toolkit-0.4.0' from 'https://cache.nixos.org'...
copying path '/nix/store/ydyw5cyibh52kha27c47mmiczna27g6h-wayland-scanner-1.24.0-dev' from 'https://cache.nixos.org'...
copying path '/nix/store/d5rsv0l0x8fl6l5ig28200m5l172nilq-gdk-pixbuf-loaders.cache' from 'https://cache.nixos.org'...
copying path '/nix/store/d57cbbnj0xyl5hc20rndpa21nyzjwz7k-webrtc-audio-processing-2.1' from 'https://cache.nixos.org'...
copying path '/nix/store/km50zarkv22ymh8hiysqhrldi8ckzwdl-wget-1.25.0' from 'https://cache.nixos.org'...
copying path '/nix/store/kf15x3a0czahyhrxyd6v6i1f3b06rjd4-which-2.23' from 'https://cache.nixos.org'...
building '/nix/store/5847s1x108vn3jz59zss5rgdm7ykfn8a-activation-script.drv'...
building '/nix/store/sk12jw64d5kb93dl83fad5m5g0jn1012-etc-sysctl.d-60-nixos.conf.drv'...
building '/nix/store/mp9mxv0rd412kr3gd6d8mx9k6iiffcs0-ld-library-path.drv'...
building '/nix/store/vmc0jgqlr4sr0igqqq9hhjb2wkb5z3af-nixos-generate-config.drv'...
building '/nix/store/0kxzz6baqknvahnlril4aiv0b8fd0n62-shutdown-ramfs-contents.json.drv'...
building '/nix/store/9s08ah25qkpq3gjaxa90hly85akpnmyj-systemd-boot.drv'...
building '/nix/store/23z5apwkbskwqg4p91yhrm9jvlpx95la-systemd-user.pam.drv'...
building '/nix/store/m8nckppdx9m8nilryg5bawvihzf07qa1-systemd.drv'...
copying path '/nix/store/g1hxv8yw8lnizh0j92zjdwhsypky461m-accountsservice-23.13.9' from 'https://cache.nixos.org'...
copying path '/nix/store/1nra10nr6z89sx7z3wa5rkgcl6vl77xj-appstream-1.0.4' from 'https://cache.nixos.org'...
copying path '/nix/store/w83bwb6v3k50p714wdiplnadr72vp0m5-brightnessctl-0.5.1' from 'https://cache.nixos.org'...
building '/nix/store/v2xsdyiq0x34k79kbk287k7kvkn0r8zz-udev-path.drv'...
building '/nix/store/lrhdlz3236fn9nsb3y3ls1yk6vmcjdza-unit-ModemManager.service.drv'...
building '/nix/store/m8j2kmgvp3kw3zr9w1q1nrihpghvnwg1-unit-NetworkManager-dispatcher.service.drv'...
building '/nix/store/pih3bbbmyv0ymiqgknjkyfvvyrm8f4hp-unit-NetworkManager-wait-online.service.drv'...
copying path '/nix/store/d20jggdy16wqrqbprpgli39n3yqz4dvv-gst-plugins-good-1.26.5' from 'https://cache.nixos.org'...
copying path '/nix/store/bbibsbizf7adybyzk1lkf22dibybs2ak-libcamera-0.6.0' from 'https://cache.nixos.org'...
building '/nix/store/xy5iz61l46acslfpvziclk0f55qn05fi-X-Restart-Triggers-systemd-sysctl.drv'...
building '/nix/store/01y3jryaccjnvryrfz1ng8y6km5xph3l-unit-NetworkManager.service.drv'...
building '/nix/store/qv3arai84618skd86p0ps0g9af5dfmk8-unit-acpid.service.drv'...
building '/nix/store/2ygbirgw89p0qsf57i0cpjrv3nf6bnj8-unit-autovt-.service.drv'...
building '/nix/store/sc76pa1f1067qlh985f45hb3sp0205qg-unit-avahi-daemon.service.drv'...
building '/nix/store/d1mygw1knyp3vipfab3qkm54fjnlmnai-unit-bluetooth.service.drv'...
copying path '/nix/store/hlljl9d67hmqh0r3017a4hkkdbmjm95s-libei-1.5.0' from 'https://cache.nixos.org'...
copying path '/nix/store/qszniwgc30hhq366dh64482qw2hl3a86-libcanberra-0.30' from 'https://cache.nixos.org'...
copying path '/nix/store/iw7648qsbf4423vlppmaxsgcy97p1y2n-modemmanager-1.24.0' from 'https://cache.nixos.org'...
building '/nix/store/gddmixkbg95fs0jv8vf0gmabhsinsb16-50-coredump.conf.drv'...
building '/nix/store/sicr0dgc3swr5pjza0skf2kxm7jas8r4-install-systemd-boot.sh.drv'...
building '/nix/store/bfw20frhf4lrss13yvdxl461ffb47q54-unit-container-getty-.service.drv'...
building '/nix/store/zfr6c9png011v5bwngfzaz2l4jk4bh4m-unit-display-manager.service.drv'...
building '/nix/store/dsccpa16vbl4skh7n0xrz5ihr0xf2b00-unit-filter-chain.service.drv'...
building '/nix/store/ddf52sha45warsk1kjma6xy3xwzcbg3d-unit-firewall.service.drv'...
building '/nix/store/2lym1q35vwplb0f3i0588snc517kl25z-unit-gcr-ssh-agent.service.drv'...
copying path '/nix/store/8921j7ds4781vb7x0bkhhd7awpxmrkfa-ostree-2025.2' from 'https://cache.nixos.org'...
copying path '/nix/store/6h0fn5ghyq1bkzn54rx8lwck338a65yy-pulseaudio-17.0' from 'https://cache.nixos.org'...
building '/nix/store/yd8yf7sm84bywvw516fj7wy6jx7aaj5x-unit-generate-shutdown-ramfs.service.drv'...
building '/nix/store/anipzdprkgx6qiynv7h0p2016q9fy4aa-unit-geoclue.service.drv'...
building '/nix/store/5963hwff9g2wqa1j95cb0lvgv6fj4smx-unit-getty-.service.drv'...
building '/nix/store/8rbyh6p5xwsqssib1j8js8d4ja1fp8qz-unit-keyd.service.drv'...
building '/nix/store/bb6b3s76w4vjgk7jp2xwb6zsbnq2a7m0-unit-kmod-static-nodes.service.drv'...
building '/nix/store/8xmh0za9bxvmidgkycmsf8r1ddrqb7vp-unit-lastlog2-import.service.drv'...
building '/nix/store/7gq10apj2k0b7swh46w10qx9i07r66mh-unit-logrotate-checkconf.service.drv'...
copying path '/nix/store/2zxv2v7bcbl9whsnz9xkpsrlpvsd44z5-seatd-0.9.2' from 'https://cache.nixos.org'...
copying path '/nix/store/md6h5xalwyv6h10i2ljckk2a05s73jfz-rtkit-0.14' from 'https://cache.nixos.org'...
copying path '/nix/store/ikxl8m3nf6a08xlb9w3c5dw0v2dgggzi-swaybg-1.2.1' from 'https://cache.nixos.org'...
copying path '/nix/store/a0y3g6aqqjfgjh4c8vfyl5cz4nzfw6cj-samba-4.22.6' from 'https://cache.nixos.org'...
building '/nix/store/gdj82vw74r1pkgp8dan92b5hkjgadzlm-unit-logrotate.service.drv'...
building '/nix/store/fbph644pzifs5c51q7cads9wzx1vqlaj-unit-network-setup.service.drv'...
building '/nix/store/ji2h8p4i676w69lf1rrv8n7mwariidw1-unit-nix-daemon.service.drv'...
building '/nix/store/2h9ng63b5kan6y2jaamydp447bbrbyjf-unit-nix-gc.service.drv'...
building '/nix/store/y0fflckd4icj5pw1njcanb1qyj4k6d90-unit-nix-optimise.service.drv'...
building '/nix/store/qrb5vfq74dk5bmpay49zsr23sk2r9pqj-unit-nscd.service.drv'...
building '/nix/store/8prjpb7ka1fjwpf7saxpkxn9kjlkywp8-unit-obex.service.drv'...
building '/nix/store/xglw0sk5adykajz067s7brng6s626n0j-unit-pipewire-pulse.service.drv'...
building '/nix/store/znynr75mkd1bp9r4xa4hxz1lwkfy2flz-unit-pipewire.service.drv'...
building '/nix/store/4vsxwh8q8l988wl7zyycv1wanq5q3gl1-unit-post-resume.service.drv'...
building '/nix/store/qikq6rdv21zijc8jckgkgqm1w9b7smhk-unit-pre-sleep.service.drv'...
building '/nix/store/qrmfydbnqg6pcnjh8k3j2vxw2cdr7clr-unit-prepare-kexec.service.drv'...
building '/nix/store/ax5rgh6f87zc9bf7grxf3c42fj5w1y8k-unit-reload-systemd-vconsole-setup.service.drv'...
building '/nix/store/arl3wvwfllsfk77a1i623aimxckyb32d-unit-resolvconf.service.drv'...
copying path '/nix/store/df1yhy4irss2qrm28v9d96fm0g7vij46-systemd-258.3-dev' from 'https://cache.nixos.org'...
copying path '/nix/store/bv4k2vfbcmdclz5cb9fikr1n8v7lfjqg-systemd-default-tmpfiles' from 'https://cache.nixos.org'...
copying path '/nix/store/rbcjcibjqa3rp6j01p235jajqrrm60yw-wireless-regdb-2025.10.07-zstd' from 'https://cache.nixos.org'...
copying path '/nix/store/19x6kwx91avdz7ii96fsbvcizz95a29i-wildmidi.cfg' from 'https://cache.nixos.org'...
copying path '/nix/store/gq8zp6czk8yyxc3cw6m1zww5ywzwxliz-wireplumber-0.5.13-doc' from 'https://cache.nixos.org'...
building '/nix/store/6pzzp671nxgzqyg7w8xy4vzcn7vysv2f-unit-save-hwclock.service.drv'...
building '/nix/store/khknjbk06si2s0whgjvlpfcrjrbj96hd-unit-script-linger-users-start.drv'...
building '/nix/store/7jkgh94b1vncmmirshb1rahvczplg8l8-unit-script-nixos-activation-start.drv'...
building '/nix/store/kcl7mgy0b2jg01zp5a1fd0mv70gr920x-unit-serial-getty-.service.drv'...
building '/nix/store/xrkcif6z36k94jvia77m01hfj8fv3f98-unit-systemd-backlight-.service.drv'...
building '/nix/store/pfwhq2avr6v5fm57mab455hf66x67si2-unit-systemd-fsck-.service.drv'...
building '/nix/store/graija4a7rvavirhdkias852m4g63dra-unit-systemd-importd.service.drv'...
copying path '/nix/store/425gvb2xnhkwb1izjr97wpwdwndwi516-rustc-wrapper-1.92.0-doc' from 'https://cache.nixos.org'...
building '/nix/store/jsc984rmhk4zvm421ib9gbjncd2bgb8w-unit-rtkit-daemon.service.drv'...
building '/nix/store/wyq8ii1mh1ybzbd2nb3aarz52xqj85qi-unit-systemd-journal-flush.service.drv'...
building '/nix/store/z1pdpf6vlx7y38d9wy58y63bsw4ag0d8-unit-systemd-journald-.service.drv'...
building '/nix/store/1xrlms5h9qijcqp2pdb2vrv62ang82xf-unit-systemd-journald.service.drv'...
building '/nix/store/wz4xhd2dx0czisl6ylp1zjw5gpmbxcb5-unit-systemd-logind.service.drv'...
building '/nix/store/p211r05nxqvclsbrp9a31i52aqxqrz0h-unit-systemd-makefs-.service.drv'...
building '/nix/store/rrmfdrwji5nfamp0lpyi52697j4m0m6y-unit-systemd-mkswap-.service.drv'...
copying path '/nix/store/7rcqsmvmahn0gxiamfvvif9lx7nz2x83-wpa_supplicant-2.11' from 'https://cache.nixos.org'...
copying path '/nix/store/yl7cg1l981igvf2pil9lfxkylb10dl7d-x265-4.1' from 'https://cache.nixos.org'...
copying path '/nix/store/l796cj5xa1czjcq6iivjs8lvm0igk268-x11-ssh-askpass-1.2.4.1' from 'https://cache.nixos.org'...
copying path '/nix/store/lxakknx4qbbh83fkkycgn1l5y4vp3qlx-x264-0-unstable-2025-01-03-lib' from 'https://cache.nixos.org'...
copying path '/nix/store/99cwjv6l8i2hnpncgwjnsqkimxiviwcm-xavs-55' from 'https://cache.nixos.org'...
copying path '/nix/store/2h1wa7f11c1964v5bjvxfcqvxsapblzc-xauth-1.1.5' from 'https://cache.nixos.org'...
copying path '/nix/store/2wxb3cnmnd977gjh1197ck69ybpk6ggf-xavs2-1.4-lib' from 'https://cache.nixos.org'...
copying path '/nix/store/sd3mr1fipwinl94dc3x80plyxhq3mkh2-xcb-imdkit-1.0.9' from 'https://cache.nixos.org'...
building '/nix/store/ma6yb32rr534256fxbd3gp6yrsrmpskb-unit-linger-users.service.drv'...
building '/nix/store/wg5mmc3g9a2kn94bi98srlsxygrgz4m9-unit-nixos-activation.service.drv'...
building '/nix/store/fba5wk2vva0az8s4wp7f8jxnh15r251v-unit-systemd-modules-load.service.drv'...
building '/nix/store/nx1mhxr7j8pv9ppmplmy3sivddbbph5h-unit-systemd-nspawn-.service.drv'...
building '/nix/store/byskrv6lr8zx790zcmp79zsvqzalz8s7-unit-systemd-oomd.service.drv'...
building '/nix/store/wp9zzaj9v2z729cb5isir9425namn3vd-unit-systemd-pstore.service.drv'...
building '/nix/store/z68nbiy1lala1pvar49l0142nyyy22rf-unit-systemd-random-seed.service.drv'...
building '/nix/store/7gdrvrmpz25ijq6im1k5fg1gblyw79rr-unit-systemd-remount-fs.service.drv'...
building '/nix/store/22f3n7bykwd36zsv1l9np88ycnzzfjr3-unit-systemd-sysctl.service.drv'...
building '/nix/store/pggnn25mj71vi5vzrms0hil6av7m77rx-unit-systemd-timedated.service.drv'...
building '/nix/store/x4rzsg9z95k9shj57xx5cg5wmshyx888-unit-systemd-timesyncd.service.drv'...
building '/nix/store/dkljgskzd7bwqbbv3s6q247v1pa9k246-unit-systemd-tmpfiles-setup.service.drv'...
building '/nix/store/wb0f9maxjkymcdc7jz9lwivhi6ksga5d-unit-systemd-udev-settle.service.drv'...
building '/nix/store/pkv5cvj3rpq55rqbbapdvsxkgqivqmj0-unit-systemd-update-utmp.service.drv'...
copying path '/nix/store/gi8lzxpif7mpv8z42rl2ahjmk3lx6xkn-gst-plugins-good-1.26.5-dev' from 'https://cache.nixos.org'...
copying path '/nix/store/wf4h0gj74agvrgwscgd8qcifirpia6dm-networkmanager-1.54.3' from 'https://cache.nixos.org'...
building '/nix/store/4lxpnab8rxs0r5zxric6cxgw9xdllfkq-unit-systemd-user-sessions.service.drv'...
building '/nix/store/sasrab41yzdlhmhck3psqf78gpabll7p-unit-user-.service.drv'...
building '/nix/store/f7mwz01vxprbm3j00539rrm2rfski0j6-unit-user-runtime-dir-.service.drv'...
building '/nix/store/3rfv9hjvmygi12jsaik6xh74ql71pz6k-etc-ssh-ssh_config.drv'...
building '/nix/store/b8n6kyyzz91m5sjpkc62slc3jphpg89d-su.pam.drv'...
copying path '/nix/store/l6vz7b793p457gqdbl6jidx4v09bv905-wildmidi-0.4.6' from 'https://cache.nixos.org'...
copying path '/nix/store/cw1sfkx2wgz1dc7jywdk6kn2jyk2jh47-xevd-0.5.0-lib' from 'https://cache.nixos.org'...
copying path '/nix/store/qxzd9s9hligan68958ql7n839a8mzm99-xdg-user-dirs-0.19' from 'https://cache.nixos.org'...
copying path '/nix/store/gz5i7cd1jhxbn3g707xb3fh1dmnd02yi-xeve-0.5.1-lib' from 'https://cache.nixos.org'...
copying path '/nix/store/xadani2kwj6dzrdiyaqp3sh212ixznis-xdg-dbus-proxy-0.1.6' from 'https://cache.nixos.org'...
copying path '/nix/store/av5c7yzpnw1v8mpmjzc78j5nzyalsz5q-xf86-input-evdev-2.11.0' from 'https://cache.nixos.org'...
building '/nix/store/cir0mvnafp6sypxh7m9n7amasca7d59k-unit-wpa_supplicant.service.drv'...
copying path '/nix/store/nrlx22r914mqmrddj9djc20w13nrj5dm-xfconf-4.20.0' from 'https://cache.nixos.org'...
copying path '/nix/store/j2fsszd4cvn7f1a69w3h36hqzp5s17kd-xfsprogs-6.17.0' from 'https://cache.nixos.org'...
copying path '/nix/store/fa7gv022wa9krmw4iycgcr3rkakqpb31-xf86-input-libinput-1.5.0' from 'https://cache.nixos.org'...
copying path '/nix/store/0xypmry8xznw2ciwc41zr83p80hb3aq8-xdg-utils-1.2.1' from 'https://cache.nixos.org'...
copying path '/nix/store/76d44gqwrl96b04gq33b421hmgrg7vrj-xgcc-15.2.0-libgcc' from 'https://cache.nixos.org'...
copying path '/nix/store/wndc8fvx29n4cmw6jc0pzqaax3d6fdzr-xinput-1.6.4' from 'https://cache.nixos.org'...
copying path '/nix/store/ndd2cy7nzalasnjrdyz48c90wg9fjzig-xkeyboard-config-2.46' from 'https://cache.nixos.org'...
copying path '/nix/store/4r9fwb4f5n20pdvakgas5b8kzzrqw3b9-xlsclients-1.1.5' from 'https://cache.nixos.org'...
copying path '/nix/store/67lzqabpcabrvlrady7hbd2s4zs08fd1-wl-clipboard-2.2.1' from 'https://cache.nixos.org'...
copying path '/nix/store/v80f5g95bb540sz5qd3cjbzis091p015-xorgproto-2025.1' from 'https://cache.nixos.org'...
copying path '/nix/store/k3ysvdd66b36s3fyw998vlyww2668fbk-xprop-1.2.8' from 'https://cache.nixos.org'...
copying path '/nix/store/bhvwg94ax4yb5v4lpxy5s6cn97lixqx5-xfsprogs-6.17.0-bin' from 'https://cache.nixos.org'...
copying path '/nix/store/dp3xhzfdc7c0p4vy1d7bsmdd0gsdx1ca-libheif-1.20.2-lib' from 'https://cache.nixos.org'...
copying path '/nix/store/qf7b55c64gmpi350p5bd396bwncvkrsx-xrandr-1.5.3' from 'https://cache.nixos.org'...
copying path '/nix/store/79h9d2mrnab52kq2qj1migna57grjllq-glibc-2.42-47' from 'https://cache.nixos.org'...
copying path '/nix/store/3kz94av96qkg6wmp1hi2w1d88qk70318-xrdb-1.2.2' from 'https://cache.nixos.org'...
copying path '/nix/store/265dqf4641bjp62j4kwn3b8yzk3fsh1y-xset-1.2.5' from 'https://cache.nixos.org'...
copying path '/nix/store/5fd6w0s66kw9al4xnv38dhcd8bcrijcs-xsetroot-1.1.3' from 'https://cache.nixos.org'...
copying path '/nix/store/0wl4rgapyp3g9cr1k6z7393kg282wfby-xterm-406' from 'https://cache.nixos.org'...
building '/nix/store/5s9xqbs6sffy8cf85j3yrhg84ghk1qi8-xsession-wrapper.drv'...
copying path '/nix/store/85qlnnh9v2nkg5135xsls97kgiwp0sdz-xtrans-1.6.0' from 'https://cache.nixos.org'...
copying path '/nix/store/5gapzf90bhyy4q97c6c689v42rk1c54b-xvidcore-1.3.7' from 'https://cache.nixos.org'...
copying path '/nix/store/bd3w1kiylx50mbdq1qnghxnrk7rqw7ib-libx11-1.8.12-dev' from 'https://cache.nixos.org'...
copying path '/nix/store/gn4drv7qfx1irarq6s0gdvisb3vizcnw-libxau-1.0.12-dev' from 'https://cache.nixos.org'...
copying path '/nix/store/8xmb0d22hbdh3fgww1zdb0ghfba0gnvc-libxcomposite-0.4.6-dev' from 'https://cache.nixos.org'...
copying path '/nix/store/p8fp81k8ijs1rcis284wbl9iphr46kl5-libxdamage-1.1.6-dev' from 'https://cache.nixos.org'...
copying path '/nix/store/n3s0cik7gcnqy5xydbflfmib1i6sv51h-gdk-pixbuf-loaders.cache' from 'https://cache.nixos.org'...
copying path '/nix/store/x60ccfr9gd8dqm91aqz8x5s8dhsdvr69-imagemagick-7.1.2-12' from 'https://cache.nixos.org'...
copying path '/nix/store/356dcr5xg1yw4h1gb7232jsbkhg8nj1f-libepoxy-1.5.10-dev' from 'https://cache.nixos.org'...
copying path '/nix/store/cpsfac96vqf4aq7y4ggavwjkr1jjp1hx-libheif-1.20.2-bin' from 'https://cache.nixos.org'...
copying path '/nix/store/7bjf4y2jf16gbin2dz8zs7kzj7im6x5g-libxext-1.3.6-dev' from 'https://cache.nixos.org'...
copying path '/nix/store/d0pzn8jmdmn0wfygcaydf4lxnff6nkpq-libxfont_2-2.0.7-dev' from 'https://cache.nixos.org'...
copying path '/nix/store/83ggnh4y8lp998wxl85v3rzdq6gcgxdd-libxinerama-1.1.5-dev' from 'https://cache.nixos.org'...
copying path '/nix/store/ni6pwnn5cg4mwm2fkmqrm2bzjvj16b64-libxkbcommon-1.11.0' from 'https://cache.nixos.org'...
copying path '/nix/store/zwbx2jpq3s1s0h8jlbqb2clfanh06v1s-libxpm-3.5.17-dev' from 'https://cache.nixos.org'...
copying path '/nix/store/4b5ins5hx2b7cz3fynfhifdkz1icivka-libxrender-0.9.12-dev' from 'https://cache.nixos.org'...
copying path '/nix/store/3ff2i1by76icng5azfy1lww2nmdw3wi4-libxi-1.8.2-dev' from 'https://cache.nixos.org'...
copying path '/nix/store/23wfxbx39sj4b99scq92p9j0wnq827p6-libxres-1.2.3-dev' from 'https://cache.nixos.org'...
copying path '/nix/store/x06gn1rsbczks46mi2v1w0pyv574dx0v-libxscrnsaver-1.2.5' from 'https://cache.nixos.org'...
copying path '/nix/store/fnxxvh89rpgf9vybrdw56s3pkbsj1rsn-libxshmfence-1.3.3-dev' from 'https://cache.nixos.org'...
copying path '/nix/store/wqk2ml5riji8mnlxsn4y98bv2jiv2caj-libheif-1.20.2' from 'https://cache.nixos.org'...
copying path '/nix/store/iccg8wnrd4awzcs0ccrikx7ra3hadzck-libxt-1.3.1-dev' from 'https://cache.nixos.org'...
copying path '/nix/store/dibxrry7ws9gacpvx32scrb4akvcpwg6-libxrandr-1.5.4-dev' from 'https://cache.nixos.org'...
copying path '/nix/store/41ygcip1bagrqy7rl6zl363j6jh4rgsx-networkmanager-1.54.3-dev' from 'https://cache.nixos.org'...
copying path '/nix/store/81f5a73b9rxcr2dmvlsv02qy2ajpz5gg-setxkbmap-1.3.4' from 'https://cache.nixos.org'...
copying path '/nix/store/d88vkrd5dxvra97y38bvp792i3db9sfc-udisks-2.11.0' from 'https://cache.nixos.org'...
copying path '/nix/store/hjsh6bjjcqns6bi2j4fjbs93iqgnpgvk-alacritty-0.16.1' from 'https://cache.nixos.org'...
copying path '/nix/store/r5z5l1059j1b9nwd9kxpkgq0wrkz3szr-foot-1.25.0' from 'https://cache.nixos.org'...
copying path '/nix/store/cg89xd93ldyjwxjw05zzpgs1yr3nzj9c-gtk+3-3.24.51' from 'https://cache.nixos.org'...
copying path '/nix/store/sghcdski3gbslpqrypa9gl6v43kkjcyb-libheif-1.20.2-dev' from 'https://cache.nixos.org'...
copying path '/nix/store/vi6gkki39fqlm3fhvrgkgfpb2b4f4x89-libxkbcommon-1.11.0-dev' from 'https://cache.nixos.org'...
copying path '/nix/store/l9f53fhb71qwmdwi5wni195iqf21x8kl-libxmu-1.2.1-dev' from 'https://cache.nixos.org'...
copying path '/nix/store/9v8gfw82l0nbdnq57dfr4yh57bxn9mnp-rofi-unwrapped-2.0.0' from 'https://cache.nixos.org'...
copying path '/nix/store/3drs32czrdz2q3j4y8w0h3qgf382zj4l-slurp-1.5.0' from 'https://cache.nixos.org'...
copying path '/nix/store/dnm8s7w8fln8mh4qy56swiznha69kj1c-libxaw-1.0.16-dev' from 'https://cache.nixos.org'...
copying path '/nix/store/jip1m6xg715fvcwnj9lvyy6z9a7fbs2n-swaylock-1.8.4' from 'https://cache.nixos.org'...
copying path '/nix/store/ql78i5ic5a1hkhdhc0gldfpgz9zqn4l9-wmenu-0.2.0' from 'https://cache.nixos.org'...
copying path '/nix/store/lxp5ssn9xsjmi3ilk6rffrgl7f18m0l9-xkbcomp-1.5.0' from 'https://cache.nixos.org'...
building '/nix/store/p2ni0ia0yzy90zb0dsvrqv57nv8vk88p-blueboy-0.1.0.drv'...
copying path '/nix/store/915swcvzwhxqy134nsrjhbgssiddf9z9-xwayland-24.1.9.tar.xz' from 'https://cache.nixos.org'...
copying path '/nix/store/y842yg6nv4k8rc9jpcfb93zwzy8pfabj-xxHash-0.8.3' from 'https://cache.nixos.org'...
copying path '/nix/store/cyj5r0fl783cqyaxj0a2v46b1maxvfdy-xz-5.8.2-dev' from 'https://cache.nixos.org'...
copying path '/nix/store/194cpkllxxn80ryxc26k5jdymrvh039b-xz-5.8.2-doc' from 'https://cache.nixos.org'...
copying path '/nix/store/0afjgpz2xpdhgr4gkynyyhwla61w2nxp-xz-5.8.2-man' from 'https://cache.nixos.org'...
copying path '/nix/store/c8hjzhj8vmvxfyszxkimrkwhkqymf1lh-yazi-26.1.22' from 'https://cache.nixos.org'...
copying path '/nix/store/rsn27cjrh12ss1g3mqwdcpb95ybllbbg-yyjson-0.12.0' from 'https://cache.nixos.org'...
copying path '/nix/store/inwcsf3bjyf8cpkfwqdx72jmx4bh9vkx-libunwind-1.8.3-dev' from 'https://cache.nixos.org'...
copying path '/nix/store/4ip8dc15r758m8yc30bycq0vxj8ic6yg-xorg-server-21.1.21' from 'https://cache.nixos.org'...
copying path '/nix/store/pgjja711w3aysxqd3g67zfmpgnx8smfy-rsync-3.4.1' from 'https://cache.nixos.org'...
copying path '/nix/store/y1fvzk9rzxixh7lk70k6hjyvcsc8zhi5-zathura-0.5.14' from 'https://cache.nixos.org'...
copying path '/nix/store/pvaqzgkvc2abd2x1069ryqyg2hgfvk05-zathura-0.5.14-man' from 'https://cache.nixos.org'...
copying path '/nix/store/nhr3xb0f362qf34rxw66zk3kxiyqg3r2-zd1211-firmware-1.5-zstd' from 'https://cache.nixos.org'...
copying path '/nix/store/8w1fykd8l3xp1lfiwyrakjlv8lfcrh6i-zeromq-4.3.5' from 'https://cache.nixos.org'...
copying path '/nix/store/vfp28wg1niwn8vw0d0vfkxfq1yx9l3wv-fastfetch-2.58.0' from 'https://cache.nixos.org'...
copying path '/nix/store/g85wsrzcdqsz2fs0vdv847x438m5pknk-zimg-3.0.6' from 'https://cache.nixos.org'...
copying path '/nix/store/hiyn41h4l60s3m0gvd5y2h0x2s2z44b6-zix-0.6.2' from 'https://cache.nixos.org'...
copying path '/nix/store/wlafyp4d5mjdfvkj88m4l2a84fzcxjfv-zlib-1.3.1-dev' from 'https://cache.nixos.org'...
copying path '/nix/store/f26fvaq7skzyghmbqz75z2d27ny1ma2v-zoxide-0.9.8' from 'https://cache.nixos.org'...
copying path '/nix/store/ghzs95qyvdr92d45xx52vfa778qhw908-zsh-5.9' from 'https://cache.nixos.org'...
copying path '/nix/store/iacrva1d9wq6wapmi3qwhxmvib3jmx8r-sord-0.16.20' from 'https://cache.nixos.org'...
copying path '/nix/store/1zpdv6g5dawfialmjqnrizmg9c27df8k-curl-8.17.0-dev' from 'https://cache.nixos.org'...
copying path '/nix/store/50fnfi2484nn8dzbh7ric41a96ml3581-glib-2.86.3-dev' from 'https://cache.nixos.org'...
copying path '/nix/store/r6r44cz0zd4zx4yjsb700h2kfhs9r3rn-attr-2.5.2' from 'https://cache.nixos.org'...
copying path '/nix/store/hypyw808ykq97jw0abx7pgv3pqq0gyv7-bash-5.3p9' from 'https://cache.nixos.org'...
copying path '/nix/store/7saf7wna5m0hmxagd8ajcdk36ac564ax-brotli-1.2.0-lib' from 'https://cache.nixos.org'...
building '/nix/store/w6aaan280hygmpp41f7i3mig5fp706bm-cloudflare-warp_2025.10.186.0_amd64.deb.drv'...
building '/nix/store/9na8hj4xiy3w8dsd8w6q986xavhvj5xx-obsidian-1.11.5.tar.gz.drv'...
building '/nix/store/v3yw0p6dich0vwn6rjrsa8ii5wkpc568-obsidian-logo-gradient.svg.drv'...
building '/nix/store/x2kkyb2zmyp1lmzpphplccwbf9gb6ir9-source.drv'...
building '/nix/store/n1rphnj0y679gd6f2ldmcc8j1y94rfyv-v0.26.3.tar.gz.drv'...
building '/nix/store/04sjbhvaa0q6khp688g89s1450a0j3jp-v0.4.1.tar.gz.drv'...
building '/nix/store/v61kd0xj4dvmdg7r5v36wnsbd1z04hdc-v0.5.1.tar.gz.drv'...
copying path '/nix/store/l1d5n4177jfnr69v87g6a1y4qc1bdnhg-bzip2-1.0.8' from 'https://cache.nixos.org'...
copying path '/nix/store/virhahb72zi88bdyxr1vqghdipahnz8w-cdparanoia-III-10.2' from 'https://cache.nixos.org'...
copying path '/nix/store/n4hd2bachqhd306zmwhbc7mmd49grjvm-cjson-1.7.19' from 'https://cache.nixos.org'...
copying path '/nix/store/cl2gq1zb1vz9mb26aqi2j9sisfnn7dgz-ell-0.81' from 'https://cache.nixos.org'...
copying path '/nix/store/a344ch21fnin5nd4jcbavmafyi75dz2w-fdk-aac-2.0.3' from 'https://cache.nixos.org'...
copying path '/nix/store/lxbdd8naimmx07dab0yhfgqr61ycjqv8-expat-2.7.3' from 'https://cache.nixos.org'...
copying path '/nix/store/0fhmh2qq83x4drl6p4ix72d7pb579kw4-dav1d-1.5.3' from 'https://cache.nixos.org'...
copying path '/nix/store/kkc64aj8dzxbgqs9vsar1z2b94h35pbz-gcc-15.2.0-lib' from 'https://cache.nixos.org'...
copying path '/nix/store/cvq5dz15wf8qcsdhs69s97pdiz59k3cp-gdbm-1.26-lib' from 'https://cache.nixos.org'...
copying path '/nix/store/q1kyhxz9jcqyjqkvqkbx4709r3cpsqgi-fribidi-1.0.16' from 'https://cache.nixos.org'...
copying path '/nix/store/xx5z1jg54321civmf7h8vyzvypi0fx26-glibc-2.42-47-getent' from 'https://cache.nixos.org'...
copying path '/nix/store/x8g2i34f2b86wm5kwz1nw67a1l32g0gc-giflib-5.2.2' from 'https://cache.nixos.org'...
copying path '/nix/store/8zfhd2zlsms8y490sg1d9pf3rc2g7j34-keyutils-1.6.3-lib' from 'https://cache.nixos.org'...
copying path '/nix/store/48mmazp6wi1zn92rj1a1sp99gcbhipdb-json-c-0.18' from 'https://cache.nixos.org'...
copying path '/nix/store/szynwimc5yz79dph3s46g00dwh6k70p0-lame-3.100-lib' from 'https://cache.nixos.org'...
building '/nix/store/ic6a7w93297l5sbqk35zfjwm7lfb6f94-etc-shells.drv'...
building '/nix/store/5pagizq9nrwa0ysycb4d66gplvi9srm6-linux-6.12.67-modules.drv'...
copying path '/nix/store/k2clgvs4f7868m30pwwb6akbhn3gvnv6-acl-2.3.2' from 'https://cache.nixos.org'...
copying path '/nix/store/90wk185ghw9axl97zqqm2w40rnz2fg3b-at-spi2-core-2.58.2-dev' from 'https://cache.nixos.org'...
copying path '/nix/store/icd34hc1imrcwd1ip0gbg5cdww87lnqh-cef-binary-6533' from 'https://cache.nixos.org'...
copying path '/nix/store/xibf2ayyaljj1r7wgjf4n7n4vg5z8n2v-clang-21.1.8-lib' from 'https://cache.nixos.org'...
copying path '/nix/store/gf428hf3020iq66yyghsza7m6bgk4p2z-ayatana-ido-0.10.4' from 'https://cache.nixos.org'...
copying path '/nix/store/849ncb1s5alchc7g4l51r7h0k6r4y7k9-dbus-glib-0.114-dev' from 'https://cache.nixos.org'...
building '/nix/store/jq66fxf8h0k0is9s250agad4v24p71my-v0.8.0.tar.gz.drv'...
building '/nix/store/lb1v0m6fimbw0sdhjzkwl15d687brbri-v0.8.0.tar.gz.drv'...
copying path '/nix/store/nl89dc49093hbrl4skflc4hy56w4khaf-flatpak-1.16.2' from 'https://cache.nixos.org'...
copying path '/nix/store/bi1bc5aj3bbbnhbdx58prwb3ldmkhrw2-gcr-3.41.2' from 'https://cache.nixos.org'...
copying path '/nix/store/6k741lbrlxicnmr828k9qvy6049pcnv7-geoclue-2.7.2' from 'https://cache.nixos.org'...
copying path '/nix/store/z1kn0dg7g9jrg07255h5nf0mvz5002mh-getent-glibc-2.42-47' from 'https://cache.nixos.org'...
copying path '/nix/store/4s191cz5gphlp42dlq44dzds00nmpmvd-girara-0.4.5' from 'https://cache.nixos.org'...
copying path '/nix/store/5r7ig6wjlg6d77kiikyaiiyb2knd3pc4-gnum4-1.4.20' from 'https://cache.nixos.org'...
copying path '/nix/store/sqkq1dclffik7hdk2v7z4kdjbaakv9n4-gobject-introspection-1.86.0-dev' from 'https://cache.nixos.org'...
copying path '/nix/store/1ndnax7q7bm8mnn4g1pkg5p3v0dn1y3c-gpsd-3.27.5' from 'https://cache.nixos.org'...
building '/nix/store/diz3pglsin18bqhzaw1iazyi1rjdgixh-v4.1.0.tar.gz.drv'...
copying path '/nix/store/fi15890rmq0cdcfbmad0zs7zycvylp9j-gnutar-1.35' from 'https://cache.nixos.org'...
copying path '/nix/store/f6b08p1wlc55yp862j0n77ybl0g57dfn-gstreamer-1.26.5-dev' from 'https://cache.nixos.org'...
copying path '/nix/store/vl6dycidnqfy52gmd64nz1idxcillklk-gtk-layer-shell-0.10.0' from 'https://cache.nixos.org'...
copying path '/nix/store/hbnvzgwpyqdgbzamycj4n74pfvkwpzmx-gtkmm-3.24.10' from 'https://cache.nixos.org'...
copying path '/nix/store/0dlx4lnnmwpps4zr0ladg3a6cihwhqdh-gvfs-1.58.0' from 'https://cache.nixos.org'...
copying path '/nix/store/xbr22wsfcpmr80rp7lx6k9k130giif9c-lcms2-2.17' from 'https://cache.nixos.org'...
copying path '/nix/store/rflgylm4frlz1580igwhcpdvkdllpk0x-db-4.8.30' from 'https://cache.nixos.org'...
building '/nix/store/vyi3vfk2bxy5rqjw8khjdz9bqasgp0pp-tree-sitter-lua-neovim-270c7b4.drv'...
copying path '/nix/store/rm305p2vj16c4gv30bz60nx6gvx8p6pd-fftw-single-3.3.10' from 'https://cache.nixos.org'...
building '/nix/store/5ymlr5y6xky11sj3l0c5vz9sn0r5fwa1-tree-sitter-markdown-neovim-270c7b4.drv'...
copying path '/nix/store/amhb5b2az4n22jk225wvwzb5rlrnjk6n-gmp-with-cxx-6.3.0' from 'https://cache.nixos.org'...
building '/nix/store/dgsc0w8v9hkiqmwy0fwlp5x9yvl5p3y4-tree-sitter-markdown_inline-neovim-270c7b4.drv'...
copying path '/nix/store/jk8g10bpn806bhf1fc1wjpiy0m0d0dqa-gmp-with-cxx-6.3.0' from 'https://cache.nixos.org'...
copying path '/nix/store/bzhxk01ph79lpg51qrpb7b9c81wn4vfq-graphite2-1.3.14' from 'https://cache.nixos.org'...
copying path '/nix/store/0sfza62yir5als9byacgc2xi4w77v1d8-gobject-introspection-wrapped-1.86.0-dev' from 'https://cache.nixos.org'...
building '/nix/store/slvyyv951437b61jk75qfh8548srkvwi-tree-sitter-query-neovim-270c7b4.drv'...
copying path '/nix/store/qkh1ys7rd8p000ib10issa7z31v4n5n6-gnome-keyring-48.0' from 'https://cache.nixos.org'...
building '/nix/store/z07s1jl8riq2mca5ml7dflr350pfj6ar-xserver.conf.drv'...
copying path '/nix/store/naj3q0aamkkvp7cfwa1faf0qjsfqf3cq-gtest-1.17.0' from 'https://cache.nixos.org'...
copying path '/nix/store/plw21ls21ivnlxdb2h2mb6ifixyrmb0m-icu4c-76.1' from 'https://cache.nixos.org'...
building '/nix/store/9dx6qvqbyimhp3i5dp0sghikd61rvzwb-xserver-wrapper.drv'...
copying path '/nix/store/9p9284fss90pqdihapcc90cwbambw7pa-gst-plugins-base-1.26.5-dev' from 'https://cache.nixos.org'...
copying path '/nix/store/dwfjip37ppw12d66wmf0cpcanl8mjfgn-ldacBT-2.0.2.3' from 'https://cache.nixos.org'...
copying path '/nix/store/g3gpq3jal6ffxsg226ncv8jp7i4q8amd-lerc-4.0.0' from 'https://cache.nixos.org'...
copying path '/nix/store/ydaxkydylfajbac043gr671ifsrglb3w-coreutils-9.9' from 'https://cache.nixos.org'...
copying path '/nix/store/7595dys7lzrbk91ffzkv36v05pzwbvmm-libapparmor-4.1.3' from 'https://cache.nixos.org'...
copying path '/nix/store/mvx85ifw3rmpyx2gy70zh08j11s7ki42-libayatana-indicator-0.9.4' from 'https://cache.nixos.org'...
copying path '/nix/store/xw3gl6m7c4aif5fm92hznacscva770r8-libcanberra-0.30' from 'https://cache.nixos.org'...
copying path '/nix/store/4n47hiphq73clnl5b8ar7y0134khqq9z-libcap-2.77-lib' from 'https://cache.nixos.org'...
building '/nix/store/4adlq9mx28s5mxy9p9xywa0l3yphpggk-flatpak-managed-install.drv'...
copying path '/nix/store/88f0773q6nmjq48rgph995avahin9mgy-libcap-2.77-lib' from 'https://cache.nixos.org'...
copying path '/nix/store/94ws9ldnj5m06gfl5bxyav9sspfc8wj4-libcap-ng-0.8.5' from 'https://cache.nixos.org'...
copying path '/nix/store/zlyfd2rpsmhgdzwjsmw3jhgwzqfp94j5-libcbor-0.13.0' from 'https://cache.nixos.org'...
building '/nix/store/mfk01znhp84jxy3yk0psqb3vzls9m20r-unit-flatpak-managed-install.service.drv'...
copying path '/nix/store/vdzhhkz73yvs23wrdsih93csssslajf0-libconfig-1.8' from 'https://cache.nixos.org'...
copying path '/nix/store/hiwgmi3l9zw5pqpva42nhjcz1062nydh-abseil-cpp-20250814.1' from 'https://cache.nixos.org'...
copying path '/nix/store/smc960cvc41gny7i611y7xh14d4hryy3-libdaemon-0.14' from 'https://cache.nixos.org'...
building '/nix/store/llk2lg33lly425lpq684arwdfxv1jjq4-login.pam.drv'...
building '/nix/store/fy2d2hy9m8rqi1ywzpqs5n3spj66j6ix-ly.pam.drv'...
copying path '/nix/store/pgwvygcr0cs1mk1v3a217bzbwhxsdriw-libdbusmenu-gtk3-16.04.0' from 'https://cache.nixos.org'...
copying path '/nix/store/v8m20hgfffpsc1i7v370v5r2v5djwrm8-libdatrie-2019-12-20-lib' from 'https://cache.nixos.org'...
copying path '/nix/store/5pqp6qfmn5w0jv0ky71jh9w6bjxf3cbf-libdeflate-1.25' from 'https://cache.nixos.org'...
copying path '/nix/store/1mcyspf44w0nn5i8dk7rcabgaczgwkaw-libdecor-0.2.5' from 'https://cache.nixos.org'...
copying path '/nix/store/fdr9kzr6fcijh15z0sprhcas9bd06wlj-libffi-3.5.2' from 'https://cache.nixos.org'...
copying path '/nix/store/r56drw4bs34975wj160ck94p5dx6bins-libevent-2.1.12' from 'https://cache.nixos.org'...
copying path '/nix/store/4c2sqw1ig2mzilf005k8cfgscf92krxd-libebur128-1.2.6' from 'https://cache.nixos.org'...
copying path '/nix/store/zs3w55yk1wadgg6jjl6vfmqs7k3bjdqr-audit-4.1.2-unstable-2025-09-06-lib' from 'https://cache.nixos.org'...
copying path '/nix/store/wd06rabsc9h77cpjnd0c3iwjb01bfsi8-libfreeaptx-0.2.2' from 'https://cache.nixos.org'...
copying path '/nix/store/1f1a58gybrplapymh7kp83ccdgxf3hqx-libgpg-error-1.55' from 'https://cache.nixos.org'...
copying path '/nix/store/jm2l7aspiwnzyn6jfy0y6b5dgyz24vaj-libjpeg-turbo-3.1.3' from 'https://cache.nixos.org'...
copying path '/nix/store/8712h4z0zbp62xl8jn8jgxbs0m0x7pab-liblc3-1.1.3' from 'https://cache.nixos.org'...
copying path '/nix/store/1g7lg4r71lcma1r9y19n6ckb4a5ldpmv-liblqr-1-0.4.2-dev' from 'https://cache.nixos.org'...
copying path '/nix/store/3h9kqgnxzw3rvrwiyr5c63gy82d75bvn-libmad-0.15.1b' from 'https://cache.nixos.org'...
copying path '/nix/store/nlfgz0syqwpjhjdgvy32ghabq64zv15v-libdecor-0.2.5-dev' from 'https://cache.nixos.org'...
copying path '/nix/store/dknmwcw063jn8k0kpd6sf3h61f1zh9cg-libmpg123-1.33.4' from 'https://cache.nixos.org'...
copying path '/nix/store/z4jfmj3q1jhwnidbwgk5qfk3k5cj5mg0-libogg-1.3.6' from 'https://cache.nixos.org'...
copying path '/nix/store/gbc0c42w58q718rx3j2fr25lslrjiy26-libopus-1.5.2' from 'https://cache.nixos.org'...
copying path '/nix/store/d3z2mb1hqk0pmzal1i07bra1gwnj4k52-libpng-apng-1.6.53-dev' from 'https://cache.nixos.org'...
building '/nix/store/qymdqswjmvlhl5nddc034ry47m1n06xb-xwayland-24.1.9.drv'...
copying path '/nix/store/zb7fh68jcl57h4hk8vnwagsy0rjridb6-libraw1394-2.1.2' from 'https://cache.nixos.org'...
copying path '/nix/store/jn4fp2yllvk2sb6ramws17zkmbv28hh8-libsamplerate-0.2.2' from 'https://cache.nixos.org'...
copying path '/nix/store/8hgcmhkva21s9xwr6clfzh28p6mfx643-libpsl-0.21.5' from 'https://cache.nixos.org'...
copying path '/nix/store/f8fihm727s6gqp73ibv7lm3aib51nkbf-libseccomp-2.6.0-lib' from 'https://cache.nixos.org'...
copying path '/nix/store/h127685sdq4rr8z0kw896qbbdgvgx69c-libsigc++-2.12.1' from 'https://cache.nixos.org'...
copying path '/nix/store/643rn3lq1axjk720v5zcjcs2l4ymbd8s-libayatana-appindicator-0.5.92' from 'https://cache.nixos.org'...
copying path '/nix/store/8bin7pijx4idiqhp3kslw2m36395xpw3-libassuan-3.0.2' from 'https://cache.nixos.org'...
copying path '/nix/store/v8gn8idrfczxfnv3ac4vq8hv32qc9mfb-libgcrypt-1.11.2-lib' from 'https://cache.nixos.org'...
copying path '/nix/store/v8b539h3qybp0pg7rsqaknf4lff65y50-flac-1.5.0' from 'https://cache.nixos.org'...
copying path '/nix/store/mh9ckwwlxrhr4jmyk5bpkvri0p6j6rzq-libspectre-0.2.12' from 'https://cache.nixos.org'...
copying path '/nix/store/bld38n36kd9j12gb4jnwnakqa4spw5y9-libtasn1-4.21.0' from 'https://cache.nixos.org'...
copying path '/nix/store/9p97ng3k1zb26gwn4hgak9kvhx9zhb89-libavc1394-0.5.4' from 'https://cache.nixos.org'...
copying path '/nix/store/br130wj3ym9b3a7xsg0aqvbya3z6hbfi-libiec61883-1.2.0' from 'https://cache.nixos.org'...
copying path '/nix/store/p90727ai44dcg0pdip6dmadqsb7gnm0l-libthai-0.1.30' from 'https://cache.nixos.org'...
copying path '/nix/store/abx7wkcrkwr03lijgxdf06fxj17947jr-libtheora-1.2.0' from 'https://cache.nixos.org'...
copying path '/nix/store/d4i1vzn8wsna9rjcc2h55qcsnd8mg815-freetype-2.13.3-dev' from 'https://cache.nixos.org'...
copying path '/nix/store/4ndhnsp212zd65c80yvs9dvyhdkxndj7-gdk-pixbuf-2.44.4-dev' from 'https://cache.nixos.org'...
copying path '/nix/store/wrnb8ichqvbb4l8mdl0pvww4akpzm5wn-libtool-2.5.4-lib' from 'https://cache.nixos.org'...
copying path '/nix/store/w19cbfl4qsa6sm148qdf97khbmv0bwsc-libuv-1.51.0' from 'https://cache.nixos.org'...
copying path '/nix/store/afspiphphxzdpb62zfzlrl6rjazh27sw-libvmaf-3.0.0' from 'https://cache.nixos.org'...
copying path '/nix/store/zd7qfyf5y34nhsbrx22bah3hs87vy3nj-libvorbis-1.3.7' from 'https://cache.nixos.org'...
copying path '/nix/store/xmwhlasa90ygzwz73857bc9ajzj9rkfj-libvpx-1.15.2' from 'https://cache.nixos.org'...
copying path '/nix/store/v1i06x5dcqndhbp11n2pklkkgv71z8a5-imlib2-1.12.5' from 'https://cache.nixos.org'...
copying path '/nix/store/zrc8kkyp4s9c0ik9bwsfc397n7jyrvyp-libxau-1.0.12' from 'https://cache.nixos.org'...
copying path '/nix/store/lzhicjpf5kilqrbdyzl743m3ag3xaiq4-libxcrypt-4.5.2' from 'https://cache.nixos.org'...
copying path '/nix/store/lk8zrf5p8phjrl2xyivqjkw2wlhmbj46-libxdmcp-1.1.5' from 'https://cache.nixos.org'...
copying path '/nix/store/ynmw47327pk86sw9xwg1dc33f7rk2jsj-libxml2-2.15.1' from 'https://cache.nixos.org'...
copying path '/nix/store/lz85nhjf0kig0x1bp3m1f0dsyhhb7dph-libyaml-0.2.5' from 'https://cache.nixos.org'...
copying path '/nix/store/mz43gzn51dnx3ivhk9y9d8kra8rq4bkm-lz4-1.10.0-lib' from 'https://cache.nixos.org'...
copying path '/nix/store/qxixlczzrpzhiqav44cy79kqkr22wn0r-lzo-2.10' from 'https://cache.nixos.org'...
copying path '/nix/store/q7kqw6kpkpwqlwi51lj4aih5rjb7g9n0-fontconfig-2.17.1-dev' from 'https://cache.nixos.org'...
copying path '/nix/store/h24xn1zgjwmhi885fzm17yygc3n08yqj-mbedtls-3.6.5' from 'https://cache.nixos.org'...
copying path '/nix/store/k7v2zw4iagq1aymp1n6crwmi1j11yjmw-mesa-25.3.4' from 'https://cache.nixos.org'...
copying path '/nix/store/mlissa4bdrvfa96nf38c7dp14aqhg07m-libxcb-1.17.0' from 'https://cache.nixos.org'...
copying path '/nix/store/h3p8665r7793226xs7719zqx0npqdidd-libsndfile-1.2.2' from 'https://cache.nixos.org'...
copying path '/nix/store/1qyxbfyq3v9p5h6md7avc2fygywwdl2h-libaom-3.12.1' from 'https://cache.nixos.org'...
copying path '/nix/store/lkr0a1ljvm7jb0xlpp38ibbwdycbzpn0-mpdecimal-4.0.1' from 'https://cache.nixos.org'...
copying path '/nix/store/bvk4cw5w1h1nw6fy1z7zn2hqkvcc6d2i-cairo-1.18.4-dev' from 'https://cache.nixos.org'...
copying path '/nix/store/mdl8844gk86mwmf7j13xiyip901ip731-libxft-2.3.9-dev' from 'https://cache.nixos.org'...
copying path '/nix/store/asvksps0m82rjl9q19h2vlj0f0006sr8-ncurses-6.6' from 'https://cache.nixos.org'...
copying path '/nix/store/acwk1mwpladznk7w39i8m4jbalh3qhcz-nettle-3.10.2' from 'https://cache.nixos.org'...
copying path '/nix/store/isma42iz2i3khgr8a08hr99p9s97aphw-nghttp2-1.67.1-lib' from 'https://cache.nixos.org'...
copying path '/nix/store/jk7jsl2p79dwb6i08rz8v64sf9hkx60r-nghttp3-1.13.1' from 'https://cache.nixos.org'...
copying path '/nix/store/yb87ps44prfgpc4l20fkycxnwwy3aap3-npth-1.8' from 'https://cache.nixos.org'...
copying path '/nix/store/0zx11al549bcccb1d2sxfj3h02qn4n34-libx11-1.8.12' from 'https://cache.nixos.org'...
copying path '/nix/store/ib3f46qp77hd358wgmhx4b3nslgrd507-nsxiv-33' from 'https://cache.nixos.org'...
copying path '/nix/store/r0z4vmnbirh6d37m7jcaknss7pbambnv-numactl-2.0.18' from 'https://cache.nixos.org'...
building '/nix/store/xmqc06xyvjjdqx2xl75f180kfc2nqi7p-tree-sitter-vim-neovim-270c7b4.drv'...
copying path '/nix/store/z8gxqy6izr08gxjv8x9v8j9vk8f0pbj7-librsvg-2.61.3-dev' from 'https://cache.nixos.org'...
building '/nix/store/mz2w6q8kavy3ryn72aw54immvf10hrr2-tree-sitter-vimdoc-neovim-270c7b4.drv'...
copying path '/nix/store/avvmwjxbl6y9y56fhxj2cimzahj69m8f-ocl-icd-2.3.4' from 'https://cache.nixos.org'...
copying path '/nix/store/dva6fsw0q0fhmdvr03g52wx827xir1nz-gnupg-2.4.8' from 'https://cache.nixos.org'...
copying path '/nix/store/4ipb7sljmq3l9nv8gp4i2cyy5y3xk33m-openapv-0.2.0.4' from 'https://cache.nixos.org'...
copying path '/nix/store/9zd86r5xpjqi8a71jaai5s4m870fybh8-openfec-1.4.2.12' from 'https://cache.nixos.org'...
copying path '/nix/store/5p8wam5mk45b3qfnbwh6f6409sawqqwx-libappimage-1.0.4-5' from 'https://cache.nixos.org'...
copying path '/nix/store/yb16bzvkdimkgczlw30pkhfxnzal26ks-openjdk-21.0.9+10' from 'https://cache.nixos.org'...
copying path '/nix/store/wdlsyifrp298fyhrvkpcbj37gx6mrlb9-openssl-3.6.0' from 'https://cache.nixos.org'...
copying path '/nix/store/8zc37g2h71a967axkamclv6p76wqj79s-librist-0.2.11' from 'https://cache.nixos.org'...
copying path '/nix/store/ibq9gfjx1546vdy4l2dvp358di5knx5x-lttng-ust-2.14.0' from 'https://cache.nixos.org'...
copying path '/nix/store/ac9j0ddlp9lkh1d0n49r552yim2lf5g7-orc-0.4.41' from 'https://cache.nixos.org'...
copying path '/nix/store/glhz7g6kwc68ps9bgprx6i3m6n5147qs-p11-kit-0.25.10' from 'https://cache.nixos.org'...
copying path '/nix/store/3rb207jds7cqrr59x8yi7h44d7q8s0hm-pango-1.57.0-dev' from 'https://cache.nixos.org'...
copying path '/nix/store/qxycw7zhsikdmcw2a32qh82knrhp6vk7-libxext-1.3.6' from 'https://cache.nixos.org'...
copying path '/nix/store/3ym7p3iq5pzxy22h47mqjglk0q083c73-libxfixes-6.0.2' from 'https://cache.nixos.org'...
copying path '/nix/store/7308acnwkyvsp3dz067hd908jmq7bm9v-libxrender-0.9.12' from 'https://cache.nixos.org'...
copying path '/nix/store/nhp0gsifhm8k8anm517m93jhdirm6j3p-pcre2-10.46' from 'https://cache.nixos.org'...
copying path '/nix/store/ds2ns68pz36zc8z8l0knwi0qqwhfdp4l-pcsclite-2.3.0-lib' from 'https://cache.nixos.org'...
copying path '/nix/store/051z7bznxhpsg36nchq4iwj99avh7az0-pixman-0.46.4' from 'https://cache.nixos.org'...
copying path '/nix/store/1j1mp72vcng3fciswcpa2xxq8yy230fq-python3.13-pygobject-3.54.5-dev' from 'https://cache.nixos.org'...
copying path '/nix/store/2s97cscan54qdj6s3370c7kdcmyrz6pw-libglvnd-1.7.0' from 'https://cache.nixos.org'...
copying path '/nix/store/mvs5mz1h19ix4ibs41i37gn6q5rk9a91-libxi-1.8.2' from 'https://cache.nixos.org'...
copying path '/nix/store/8cqqz0im1dah3q1mwzl1bqgpf8byx21b-libxv-1.0.13' from 'https://cache.nixos.org'...
copying path '/nix/store/41hgb9w2zavj8mdlxg9hizqxvvg28w6k-qrencode-4.1.1' from 'https://cache.nixos.org'...
copying path '/nix/store/kavwy4v9p1jhf952dzipkjj5l1hjx110-qtbase-6.10.1' from 'https://cache.nixos.org'...
copying path '/nix/store/wv78n63fwskc5y2cx58dwmz1z7p5r73w-readline-8.3p3' from 'https://cache.nixos.org'...
copying path '/nix/store/1djps7i3ma24r8kd6vj09h1hxvkvfpr4-python3.13-dasbus-unstable-11-10-2022' from 'https://cache.nixos.org'...
copying path '/nix/store/b1djx90jj890xay58sacnl4zzg5jvyd4-rustc-1.92.0' from 'https://cache.nixos.org'...
copying path '/nix/store/k490s4vkdj7azhkdpamdljhj8rb4p8lw-gtk+3-3.24.51-dev' from 'https://cache.nixos.org'...
copying path '/nix/store/c49skkp4s79kp4pq1a1ix348bxpvvmcv-sbc-2.1' from 'https://cache.nixos.org'...
copying path '/nix/store/w0bv1jdb3qac3nchaz9zv5frgbprl5a5-security-wrapper-gnome-keyring-daemon-x86_64-unknown-linux-musl' from 'https://cache.nixos.org'...
copying path '/nix/store/nrjhzm8skrx32a30bxfvfpgl401b5cs3-serd-0.32.6' from 'https://cache.nixos.org'...
copying path '/nix/store/2qhckfxmgxrvsrcsqlvkfvvwpx6j06bk-soxr-0.1.3' from 'https://cache.nixos.org'...
copying path '/nix/store/ld0l10m3h48xi8l35iq8s4bvd9sxzil9-speex-1.2.1' from 'https://cache.nixos.org'...
copying path '/nix/store/0avz46rqk7qnz0hs2kl7iyr8qi1bnhwp-libselinux-3.8.1' from 'https://cache.nixos.org'...
copying path '/nix/store/s4qslgw88yya45kiy3bqhldigvzjf5hc-speexdsp-1.2.1' from 'https://cache.nixos.org'...
building '/nix/store/6y7lyalq650bkbwar2r6yl266rdbimfr-unit-script-suid-sgid-wrappers-start.drv'...
copying path '/nix/store/cq3h7nri0wjy6rr5d1siy42syzi7x8n1-sratom-0.6.20' from 'https://cache.nixos.org'...
building '/nix/store/7l00wjd8f5hvbpkj79k5ryi0my311hid-unit-suid-sgid-wrappers.service.drv'...
copying path '/nix/store/4mz5ymdpig3v62rd2rlggpzs8wxyr1cj-svt-av1-3.1.2' from 'https://cache.nixos.org'...
copying path '/nix/store/q0w444v7z1xbl7lc9npfskhn9s87saw5-tremor-unstable-2018-03-16' from 'https://cache.nixos.org'...
copying path '/nix/store/qls65jsvvpwghgax4k8a1670xmyarg7h-unbound-1.24.2-lib' from 'https://cache.nixos.org'...
copying path '/nix/store/8zzhb7cv1pnl68zmil841azrhj8gwy6c-util-linux-minimal-2.41.3-lib' from 'https://cache.nixos.org'...
copying path '/nix/store/da2814jwk4cbx5p6jc914xas58apz5v4-util-linux-minimal-2.41.3-login' from 'https://cache.nixos.org'...
copying path '/nix/store/jcslxajb2zyfv7zy7hlgjzsalzvm41dm-lilv-0.26.0' from 'https://cache.nixos.org'...
copying path '/nix/store/h1z614k869g68xriiahg4nzcybng2i91-krb5-1.22.1-lib' from 'https://cache.nixos.org'...
copying path '/nix/store/0j247ywaf8lvgrlqxrp0l4b2z6m8p2g4-libtpms-0.10.2' from 'https://cache.nixos.org'...
copying path '/nix/store/lzhn45ygs3l4xrqix82didml24rh61v9-ngtcp2-1.18.0' from 'https://cache.nixos.org'...
copying path '/nix/store/d90d7a3zdnh78pakayfqpjz9dz7cpaii-opusfile-0.12' from 'https://cache.nixos.org'...
copying path '/nix/store/qwdalwnim0r01i2w79v0xlwsrih7pld9-srt-1.5.4' from 'https://cache.nixos.org'...
copying path '/nix/store/1nmvjgxcv1fhfikjinaazn9lhj8pa19r-systemd-minimal-libs-258.3' from 'https://cache.nixos.org'...
copying path '/nix/store/rmci025cgy06wazg76wrqkx79qymc4pn-vid.stab-1.1.1-unstable-2025-08-21' from 'https://cache.nixos.org'...
copying path '/nix/store/rkpj6q0d0gk83qhx5xk0gcxx5ibwd7yz-vulkan-loader-1.4.335.0' from 'https://cache.nixos.org'...
copying path '/nix/store/md1l6kx9zxbkzr7dr8c1clrcr1skvn1f-util-linux-minimal-2.41.3-mount' from 'https://cache.nixos.org'...
copying path '/nix/store/ijg07xxlr7iyvzbdbdcs9fdy6fz05byz-util-linux-minimal-2.41.3-swap' from 'https://cache.nixos.org'...
copying path '/nix/store/2l5c0z7klb8mf46di856zn03dkzmi0h5-wavpack-5.8.1' from 'https://cache.nixos.org'...
copying path '/nix/store/dd57qr4vc8i0qsr07p4qaa3fy20c0x6y-wayland-1.24.0' from 'https://cache.nixos.org'...
copying path '/nix/store/xxl9pgqn8mprzqzh3bxxwnvm4grzc8zp-webrtc-audio-processing-2.1' from 'https://cache.nixos.org'...
copying path '/nix/store/zy44grdwps4d7mg5b2h1qi7mb7kf5kss-x264-0-unstable-2025-01-03-lib' from 'https://cache.nixos.org'...
building '/nix/store/vg9b399g8dagq31da2jqs5rxkfp1r85v-cloudflare-warp-2025.10.186.0.drv'...
copying path '/nix/store/wygxw24i0ybcnwc2di3xvdsszwzl2yks-wrap-gapps-hook' from 'https://cache.nixos.org'...
copying path '/nix/store/gqx8f1h11fj0igp4cfvzhybmwak9qxzx-x265-4.1' from 'https://cache.nixos.org'...
copying path '/nix/store/79zywsp9i2izci9hzap2bqlka97j1vvj-xvidcore-1.3.7' from 'https://cache.nixos.org'...
copying path '/nix/store/8rwcdrgrggvizqmbjdjybnj3y24v4b7a-xwayland-24.1.9' from 'https://cache.nixos.org'...
copying path '/nix/store/f4jnyjgx6mj2cdj45xrm82vrrar48lni-xz-5.8.2' from 'https://cache.nixos.org'...
building '/nix/store/wgjbr37pci3n3frnjadsahdncgxac8kq-rofi-2.0.0.drv'...
copying path '/nix/store/6icm63ilb68wqkmc6352ajikrzdh7yjs-zathura-0.5.14-bin' from 'https://cache.nixos.org'...
copying path '/nix/store/n0j4dszz7zf873ijyl04qbgzm46jw24v-zathura-cb-0.1.12' from 'https://cache.nixos.org'...
copying path '/nix/store/lqhm0w9xjfyjr1iv011g0h29n8y4wggk-zathura-djvu-0.2.11' from 'https://cache.nixos.org'...
copying path '/nix/store/dn97wr9pkd2fp0bfy40bb3pci4hfafnf-libusb-1.0.29' from 'https://cache.nixos.org'...
copying path '/nix/store/ihnqap8hgvrz89v24rgsz2xw4qlk6qfd-linux-pam-1.7.1' from 'https://cache.nixos.org'...
copying path '/nix/store/w73dshfac6drgmbr9nfy3jdvfldinzw7-lvm2-2.03.38-lib' from 'https://cache.nixos.org'...
copying path '/nix/store/ryi5prk34ggwdl0l93622zz1zvczd43d-v4l-utils-1.32.0' from 'https://cache.nixos.org'...
copying path '/nix/store/jfhr8c6wmp4w9hli7p11sjkz3l439ygv-zathura-pdf-mupdf-0.4.6' from 'https://cache.nixos.org'...
copying path '/nix/store/1yk0bbi0zxjk39dzljf51crrmqd8067i-libunwind-1.8.3' from 'https://cache.nixos.org'...
copying path '/nix/store/gnwx72wdz0vd91bkb6qgrlxipbh3141d-zathura-ps-0.2.9' from 'https://cache.nixos.org'...
copying path '/nix/store/j8dlphwn01876lyynng60kqqbwj8568v-zimg-3.0.6' from 'https://cache.nixos.org'...
copying path '/nix/store/bmrymzffyapi12z4595ilvp1b18h94jz-zathura-0.5.14-dev' from 'https://cache.nixos.org'...
copying path '/nix/store/0pmj9xymrzsyq53i2cpkf3w2x18szqcy-zix-0.6.2' from 'https://cache.nixos.org'...
copying path '/nix/store/hf9s3r3fwv7m8dqm50ggrhrfymx8nn8r-zlib-1.3.1' from 'https://cache.nixos.org'...
copying path '/nix/store/p1zfb9clqx3gify3c3sxw74srcw02mal-zsh-5.9-doc' from 'https://cache.nixos.org'...
copying path '/nix/store/szplbyp0kldwdwka1qnjvhhx2scv02xc-zsh-5.9-info' from 'https://cache.nixos.org'...
copying path '/nix/store/47drb11y4yvdy9rh6lipacb6inckq9rf-cryptsetup-2.8.3' from 'https://cache.nixos.org'...
building '/nix/store/d2498p1ddr76714cmj629cw5jph13cwa-zathura-with-plugins-0.5.14.drv'...
copying path '/nix/store/csi9z3npdq5wmjffqhh2zmfqmw5x53m1-zsh-5.9-man' from 'https://cache.nixos.org'...
copying path '/nix/store/i6pik7l8dr9kzrkg5rlnl8rhp03mq0h5-zstd-1.5.7' from 'https://cache.nixos.org'...
copying path '/nix/store/8p25dmhc71km8cnxk7gdfpqbr8aihx0p-zstd-1.5.7-bin' from 'https://cache.nixos.org'...
copying path '/nix/store/xaswxdbg21sc7fvbpys3bi7xpvj33q2m-wlroots-0.19.2' from 'https://cache.nixos.org'...
copying path '/nix/store/acr21y7n76kqb8v1d7kavd0bzlw6gb34-sord-0.16.20' from 'https://cache.nixos.org'...
copying path '/nix/store/3mlz3lcs2gyi2kgpvk1iysh5lwpy86gx-cracklib-2.10.3' from 'https://cache.nixos.org'...
copying path '/nix/store/nix8y90pr8p4bz62skd1j571afg2n1c2-file-5.45' from 'https://cache.nixos.org'...
copying path '/nix/store/13n0fm8mj507m37r2x6bhzlp76d9zpq0-glib-2.86.3' from 'https://cache.nixos.org'...
copying path '/nix/store/shw0im75hnjwgdhmd4ldkhww2y3bjgbv-gnutls-3.8.11' from 'https://cache.nixos.org'...
copying path '/nix/store/bn4x6akaaav4c3a0kb2hpap2mcsh5f5r-libfido2-1.16.0' from 'https://cache.nixos.org'...
copying path '/nix/store/scxj5i21qayxc0zhyx7ia3g60kdgkqx7-libmysofa-1.3.3' from 'https://cache.nixos.org'...
copying path '/nix/store/g9x1gjyny102nbbsy29snf4l78gaia57-kbd-2.9.0' from 'https://cache.nixos.org'...
copying path '/nix/store/bvgf277jb0f9a6qdsfb033qbv7kdk146-kexec-tools-2.0.32' from 'https://cache.nixos.org'...
copying path '/nix/store/v75dxhj91kr45vnfx3j0mkh1zkj660c8-kmod-31' from 'https://cache.nixos.org'...
copying path '/nix/store/8x0qyn6z9sz98sv2sy5q678sqxrzf1kc-kmod-31-lib' from 'https://cache.nixos.org'...
building '/nix/store/dzw1rwwqpri1d1l1mzahsi0vjzasb314-unit-cloudflare-warp.service.drv'...
copying path '/nix/store/b6lw6dv1lsmdf6inb28qqlp6z21s2gzl-libarchive-3.8.4-lib' from 'https://cache.nixos.org'...
copying path '/nix/store/kzry5ssja1dba10jqm3i1j201gbgg52w-libpciaccess-0.18.1' from 'https://cache.nixos.org'...
copying path '/nix/store/am8savd02i2vdlwvp1cp3zfiqp7mwfgx-libpwquality-1.4.5-lib' from 'https://cache.nixos.org'...
copying path '/nix/store/s15z7c2r3hy8cx3dbwj4l5cmdc6x70z5-libssh-0.11.3' from 'https://cache.nixos.org'...
copying path '/nix/store/kwi3qw3fzkswf8ai6gx696226jmhj4d4-libpng-apng-1.6.53' from 'https://cache.nixos.org'...
copying path '/nix/store/mw52whcgj1206np5db37c30z30r8savw-alsa-ucm-conf-1.2.15.1' from 'https://cache.nixos.org'...
copying path '/nix/store/q870bxsfwnh35k4bsagx1ygc2y2l6qb7-libdrm-2.4.131' from 'https://cache.nixos.org'...
copying path '/nix/store/4p5b5wbasrr6lkmf0wn4r0054zbfxf57-libssh2-1.11.1' from 'https://cache.nixos.org'...
copying path '/nix/store/zraz0iizpgr5cwhcghwd32sw29a6rk91-libmicrohttpd-1.0.2' from 'https://cache.nixos.org'...
copying path '/nix/store/cv75kmxbzj3rnwqp7ykqvf7jr59rk5cg-freetype-2.13.3' from 'https://cache.nixos.org'...
copying path '/nix/store/wrgy36xrvz65p65d4pmijhgx9djp97m4-libwebp-1.6.0' from 'https://cache.nixos.org'...
copying path '/nix/store/id0rgyh63fkf3b1mcn5z9pighkql5fj8-man-db-2.13.1' from 'https://cache.nixos.org'...
copying path '/nix/store/rkvxidh3nmbc67fx9hh77h6yl5134jnx-sqlite-3.51.2' from 'https://cache.nixos.org'...
copying path '/nix/store/xl2lmlp63py1brva43d06xdcq84wjgmp-sratom-0.6.20' from 'https://cache.nixos.org'...
copying path '/nix/store/5m92vqp4anp30sh0dv756534wzbb4kfm-alsa-lib-1.2.15.1' from 'https://cache.nixos.org'...
copying path '/nix/store/h7cv71wa1azl35ngkjhnchzn9i0j3i7v-libva-minimal-2.23.0' from 'https://cache.nixos.org'...
copying path '/nix/store/ybmay53wsznxix4vs7gbwn36mylvhyk2-curl-8.17.0' from 'https://cache.nixos.org'...
copying path '/nix/store/v33c0cxgi3qf53i26a31cz8cds9qh8f9-sway-unwrapped-1.11' from 'https://cache.nixos.org'...
copying path '/nix/store/9nx1m5yw3j4vqdg13b7hyy15q75b159v-libtiff-4.7.1' from 'https://cache.nixos.org'...
copying path '/nix/store/18yzi8s1yqls4629fcgd9wbdg7pimx4w-lilv-0.26.0' from 'https://cache.nixos.org'...
copying path '/nix/store/iid43jsrfv55yynkmbxv4jb6g76g5adx-systemd-minimal-258.3' from 'https://cache.nixos.org'...
copying path '/nix/store/0yz8kdingsy1k3wcazsy9ikkqgklvnqg-fontconfig-2.17.1-lib' from 'https://cache.nixos.org'...
copying path '/nix/store/8ph5vvfc6xj91n97arfmi961xzpacpqy-nixos-option' from 'https://cache.nixos.org'...
copying path '/nix/store/9zbb8hwx76m2cky1452dwam5vlpmax81-dconf-0.49.0-lib' from 'https://cache.nixos.org'...
copying path '/nix/store/wkjidk4l1kby4s13ygvr58dg1hkv86df-glibmm-2.66.8' from 'https://cache.nixos.org'...
copying path '/nix/store/w18g7xgbmnz5hfvw2n26r5nkpcr80d0q-graphene-1.10.8' from 'https://cache.nixos.org'...
copying path '/nix/store/6b77klai3fz791xa2x2hpblxndvdv36i-elfutils-0.194' from 'https://cache.nixos.org'...
copying path '/nix/store/gxm0yny0h4h24habkz8wymwfbvdaaq2j-harfbuzz-12.3.0' from 'https://cache.nixos.org'...
copying path '/nix/store/wy45lifncys94q7hzqyi73gnydin1yhb-libical-3.0.20' from 'https://cache.nixos.org'...
copying path '/nix/store/g54kciimwn95ivcw7npkdqfqm92i4g3g-libwebp-1.6.0' from 'https://cache.nixos.org'...
copying path '/nix/store/rdbzkm6cm2n373xnbhpwv50b7pijgw46-cairo-1.18.4' from 'https://cache.nixos.org'...
copying path '/nix/store/5h5k9rhp0f20yga1q29c2pfb8ybbljy2-libbluray-1.4.0' from 'https://cache.nixos.org'...
copying path '/nix/store/pl3q2cb0487d03nn1bdm9v2f2ddh1mhg-libxft-2.3.9' from 'https://cache.nixos.org'...
copying path '/nix/store/a9j10r9y9z1h97dpv2p08dd12q3l087r-libxml++-3.2.5' from 'https://cache.nixos.org'...
copying path '/nix/store/fgiylrqsydswlyjkxm7gnn5dd5asgkxm-openjpeg-2.5.4' from 'https://cache.nixos.org'...
copying path '/nix/store/pjrbl6x1dax9m7cnsrd1q5m8mhzg8s2z-python3-3.13.11' from 'https://cache.nixos.org'...
copying path '/nix/store/psqm7w1dmpnhnilnf17cgs10yzzzz2f5-libbpf-1.6.2' from 'https://cache.nixos.org'...
copying path '/nix/store/jd6qs9fhyqv61qk3sw3vl4yl6nbkar9p-tpm2-tss-4.1.3' from 'https://cache.nixos.org'...
copying path '/nix/store/6d8mdzfa12c65rvl5p61sci0hwhqnh2b-w3m-0.5.5' from 'https://cache.nixos.org'...
copying path '/nix/store/jqg7km1ki8in7njqn4q0095p10w8fgm0-zstd-1.5.7-dev' from 'https://cache.nixos.org'...
copying path '/nix/store/hkar2gyhqr7dh1k8qzpqkybvjv2xadcd-libass-0.17.4' from 'https://cache.nixos.org'...
copying path '/nix/store/y6za0g0q8zrk2gbixwaibfx91j1qwa39-ffado-2.4.9' from 'https://cache.nixos.org'...
copying path '/nix/store/yb1cl882653q60bb6i8mcfwnja6zpd43-pango-1.57.0' from 'https://cache.nixos.org'...
copying path '/nix/store/gy73p60881n9nagq7grffjgy4ycw9a85-curl-8.17.0-dev' from 'https://cache.nixos.org'...
copying path '/nix/store/9cyx2v23dip6p9q98384k9v06c96qskb-nodejs-24.13.0' from 'https://cache.nixos.org'...
copying path '/nix/store/q8x9sh3hgsll5yd4zvava094gg70r7g6-zstd-1.5.7-man' from 'https://cache.nixos.org'...
copying path '/nix/store/pj6ixbvy24gfsb68p7i0214dgwnwm3lf-imagemagick-7.1.2-12-dev' from 'https://cache.nixos.org'...
copying path '/nix/store/b384np87slq2n0qyf5fd0q0gpgs0gfr2-systemd-258.3' from 'https://cache.nixos.org'...
copying path '/nix/store/48z9qawj23mqbbrgblx863xyvy922sb6-zvbi-0.2.44' from 'https://cache.nixos.org'...
copying path '/nix/store/l275fbscpx37cin1vh5myidqb79xg7rh-dbus-1.14.10-lib' from 'https://cache.nixos.org'...
copying path '/nix/store/a5ja832zkrdbwcisgpngrvf19hx00875-zvbi-0.2.44' from 'https://cache.nixos.org'...
copying path '/nix/store/1sc7rni0f7vkvbkf3nfjz8gfx6ildqkv-zxing-cpp-2.3.0' from 'https://cache.nixos.org'...
building '/nix/store/61m1bac79l636bwfz38p9qi72mj5fjba-nixos-help.drv'...
building '/nix/store/96nhxvhhfha9qibamyi80awpj33jbyx3-sway.drv'...
building '/nix/store/58g6v0r4naxrblk3i5n4qb4d1s7adjm0-nixos-help.drv'...
building '/nix/store/d3fp4qfc419kzsrqsh60rp9rma1rb9yk-sway-1.11.drv'...
copying path '/nix/store/4sacismd3smdsgknas464qz345gdi5m3-avahi-0.8' from 'https://cache.nixos.org'...
copying path '/nix/store/qnx4i9cn11wbk4rd9wk32c461q86jg1g-bluez-5.84' from 'https://cache.nixos.org'...
copying path '/nix/store/l1lbly9k00bia2fimr965jc3n21bmhj6-ffmpeg-8.0.1-lib' from 'https://cache.nixos.org'...
copying path '/nix/store/47nkmzf3kdgi8812rzxa91kamzlh4lck-libjack2-1.9.22' from 'https://cache.nixos.org'...
copying path '/nix/store/7gzqzx2767cd4kc2ygcrsf4bhn5qp5gy-ffmpeg-headless-8.0.1-lib' from 'https://cache.nixos.org'...
copying path '/nix/store/lyxzpi9dypa327k451i9an6n90ybjssl-libpulseaudio-17.0' from 'https://cache.nixos.org'...
building '/nix/store/05wd79i2z7h1k4awvrwk67nlla6f2jgz-desktops.drv'...
copying path '/nix/store/zkli71r0hpsqzch59xjqwfwqr5w98sp0-attica-6.22.0' from 'https://cache.nixos.org'...
building '/nix/store/i9qxw6hvax528c1i8aiijghs0c6xjv97-config.ini.drv'...
copying path '/nix/store/nwyp500jdcnlylbfaxapm5jb6r0cwypn-breeze-icons-6.22.0' from 'https://cache.nixos.org'...
copying path '/nix/store/5595a85mb88v5r5iasl43dx4lr6qbm0d-karchive-6.22.0' from 'https://cache.nixos.org'...
copying path '/nix/store/bx23lmp4har5ih2xgmzyp4xmba0r5682-kcodecs-6.22.0' from 'https://cache.nixos.org'...
copying path '/nix/store/lvrhyd034rz125dshgwzai71nrfa43hm-attica-6.22.0-dev' from 'https://cache.nixos.org'...
copying path '/nix/store/l07jnn5qrmhbh1b4y1829s3rlgpibskr-kdegraphics-mobipocket-25.12.1' from 'https://cache.nixos.org'...
copying path '/nix/store/l4zyjsbwn8bj455qzpkrzz3mp1vl4h7m-kcodecs-6.22.0-dev' from 'https://cache.nixos.org'...
copying path '/nix/store/ydf1brdzwazm7v2inwzdci1impbzzjvb-karchive-6.22.0-dev' from 'https://cache.nixos.org'...
copying path '/nix/store/sysrqb5l9syqfhzlwln4l9lk33z3q9ds-kdnssd-6.22.0' from 'https://cache.nixos.org'...
error: Cannot build '/nix/store/n1rphnj0y679gd6f2ldmcc8j1y94rfyv-v0.26.3.tar.gz.drv'.
       Reason: builder failed with exit code 1.
       Output paths:
         /nix/store/id42r7c3kr07yqgl15gbkjv1j9npx33r-v0.26.3.tar.gz
       Last 18 log lines:
       > structuredAttrs is enabled
       > warning: archives from GitHub revisions should use fetchFromGitHub
       >
       > trying https://github.com/tree-sitter/tree-sitter/archive/v0.26.3.tar.gz
       >   % Total    % Received % Xferd  Average Speed   Time    Time     Time  Current
       >                                  Dload  Upload   Total   Spent    Left  Speed
       >   0     0   0     0   0     0     0     0  --:--:--  0:00:10 --:--:--     0
       >   0     0   0     0   0     0     0     0  --:--:--  0:00:35 --:--:--     0curl: (6) SSL certificate OpenSSL verify result: unable to get local issuer certificate (20)
       > Warning: Problem : timeout. Will retry in 1 second. 3 retries left.
       >   0     0   0     0   0     0     0     0  --:--:-- --:--:-- --:--:--     0
       > curl: (6) Could not resolve host: codeload.github.com
       > Warning: Problem : timeout. Will retry in 2 seconds. 2 retries left.
       >   0     0   0     0   0     0     0     0  --:--:-- --:--:-- --:--:--     0
       > curl: (6) Could not resolve host: codeload.github.com
       > Warning: Problem : timeout. Will retry in 4 seconds. 1 retry left.
       >   0     0   0     0   0     0     0     0  --:--:-- --:--:-- --:--:--     0
       > curl: (6) Could not resolve host: codeload.github.com
       > error: cannot download v0.26.3.tar.gz from any mirror
       For full logs, run:
         nix log /nix/store/n1rphnj0y679gd6f2ldmcc8j1y94rfyv-v0.26.3.tar.gz.drv
error: Cannot build '/nix/store/bpmksg9zm2dw794z0hiy9k4jbygyzmnw-tree-sitter-bundled.drv'.
       Reason: 1 dependency failed.
       Output paths:
         /nix/store/dnv6gbbahj20r98hkc391vg9hrkjj7sr-tree-sitter-bundled
copying path '/nix/store/sb5d1lqshvfgp1ssykpnwq84czjdmmk8-kdsoap-2.2.0' from 'https://cache.nixos.org'...
error: Cannot build '/nix/store/z5hjkh6i3s8xx2dc40gi2gwzqybry8aj-neovim-unwrapped-270c7b4.drv'.
       Reason: 1 dependency failed.
       Output paths:
         /nix/store/8iqb11lrsdy73lvyhk4m48pklh23537d-neovim-unwrapped-270c7b4-debug
         /nix/store/p7a7gyxyfjsrq9kh91ghcdbl6kivhhg7-neovim-unwrapped-270c7b4
copying path '/nix/store/ap6jabcv06iqf4shwh2jzykpdiak54n5-libao-1.2.2' from 'https://cache.nixos.org'...
error: Cannot build '/nix/store/cdghrva0i9wwbadkskisylc595aj743x-system-path.drv'.
       Reason: 1 dependency failed.
       Output paths:
         /nix/store/19m2gxds60n77kv9dgjr20g28b5830bf-system-path
copying path '/nix/store/3yy8p6qvpyikrl4ic45ld09zvwm81wxd-mpg123-1.33.4' from 'https://cache.nixos.org'...
error: Cannot build '/nix/store/gngk80bkq5qml015ahgcy0l6s0l0m8g7-nixos-system-nixos-26.05.20260126.bfc1b8a.drv'.
       Reason: 1 dependency failed.
       Output paths:
         /nix/store/cjlf1vqlwa765j832pd36735j2liww12-nixos-system-nixos-26.05.20260126.bfc1b8a
Command 'nix --extra-experimental-features 'nix-command flakes' build --print-out-paths '/home/chetan/nixdot/#nixosConfigurations."aeldari".config.system.build.toplevel' --no-link' returned non-zero exit status 1.
